id,uuid,observed_on_string,observed_on,time_observed_at,time_zone,user_id,user_login,user_name,created_at,updated_at,quality_grade,license,url,image_url,sound_url,tag_list,description,num_identification_agreements,num_identification_disagreements,captive_cultivated,oauth_application_id,place_guess,latitude,longitude,positional_accuracy,private_place_guess,private_latitude,private_longitude,public_positional_accuracy,geoprivacy,taxon_geoprivacy,coordinates_obscured,positioning_method,positioning_device,place_town_name,place_county_name,place_state_name,place_country_name,place_admin1_name,place_admin2_name,species_guess,scientific_name,common_name,iconic_taxon_name,taxon_id
3916,0df2c9db-645d-4044-810e-4ebc7fbaffc3,2009-12-17,2009-12-17,,Central Time (US & Canada),325,gurushant,,2009-12-18 12:01:54 UTC,2017-02-17 20:45:10 UTC,casual,,http://www.inaturalist.org/observations/3916,,,,j,0,0,false,,"aundh, pune",18.5584316254,73.8213195801,,,,,,,,false,,,,Pune,Maharashtra,India,Maharashtra,Pune,lantana,Lantana camara,common lantana,Plantae,50333
29967,76a92184-1661-4c83-84c2-ef7c7b4c11a6,"August 21, 2011 11:13",2011-08-21,2011-08-21 05:43:00 UTC,Mumbai,1,kueda,Ken-ichi Ueda,2011-09-04 07:50:56 UTC,2020-01-15 22:53:53 UTC,research,CC0,http://www.inaturalist.org/observations/29967,https://inaturalist-open-data.s3.amazonaws.com/photos/52356/medium.jpg,,,Interesting South American plant that curls its leaves up when you touch them.  Growing everywhere in disturbed areas of Wayanad.,1,0,false,,"Chembra Peak, Wyanad, Kerala, India",11.555002,76.0891,,,,,31137,,open,false,,,,Wayanad,Kerala,India,Kerala,Wayanad,Sensitive Plant,Mimosa pudica,Sensitive Plant,Plantae,51921
80264,b99cb8ce-0a51-4907-be51-26f8e4ed6693,2012-05-10,2012-05-10,,Hawaii,6489,unnikrishnanpk,UNNI KRISHNAN.P.K. Edakkoly,2012-05-18 08:19:45 UTC,2023-01-26 01:42:38 UTC,research,CC-BY,http://www.inaturalist.org/observations/80264,https://static.inaturalist.org/photos/118290/medium.jpg,,,"The plant is a climber.It has yellow fruits,the size  of coffee beans.",2,0,false,,"Vagamon, Kottayam, Kerala, India",9.6921998315,76.8909072876,,,,,,,open,false,,,,Idukki,Kerala,India,Kerala,Idukki,skyflower,Duranta erecta,skyflower,Plantae,162153
117506,0a8a066c-fcdd-4b37-95df-3fd0a10c89b8,2012-08-01,2012-08-01,,Mumbai,8826,chiefredearth,Chief RedEarth,2012-08-29 08:01:17 UTC,2020-01-15 22:56:57 UTC,research,CC-BY-NC-ND,http://www.inaturalist.org/observations/117506,https://static.inaturalist.org/photos/167943/medium.JPG,,,,3,0,false,,vazhayila thiruvananthapuram,8.5465192,76.9743873,546,,,,546,,,false,,,,Thiruvananthapuram,Kerala,India,Kerala,Thiruvananthapuram,castor bean,Ricinus communis,castor bean,Plantae,56739
121838,33bacb1e-46e2-4f6d-877a-18be6a905053,2012-09-10,2012-09-10,,Mumbai,8826,chiefredearth,Chief RedEarth,2012-09-12 15:54:24 UTC,2018-04-02 05:26:48 UTC,research,CC-BY-NC-ND,http://www.inaturalist.org/observations/121838,https://static.inaturalist.org/photos/173857/medium.JPG,,,,2,0,false,,vazhayila thiruvananthapuram,8.5465192,76.9743873,546,,,,546,,,false,,,,Thiruvananthapuram,Kerala,India,Kerala,Thiruvananthapuram,water lettuce,Pistia stratiotes,water lettuce,Plantae,78589
124077,0fd81572-36c3-4b08-8978-fc29db25afb5,"September 15, 2012 07:54",2012-09-15,2012-09-15 02:24:00 UTC,Kolkata,8853,ivijayanand,Vijay Anand Ismavel,2012-09-17 12:43:49 UTC,2020-01-15 22:58:53 UTC,research,CC-BY-NC,http://www.inaturalist.org/observations/124077,https://inaturalist-open-data.s3.amazonaws.com/photos/176304/medium.jpg,,"Mimosa pudica, Touch-me-not, Makunda Flowers","Touch-me-not

Location: Makunda Christian Hospital campus, Karimganj District, Assam

Date: 16th September 2012

Equipment: Nikon D300s with Nikkor AF 28-105mm lens",1,0,false,,"Makunda Christian Hospital, Karimganj District, Assam",24.4320197,92.3306894,15808,,,,15808,,,false,,,,Karimganj,Assam,India,Assam,Karimganj,Mimosa pudica,Mimosa pudica,Sensitive Plant,Plantae,51921
141612,0ab68048-bbfa-4515-ad92-d0765d307590,2012-10-12,2012-10-12,,Mumbai,8826,chiefredearth,Chief RedEarth,2012-10-31 15:45:48 UTC,2020-03-08 20:05:10 UTC,research,CC-BY-NC-ND,http://www.inaturalist.org/observations/141612,https://static.inaturalist.org/photos/196185/medium.JPG,,,,1,0,false,,vazhayila thiruvananthapuram,8.5465192,76.9743873,546,,,,546,,,false,,,,Thiruvananthapuram,Kerala,India,Kerala,Thiruvananthapuram,Mimosa diplotricha,Mimosa diplotricha,giant false sensitive plant,Plantae,126584
143154,8d334438-80f2-43e3-b68d-a7508097e053,2012-10-21,2012-10-21,,Mumbai,8826,chiefredearth,Chief RedEarth,2012-11-03 14:44:33 UTC,2020-01-15 23:02:52 UTC,research,CC-BY-NC-ND,http://www.inaturalist.org/observations/143154,https://static.inaturalist.org/photos/198056/medium.jpg,,,,1,0,false,,Marthandam,8.3039099,77.2232709,2025,,,,2025,,,false,,,,Kanniyakumari,Tamil Nadu,India,Tamil Nadu,Kanniyakumari,skyflower,Duranta erecta,skyflower,Plantae,162153
143228,ae2b5fd0-d8d2-4981-8b77-ab8fdf9d1e4b,2012-10-27,2012-10-27,,Mumbai,8826,chiefredearth,Chief RedEarth,2012-11-03 17:34:41 UTC,2023-01-21 15:42:18 UTC,needs_id,CC-BY-NC-ND,http://www.inaturalist.org/observations/143228,https://static.inaturalist.org/photos/198178/medium.JPG,,,,1,0,false,,thiruvananthapuram,8.4874949,76.948623,17792,,,,17792,,,false,,,,Thiruvananthapuram,Kerala,India,Kerala,Thiruvananthapuram,Catclaw vine,Dolichandra unguis-cati,Catclaw vine,Plantae,584095
143246,5623f5ab-f859-42e4-a6f3-65de2575e5c3,2012-10-27,2012-10-27,,Mumbai,8826,chiefredearth,Chief RedEarth,2012-11-03 18:18:01 UTC,2017-04-04 09:25:05 UTC,casual,CC-BY-NC-ND,http://www.inaturalist.org/observations/143246,https://static.inaturalist.org/photos/198199/medium.JPG,,,,2,1,true,,thiruvananthapuram,8.4874949,76.948623,17792,,,,17792,,,false,,,,Thiruvananthapuram,Kerala,India,Kerala,Thiruvananthapuram,Surinam Cherry,Eugenia uniflora,Surinam cherry,Plantae,83642
144410,4787497e-09f7-4c5f-bde5-4c152eac2afc,2012-10-28,2012-10-28,,Mumbai,8826,chiefredearth,Chief RedEarth,2012-11-06 05:17:08 UTC,2020-01-15 23:03:37 UTC,research,CC-BY-NC-ND,http://www.inaturalist.org/observations/144410,https://static.inaturalist.org/photos/199561/medium.JPG,,,,1,0,false,,Vellayani Lake,8.4343549,76.9916675,3260,,,,3260,,,false,,,,Thiruvananthapuram,Kerala,India,Kerala,Thiruvananthapuram,Indian Heliotrope,Heliotropium indicum,Indian Heliotrope,Plantae,83492
147884,2a0d32c8-7b21-40f7-a92c-3bcaaa229b58,2012-11-10,2012-11-10,,Mumbai,8826,chiefredearth,Chief RedEarth,2012-11-14 04:17:50 UTC,2024-10-04 13:41:15 UTC,research,CC-BY-NC-ND,http://www.inaturalist.org/observations/147884,https://static.inaturalist.org/photos/203863/medium.JPG,,,,2,0,false,,Braemore kerala,8.7693341,77.0765927,1968,,,,1968,,,false,,,,Thiruvananthapuram,Kerala,India,Kerala,Thiruvananthapuram,Koster's curse,Miconia crenata,Koster's curse,Plantae,1293231
147995,a6a21765-b4f5-4bc2-8e96-5ab97c0130a9,2012-11-02,2012-11-02,,Mumbai,11087,sreejithrc,Sreejith Rc,2012-11-14 16:36:31 UTC,2020-06-11 19:48:47 UTC,needs_id,CC-BY-NC,http://www.inaturalist.org/observations/147995,https://static.inaturalist.org/photos/204016/medium.jpg,,,"saw the flower around 7 am at DEVARAYANA DURGA ,Tumkur District,Karnataka,India",1,0,false,,DEVARAYANA DURGA,13.3736776,77.2074614,1068,,,,1068,,open,false,,,,Tumkur,Karnataka,India,Karnataka,Tumkur,yellow trumpet flower,Tecoma stans,yellow trumpet flower,Plantae,48363
147996,5e21214b-a373-4216-b683-e14f9ab12748,2012-11-02,2012-11-02,,Mumbai,11087,sreejithrc,Sreejith Rc,2012-11-14 16:37:03 UTC,2020-01-06 20:19:21 UTC,needs_id,CC-BY-NC,http://www.inaturalist.org/observations/147996,https://static.inaturalist.org/photos/204017/medium.jpg,,,"saw the flower around 7 am at DEVARAYANA DURGA ,Tumkur District,Karnataka,India",1,0,false,,DEVARAYANA DURGA,13.3736776,77.2074614,1068,,,,1068,,,false,,,,Tumkur,Karnataka,India,Karnataka,Tumkur,morning-glories,Ipomoea hederifolia,scarlet creeper,Plantae,126300
222599,6c101c01-ae43-4736-a048-88a46ba6e793,2013-03-22,2013-03-22,,Mumbai,8826,chiefredearth,Chief RedEarth,2013-03-25 06:09:24 UTC,2024-04-17 17:04:55 UTC,casual,CC-BY-NC-ND,http://www.inaturalist.org/observations/222599,https://static.inaturalist.org/photos/280401/medium.jpg,,,,3,0,true,,Thiruvananthapuram,8.4874949,76.948623,16228,,,,16228,,,false,,,,Thiruvananthapuram,Kerala,India,Kerala,Thiruvananthapuram,flor de perro,Torenia fournieri,wishbone flower,Plantae,169793
236222,7a2814ac-738f-4e55-91aa-d9ed8c2cdfc4,2013-03-24,2013-03-24,,Mumbai,8826,chiefredearth,Chief RedEarth,2013-04-14 16:40:40 UTC,2024-09-17 07:49:09 UTC,research,CC-BY-NC-ND,http://www.inaturalist.org/observations/236222,https://static.inaturalist.org/photos/296350/medium.jpg,,"Red Brain Flower, Cockscombs, Celosia cristata",,2,0,false,,Thiruvananthapuram,8.4874949,76.948623,16228,,,,16228,,open,false,,,,Thiruvananthapuram,Kerala,India,Kerala,Thiruvananthapuram,Quail Grass,Celosia argentea,Quail Grass,Plantae,160259
241005,73ac87f6-8955-4586-ae76-86b4147ad123,,,,Eastern Time (US & Canada),13594,bheitzman,Bob Heitzman,2013-04-20 02:33:04 UTC,2017-03-05 02:01:21 UTC,casual,CC-BY-NC,http://www.inaturalist.org/observations/241005,https://inaturalist-open-data.s3.amazonaws.com/photos/301614/medium.jpg,,,"This tree was planted in the neighborhood where I was staying.

The flower's structure reminded me of that of the flowering vine Thumbergia.",3,0,true,,"Madhapur, Hyderabad, India",17.4411482,78.3910691,3823,,,,3823,,open,false,,,,Rangareddi,Telangana,India,Telangana,Ranga Reddy,Tronadora,Tecoma stans,yellow trumpet flower,Plantae,48363
242440,4a993d36-b7cd-43d7-9f8f-5b6986aaa4d6,2013-04-08,2013-04-08,,Mumbai,8826,chiefredearth,Chief RedEarth,2013-04-22 00:53:59 UTC,2020-12-14 05:31:28 UTC,research,CC-BY-NC-ND,http://www.inaturalist.org/observations/242440,https://static.inaturalist.org/photos/303212/medium.jpg,,,,2,0,false,,Thiruvananthapuram,8.4874949,76.948623,16228,,,,16228,,,false,,,,Thiruvananthapuram,Kerala,India,Kerala,Thiruvananthapuram,Tulipán africano,Spathodea campanulata,African tulip tree,Plantae,126566
244266,6895d867-7309-4504-91be-2c8684b39aca,2013-04-18,2013-04-18,,Mumbai,8826,chiefredearth,Chief RedEarth,2013-04-24 16:56:53 UTC,2024-01-27 20:06:20 UTC,research,CC-BY-NC-ND,http://www.inaturalist.org/observations/244266,https://static.inaturalist.org/photos/305486/medium.jpg,,,,3,0,false,,Meppady Wayanad india,11.560947,76.142161,1905,,,,1905,,,false,,,,Wayanad,Kerala,India,Kerala,Wayanad,Tropical Milkweed,Asclepias curassavica,tropical milkweed,Plantae,75602
244866,96af8a70-98bf-4bbf-98ba-0f6c058ea3eb,2013-04-19,2013-04-19,,Mumbai,8826,chiefredearth,Chief RedEarth,2013-04-25 15:52:30 UTC,2020-01-15 23:31:39 UTC,research,CC-BY-NC-ND,http://www.inaturalist.org/observations/244866,https://static.inaturalist.org/photos/306160/medium.jpg,,,,2,0,false,,Meppady Wayanad india,11.560947,76.142161,1905,,,,1905,,,false,,,,Wayanad,Kerala,India,Kerala,Wayanad,tropical soda-apple,Solanum viarum,tropical soda-apple,Plantae,169088
244871,6745a19e-f432-44a5-9e3a-d6825cb249c6,2013-04-19,2013-04-19,,Mumbai,8826,chiefredearth,Chief RedEarth,2013-04-25 16:05:53 UTC,2020-01-15 23:32:06 UTC,research,CC-BY-NC-ND,http://www.inaturalist.org/observations/244871,https://static.inaturalist.org/photos/306172/medium.jpg,,,,1,0,false,,Meppady Wayanad india,11.560947,76.142161,1905,,,,1905,,,false,,,,Wayanad,Kerala,India,Kerala,Wayanad,turkey berry (Solanum torvum),Solanum torvum,Turkey Berry,Plantae,63694
244915,5231618b-e518-4984-b804-1b414e309844,2013-04-19,2013-04-19,,Mumbai,8826,chiefredearth,Chief RedEarth,2013-04-25 17:12:14 UTC,2021-09-18 05:25:01 UTC,casual,CC-BY-NC-ND,http://www.inaturalist.org/observations/244915,https://static.inaturalist.org/photos/306237/medium.jpg,,,,1,0,true,,Meppady Wayanad india,11.560947,76.142161,1905,,,,1905,,,false,,,,Wayanad,Kerala,India,Kerala,Wayanad,Genus Ipomoea,Ipomoea indica,oceanblue morning glory,Plantae,77496
247455,4dc0eb14-129d-4593-b5fb-8f7ec89eb20e,2013-04-20,2013-04-20,,Mumbai,8826,chiefredearth,Chief RedEarth,2013-04-28 16:53:10 UTC,2020-01-15 23:34:25 UTC,research,CC-BY-NC-ND,http://www.inaturalist.org/observations/247455,https://static.inaturalist.org/photos/308937/medium.jpg,,,,3,0,false,,lakkidi wayanad,11.521877,76.024684,1536,,,,1536,,,false,,,,Wayanad,Kerala,India,Kerala,Wayanad,trailing daisy,Sphagneticola trilobata,trailing daisy,Plantae,246102
283614,63f32800-4134-4c78-a335-4694465e2d7e,2013-05-23,2013-05-23,,Mumbai,8826,chiefredearth,Chief RedEarth,2013-05-31 15:20:34 UTC,2014-10-20 03:23:18 UTC,casual,CC-BY-NC-ND,http://www.inaturalist.org/observations/283614,https://static.inaturalist.org/photos/350991/medium.jpg,,,,1,0,true,,Thiruvananthapuram,8.487495,76.948623,16228,,,,16228,,,false,,,,Thiruvananthapuram,Kerala,India,Kerala,Thiruvananthapuram,Pistia stratiotes (Water Lettuce),Pistia stratiotes,water lettuce,Plantae,78589
289117,5ca74664-6343-4407-9cff-22be6b2d0647,2012-07-02 17:24:18,2012-07-02,2012-07-02 11:54:18 UTC,Mumbai,8826,chiefredearth,Chief RedEarth,2013-06-05 04:23:26 UTC,2020-01-15 23:36:27 UTC,research,CC-BY-NC-ND,http://www.inaturalist.org/observations/289117,https://static.inaturalist.org/photos/357779/medium.JPG,,,,5,0,false,,Thiruvananthapuram,8.487495,76.948623,16228,,,,16228,,,false,,,,Thiruvananthapuram,Kerala,India,Kerala,Thiruvananthapuram,castor bean,Ricinus communis,castor bean,Plantae,56739
362787,63609779-9d82-41d4-8ed0-dc77bfd1348e,2013-06-30,2013-06-30,,Central Time (US & Canada),7943,vijaybarve,Vijay Barve,2013-08-11 22:11:39 UTC,2020-01-15 23:38:22 UTC,research,CC-BY,http://www.inaturalist.org/observations/362787,https://inaturalist-open-data.s3.amazonaws.com/photos/452930/medium.JPG,,"VijayBarve, FloraIndia, diversityindia",Seen growing in Empty plot in residential area,2,0,false,,"Niphad, Nashik, India",20.084964,74.100021,19,,,,19,,,false,,,,Nashik,Maharashtra,India,Maharashtra,Nashik,common lantana,Lantana camara,common lantana,Plantae,50333
362820,479fe6b0-0550-4dd1-9d8c-c53ad4f5071b,2013-07-01,2013-07-01,,Central Time (US & Canada),7943,vijaybarve,Vijay Barve,2013-08-11 23:11:23 UTC,2020-01-15 23:39:37 UTC,research,CC-BY,http://www.inaturalist.org/observations/362820,https://inaturalist-open-data.s3.amazonaws.com/photos/452983/medium.JPG,,"VijayBarve, diversityindia, floraindia",Growing in backyard of a village house.,1,0,false,,"Kothure, Niphad, Nashik, India",20.046662,74.075218,,,,,,,,false,,,,Nashik,Maharashtra,India,Maharashtra,Nashik,hierba del toro (Tridax procumbens),Tridax procumbens,Tridax daisy,Plantae,169944
366697,483fa5f3-22a4-4f3a-be6a-0feda491617f,2013-07-05,2013-07-05,,Central Time (US & Canada),7943,vijaybarve,Vijay Barve,2013-08-16 04:27:37 UTC,2020-01-15 23:39:59 UTC,research,CC-BY,http://www.inaturalist.org/observations/366697,https://inaturalist-open-data.s3.amazonaws.com/photos/457913/medium.JPG,,"VijayBarve, diversityindia, floraindia",Seen growing in empty plots in residential area.,2,0,false,,"nashik, maharashtra, india",19.990638,73.757778,7,,,,7,,,false,,,,Nashik,Maharashtra,India,Maharashtra,Nashik,common lantana,Lantana camara,common lantana,Plantae,50333
367874,fec921d0-d5ad-4044-a898-48b0112471d2,"13 Nov, 2012",2012-11-13,,Mumbai,8826,chiefredearth,Chief RedEarth,2013-08-17 12:29:48 UTC,2020-01-15 23:44:51 UTC,research,CC-BY-NC-ND,http://www.inaturalist.org/observations/367874,https://inaturalist-open-data.s3.amazonaws.com/photos/459711/medium.JPG,,,,2,0,false,,ponmudi,8.759942,77.116875,1745,,,,1745,,,false,,,,Thiruvananthapuram,Kerala,India,Kerala,Thiruvananthapuram,Blue Porterweed,Stachytarpheta jamaicensis,Blue Porterweed,Plantae,169322
405056,21e2ee19-102f-4c08-898c-7ffced7dc11b,2011-07-26 10:24:35,2011-07-26,2011-07-26 20:24:35 UTC,Hawaii,22293,ramdasaswale,Ramdas Aswale,2013-09-22 17:19:47 UTC,2024-01-25 23:15:23 UTC,research,CC-BY-NC,http://www.inaturalist.org/observations/405056,https://inaturalist-open-data.s3.amazonaws.com/photos/506947/medium.JPG,,,,2,0,false,,"Virgaon,Akole,Ahmednagar,Maharashtra,India",19.609239,74.053323,20,,,,20,,open,false,,,,Ahmednagar,Maharashtra,India,Maharashtra,Ahmadnagar,puncture vine,Tribulus terrestris,puncture vine,Plantae,64238
430752,c2165d39-6507-4938-87c9-c220f2879612,2013-10-15 06:33:26,2013-10-15,2013-10-15 01:03:26 UTC,Mumbai,8826,chiefredearth,Chief RedEarth,2013-10-16 16:49:19 UTC,2020-01-15 23:48:08 UTC,research,CC-BY-NC-ND,http://www.inaturalist.org/observations/430752,https://inaturalist-open-data.s3.amazonaws.com/photos/542897/medium.JPG,,,,2,0,false,,vazhayila thiruvananthapuram,8.549304,76.977267,834,,,,834,,,false,,,,Thiruvananthapuram,Kerala,India,Kerala,Thiruvananthapuram,Yellow alder,Turnera ulmifolia,Yellow alder,Plantae,170055
436889,5a86867c-c396-4d31-af68-5b9e74cd02c2,2013-10-18,2013-10-18,,Mumbai,8826,chiefredearth,Chief RedEarth,2013-10-22 10:18:39 UTC,2021-08-28 12:38:00 UTC,research,CC-BY-NC-ND,http://www.inaturalist.org/observations/436889,https://inaturalist-open-data.s3.amazonaws.com/photos/549983/medium.JPG,,,,2,0,false,," J P Nagar, Bangalore, Karnataka 560078, India",12.910491,77.585717,6390,,,,6390,,,false,,,,Bangalore,Karnataka,India,Karnataka,Bangalore,Santa Maria feverfew,Parthenium hysterophorus,Santa Maria feverfew,Plantae,126424
436926,69f393f4-1214-4319-a2a3-f8be07558915,2013-10-20 09:56:10,2013-10-20,2013-10-20 04:26:10 UTC,Mumbai,8826,chiefredearth,Chief RedEarth,2013-10-22 14:40:35 UTC,2017-07-17 05:02:45 UTC,casual,CC-BY-NC-ND,http://www.inaturalist.org/observations/436926,https://inaturalist-open-data.s3.amazonaws.com/photos/550035/medium.JPG,,,,2,0,true,,"J.P. Nagar, Banguluru",12.910491,77.585717,6390,,,,6390,,,false,,,,Bangalore,Karnataka,India,Karnataka,Bangalore,Tropical Milkweed,Asclepias curassavica,tropical milkweed,Plantae,75602
448720,6551792c-f8f6-4ad2-90e7-95cf4a82ad1c,2013-11-05,2013-11-05,,Mumbai,8826,chiefredearth,Chief RedEarth,2013-11-05 16:15:22 UTC,2022-06-06 02:51:20 UTC,casual,CC-BY-NC-ND,http://www.inaturalist.org/observations/448720,https://inaturalist-open-data.s3.amazonaws.com/photos/565854/medium.jpg,,,,2,0,true,,Vazhayila Thiruvananthapuram,8.549304,76.977267,834,,,,834,,,false,,,,Thiruvananthapuram,Kerala,India,Kerala,Thiruvananthapuram,volubilis bleu,Ipomoea indica,oceanblue morning glory,Plantae,77496
468268,d12d9fc6-97de-4da9-a83e-3d79cf01e795,2013-11-24 09:39:30,2013-11-24,2013-11-24 04:09:30 UTC,Mumbai,8826,chiefredearth,Chief RedEarth,2013-11-26 13:06:15 UTC,2023-03-20 15:17:45 UTC,research,CC-BY-NC-ND,http://www.inaturalist.org/observations/468268,https://inaturalist-open-data.s3.amazonaws.com/photos/590831/medium.JPG,,,,2,0,false,,Mannamoola Proorkada,8.530986,76.976796,210,,,,210,,,false,,,,Thiruvananthapuram,Kerala,India,Kerala,Thiruvananthapuram,Xanana,Turnera subulata,Cuban Buttercup,Plantae,327909
471745,3de3032a-f777-4b31-bf9a-8657a4bc27d2,2013-12-01,2013-12-01,,Mumbai,8826,chiefredearth,Chief RedEarth,2013-12-01 17:12:58 UTC,2024-03-29 06:55:46 UTC,research,CC-BY-NC-ND,http://www.inaturalist.org/observations/471745,https://inaturalist-open-data.s3.amazonaws.com/photos/594626/medium.JPG,,,,2,0,false,,Aruvikkara Dam,8.5738,77.021084,2145,,,,2145,,,false,,,,Thiruvananthapuram,Kerala,India,Kerala,Thiruvananthapuram,Air Plant,Kalanchoe pinnata,Air Plant,Plantae,164333
522516,e3531d03-341a-4a0a-aebe-df6329dc3db1,2014-02-06,2014-02-06,,Mumbai,8826,chiefredearth,Chief RedEarth,2014-02-06 16:44:33 UTC,2023-01-27 12:10:00 UTC,research,CC-BY-NC-ND,http://www.inaturalist.org/observations/522516,https://inaturalist-open-data.s3.amazonaws.com/photos/665470/medium.JPG,,,,2,0,false,,ponmudi,8.673915,77.137818,1050,,,,1050,,open,false,,,,Thiruvananthapuram,Kerala,India,Kerala,Thiruvananthapuram,火焰樹,Spathodea campanulata,African tulip tree,Plantae,126566
562534,105e5a3b-aeaa-4f1e-95ca-505a98885173,2013-09-23 14:38:53,2013-09-23,2013-09-23 09:08:53 UTC,Mumbai,8826,chiefredearth,Chief RedEarth,2014-03-11 13:04:43 UTC,2021-10-26 04:11:35 UTC,research,CC-BY-NC-ND,http://www.inaturalist.org/observations/562534,https://inaturalist-open-data.s3.amazonaws.com/photos/716625/medium.jpg,,,,1,0,false,,Kuttichal,8.56554,77.099613,1771,,,,1771,,,false,,,,Thiruvananthapuram,Kerala,India,Kerala,Thiruvananthapuram,Koster's curse,Miconia crenata,Koster's curse,Plantae,1293231
562546,33f03734-d03e-45b7-8fd6-96ffb245fcec,2013-09-23 15:51:23,2013-09-23,2013-09-23 10:21:23 UTC,Mumbai,8826,chiefredearth,Chief RedEarth,2014-03-11 13:28:45 UTC,2025-03-23 19:14:43 UTC,research,CC-BY-NC-ND,http://www.inaturalist.org/observations/562546,https://inaturalist-open-data.s3.amazonaws.com/photos/716640/medium.jpg,,,,1,0,false,,Kuttichal,8.56554,77.099613,1771,,,,1771,,,false,,,,Thiruvananthapuram,Kerala,India,Kerala,Thiruvananthapuram,Brazilian bachelor's button,Centratherum punctatum,Brazilian bachelor's button,Plantae,160297
584380,0b7767b4-4994-4508-9eea-5e2d1edbbc3c,2014-03-14,2014-03-14,,Europe/London,14777,purnendu,Purnendu Roy,2014-03-26 23:18:21 UTC,2020-05-22 02:26:37 UTC,research,CC-BY-NC,http://www.inaturalist.org/observations/584380,https://inaturalist-open-data.s3.amazonaws.com/photos/742809/medium.JPG,,,Larval host plant for Appias olferna,1,0,false,,"Botanical gardens, Kolkata",22.556852,88.298553,,,,,,,,false,,,Kolkata and its Outskirts,Haora,West Bengal,India,West Bengal,Haora,Purple Cleome,Cleome rutidosperma,Purple Cleome,Plantae,160705
608254,394eac85-0467-406a-b9d6-32d220773d41,2014-04-03,2014-04-03,,Mumbai,8826,chiefredearth,Chief RedEarth,2014-04-05 02:53:22 UTC,2023-01-23 01:48:58 UTC,needs_id,CC-BY-NC-ND,http://www.inaturalist.org/observations/608254,https://inaturalist-open-data.s3.amazonaws.com/photos/766877/medium.JPG,,,,0,0,false,,Thiruvananthapuram,8.487495,76.948623,16221,,,,16221,,open,false,,,,Thiruvananthapuram,Kerala,India,Kerala,Thiruvananthapuram,Guamúchil,Pithecellobium dulce,Madras thorn,Plantae,166920
609966,316eaefc-44cf-49e0-9d1b-aab005632c84,,,,Hawaii,11318,satishnikam,Satish Nikam,2014-04-06 11:15:48 UTC,2014-10-20 17:56:06 UTC,casual,CC-BY-NC,http://www.inaturalist.org/observations/609966,https://inaturalist-open-data.s3.amazonaws.com/photos/769075/medium.jpg,,,,1,0,false,,kurvande,18.701228,73.388553,7623,,,,7623,,,false,,,,Raigarh,Maharashtra,India,Maharashtra,Raigarh,Common Wireweed(Sida acuta),Sida acuta,Spinyhead Sida,Plantae,168922
611532,d5203a61-49c5-409b-b131-cd0e5adb92b1,2014-02-08 13:10:42,2014-02-08,2014-02-08 07:40:42 UTC,New Delhi,34585,subhajit_roy,Subhajit Roy,2014-04-07 04:38:56 UTC,2020-08-25 07:37:33 UTC,research,CC-BY,http://www.inaturalist.org/observations/611532,https://inaturalist-open-data.s3.amazonaws.com/photos/771063/medium.JPG,,,,3,0,false,,Malandighi,23.559305,87.405258,,,,,,,,false,,,,Barddhaman,West Bengal,India,West Bengal,Barddhaman,Argemone mexicana,Argemone mexicana,Mexican prickly poppy,Plantae,128533
611548,d0a6caaa-0642-49fd-a5df-e70611165953,2013-07-07 10:58:54,2013-07-07,2013-07-07 05:28:54 UTC,New Delhi,34585,subhajit_roy,Subhajit Roy,2014-04-07 05:05:42 UTC,2019-08-05 13:16:29 UTC,research,CC-BY,http://www.inaturalist.org/observations/611548,https://inaturalist-open-data.s3.amazonaws.com/photos/771082/medium.JPG,,,,2,0,false,,Durgapur,23.466918,87.321536,,,,,,,,false,,,,Bankura,West Bengal,India,West Bengal,Bankura,Solanum sisymbriifolium,Solanum sisymbriifolium,Red Buffalo-bur,Plantae,79143
626982,789ba4cd-345a-4d23-b106-bbd0221552b6,2013-01-20 10:53:50,2013-01-20,2013-01-20 05:23:50 UTC,New Delhi,34585,subhajit_roy,Subhajit Roy,2014-04-16 04:15:33 UTC,2024-10-16 21:39:08 UTC,research,CC-BY,http://www.inaturalist.org/observations/626982,https://inaturalist-open-data.s3.amazonaws.com/photos/788828/medium.JPG,,,,1,0,false,,Durgapur,23.49943,87.305228,,,,,,,,false,,,,Barddhaman,West Bengal,India,West Bengal,Barddhaman,Oxalis corniculata,Oxalis corniculata,Creeping Woodsorrel,Plantae,53168
627187,d14fa12b-42cf-4c6c-8de6-cb9e6d8d1495,2013-01-20 11:14:28,2013-01-20,2013-01-20 05:44:28 UTC,New Delhi,34585,subhajit_roy,Subhajit Roy,2014-04-16 08:28:19 UTC,2020-01-16 00:17:08 UTC,research,CC-BY,http://www.inaturalist.org/observations/627187,https://inaturalist-open-data.s3.amazonaws.com/photos/789061/medium.JPG,,,,3,0,false,,Durgapur,23.499627,87.305314,,,,,,,,false,,,,Barddhaman,West Bengal,India,West Bengal,Barddhaman,Lantana camara,Lantana camara,common lantana,Plantae,50333
635810,9a107580-9a1b-4817-b651-a96b716b0d6a,,,,Hawaii,11318,satishnikam,Satish Nikam,2014-04-21 14:10:44 UTC,2014-04-21 14:11:11 UTC,casual,CC-BY-NC,http://www.inaturalist.org/observations/635810,https://inaturalist-open-data.s3.amazonaws.com/photos/799675/medium.jpg,,,,0,0,false,,kurvande,18.701228,73.388553,7623,,,,7623,,,false,,,,Raigarh,Maharashtra,India,Maharashtra,Raigarh,Siam Weed(Chromolaena odorata),Chromolaena odorata,Siam weed,Plantae,199400
640715,b4c6a61a-cd35-4e56-864e-d2cc67f097c7,2013-03-31 17:34:36,2013-03-31,2013-03-31 12:04:36 UTC,New Delhi,34585,subhajit_roy,Subhajit Roy,2014-04-24 05:51:39 UTC,2020-01-16 00:20:35 UTC,research,CC-BY,http://www.inaturalist.org/observations/640715,https://inaturalist-open-data.s3.amazonaws.com/photos/807327/medium.JPG,,,,1,0,false,,Durgapur Barrage,23.484493,87.299682,,,,,,,,false,,,,Barddhaman,West Bengal,India,West Bengal,Barddhaman,common water hyacinth,Pontederia crassipes,common water hyacinth,Plantae,962637
640837,809f7302-56b7-47ba-a0fc-3914ea7eba3a,2014-04-18,2014-04-18,,Mumbai,8826,chiefredearth,Chief RedEarth,2014-04-24 13:06:57 UTC,2023-01-21 16:30:50 UTC,needs_id,CC-BY-NC-ND,http://www.inaturalist.org/observations/640837,https://inaturalist-open-data.s3.amazonaws.com/photos/807619/medium.JPG,,,,1,0,false,,Neyar Dam,8.53505,77.172242,6882,,,,6882,,,false,,,,Thiruvananthapuram,Kerala,India,Kerala,Thiruvananthapuram,Hairy Croton,Croton hirtus,Hairy Croton,Plantae,282215
642450,5403c7af-fa93-4071-8a90-d360c3444294,2014-04-24 12:02:23,2014-04-24,2014-04-24 06:32:23 UTC,New Delhi,34585,subhajit_roy,Subhajit Roy,2014-04-25 16:25:04 UTC,2020-01-16 00:20:54 UTC,research,CC-BY,http://www.inaturalist.org/observations/642450,https://inaturalist-open-data.s3.amazonaws.com/photos/809691/medium.JPG,,,,1,0,false,,Durgapur,23.499666,87.3054,,,,,,,,false,,,,Barddhaman,West Bengal,India,West Bengal,Barddhaman,antigonon leptopus,Antigonon leptopus,Coral Vine,Plantae,48380
642469,e8c510c1-3568-4cec-a8a7-e6310218e04e,2014-04-25 17:11:16,2014-04-25,2014-04-25 11:41:16 UTC,New Delhi,34585,subhajit_roy,Subhajit Roy,2014-04-25 16:30:33 UTC,2020-01-16 00:21:02 UTC,research,CC-BY,http://www.inaturalist.org/observations/642469,https://inaturalist-open-data.s3.amazonaws.com/photos/809712/medium.JPG,,,,1,0,false,,Durgapur,23.499627,87.305185,,,,,,,,false,,,,Barddhaman,West Bengal,India,West Bengal,Barddhaman,Ipomoea hederifolia,Ipomoea hederifolia,scarlet creeper,Plantae,126300
642471,ccafe79d-2317-4c1d-b0d0-4a5968aa518e,2012-10-22 11:24:17,2012-10-22,2012-10-22 05:54:17 UTC,New Delhi,34585,subhajit_roy,Subhajit Roy,2014-04-25 16:35:49 UTC,2020-01-16 00:21:14 UTC,research,CC-BY,http://www.inaturalist.org/observations/642471,https://inaturalist-open-data.s3.amazonaws.com/photos/809715/medium.JPG,,,,2,0,false,,Durgapur,23.495809,87.287976,,,,,,,,false,,,,Barddhaman,West Bengal,India,West Bengal,Barddhaman,Ipomoea carnea fistulosa,Ipomoea carnea fistulosa,,Plantae,236503
642475,11cbb53a-e7ee-4f28-a7f1-625640a79aee,2014-04-25 17:05:13,2014-04-25,2014-04-25 11:35:13 UTC,New Delhi,34585,subhajit_roy,Subhajit Roy,2014-04-25 16:40:16 UTC,2014-04-25 16:41:35 UTC,needs_id,CC-BY,http://www.inaturalist.org/observations/642475,https://inaturalist-open-data.s3.amazonaws.com/photos/809723/medium.JPG,,,,0,0,false,,Durgapur,23.499587,87.305056,,,,,,,,false,,,,Barddhaman,West Bengal,India,West Bengal,Barddhaman,Amaranthus spinosus,Amaranthus spinosus,spiny amaranth,Plantae,62917
643564,2f78b5a9-6a04-4e1a-93e7-0867f72ace63,2013-07-31 17:21:19,2013-07-31,2013-07-31 11:51:19 UTC,New Delhi,34585,subhajit_roy,Subhajit Roy,2014-04-26 05:16:12 UTC,2024-12-27 04:26:45 UTC,research,CC-BY,http://www.inaturalist.org/observations/643564,https://inaturalist-open-data.s3.amazonaws.com/photos/810761/medium.JPG,,,,1,0,false,,Durgapur,23.499705,87.305228,,,,,,,,false,,,,Barddhaman,West Bengal,India,West Bengal,Barddhaman,Mirabilis jalapa,Mirabilis jalapa,Marvel of Peru,Plantae,50616
643735,3e24bcd7-15ee-4060-9747-51aec0d2b77d,2014-02-14 14:54:07,2014-02-14,2014-02-14 09:24:07 UTC,New Delhi,34585,subhajit_roy,Subhajit Roy,2014-04-26 09:54:58 UTC,2025-05-04 09:27:29 UTC,needs_id,CC-BY,http://www.inaturalist.org/observations/643735,https://inaturalist-open-data.s3.amazonaws.com/photos/810927/medium.JPG,,,,0,0,false,,Durgapur,23.499509,87.3054,,,,,,,,false,,,,Barddhaman,West Bengal,India,West Bengal,Barddhaman,Sonchus oleraceus,Sonchus oleraceus,Common Sow-thistle,Plantae,53294
671626,c45c5d3c-792e-428d-a584-0d870c6f760e,2014-05-10,2014-05-10,,Mumbai,8826,chiefredearth,Chief RedEarth,2014-05-11 05:20:31 UTC,2023-01-30 09:13:05 UTC,research,CC-BY-NC-ND,http://www.inaturalist.org/observations/671626,https://inaturalist-open-data.s3.amazonaws.com/photos/846026/medium.JPG,,,"This is a shrub very common in Kuttanad. Its fruits are as big or small as peanuts. I was tempted to fry them and eat it. The color of its leaves display different share from green to red.

A declared noxious weed.
http://www.daff.qld.gov.au/plants/weeds-pest-animals-ants/weeds/preventing-weed-spread/ways-to-prevent-weed-spread",2,0,false,,punchakkari,8.452554,76.974387,1208,,,,1208,,open,false,,,,Thiruvananthapuram,Kerala,India,Kerala,Thiruvananthapuram,紅葉麻瘋樹,Jatropha gossypiifolia,Bellyache Bush,Plantae,119099
676760,a6a9fd6a-f3bb-4822-9311-4318f99e7ea5,2014-05-14 11:05:07,2014-05-14,2014-05-14 05:35:07 UTC,New Delhi,34585,subhajit_roy,Subhajit Roy,2014-05-14 06:20:51 UTC,2017-10-19 03:32:41 UTC,research,CC-BY,http://www.inaturalist.org/observations/676760,https://inaturalist-open-data.s3.amazonaws.com/photos/852519/medium.JPG,,,,1,0,false,,Durgapur,23.499508,87.305142,,,,,,,,false,,,,Barddhaman,West Bengal,India,West Bengal,Barddhaman,Pilea microphylla,Pilea microphylla,artillery plant,Plantae,69172
685171,b7c218ff-20ad-4101-a1f2-4786edda9608,2013-09-29,2013-09-29,,Mumbai,8826,chiefredearth,Chief RedEarth,2014-05-19 12:47:17 UTC,2024-03-29 06:55:14 UTC,research,CC-BY-NC-ND,http://www.inaturalist.org/observations/685171,https://inaturalist-open-data.s3.amazonaws.com/photos/862415/medium.jpg,,,,2,0,false,,aruvippuram,8.424494,77.098174,873,,,,873,,,false,,,,Thiruvananthapuram,Kerala,India,Kerala,Thiruvananthapuram,Air Plant,Kalanchoe pinnata,Air Plant,Plantae,164333
694417,cda68516-3c4a-4797-ae7e-efc19c20efcf,2014-05-19 09:02:52,2014-05-19,2014-05-19 03:32:52 UTC,New Delhi,34585,subhajit_roy,Subhajit Roy,2014-05-23 05:33:57 UTC,2019-10-31 18:43:39 UTC,research,CC-BY,http://www.inaturalist.org/observations/694417,https://inaturalist-open-data.s3.amazonaws.com/photos/871654/medium.JPG,,,,2,0,false,,Puri,19.783744,85.787606,,,,,,,,false,,,,Puri,Odisha,India,Odisha,Puri,Opuntia dillenii,Opuntia dillenii,Erect Pricklypear,Plantae,274370
699247,1da6a98f-2d91-449d-a883-805ad4a58a6a,2014-05-19 08:51:18,2014-05-19,2014-05-19 03:21:18 UTC,New Delhi,34585,subhajit_roy,Subhajit Roy,2014-05-26 15:08:56 UTC,2018-03-03 15:22:51 UTC,research,CC-BY,http://www.inaturalist.org/observations/699247,https://inaturalist-open-data.s3.amazonaws.com/photos/877105/medium.JPG,,,,1,0,false,,Puri,19.78258,85.78846,,,,,,,,false,,,,Puri,Odisha,India,Odisha,Puri,Heliotropium indicum,Heliotropium indicum,Indian Heliotrope,Plantae,83492
758968,cbc03eee-bdc5-4989-80d7-78e6d9a12e43,2014-05-24,2014-05-24,,Mumbai,8826,chiefredearth,Chief RedEarth,2014-06-29 09:49:15 UTC,2019-06-27 15:55:37 UTC,research,CC-BY-NC-ND,http://www.inaturalist.org/observations/758968,https://inaturalist-open-data.s3.amazonaws.com/photos/954042/medium.JPG,,,,2,0,false,,Kallar,8.709838,77.129101,492,,,,492,,,false,,,,Thiruvananthapuram,Kerala,India,Kerala,Thiruvananthapuram,painted leaf,Euphorbia cyathophora,painted leaf,Plantae,77109
770235,f8ce0e7d-d6e1-4569-8bc0-4c8ded245c50,2014-07-05 12:05:47,2014-07-05,2014-07-05 06:35:47 UTC,New Delhi,34585,subhajit_roy,Subhajit Roy,2014-07-05 15:51:12 UTC,2019-07-24 10:24:00 UTC,research,CC-BY,http://www.inaturalist.org/observations/770235,https://inaturalist-open-data.s3.amazonaws.com/photos/967466/medium.JPG,,,,3,0,false,,Durgapur,23.491106,87.305679,,,,,,,,false,,,,Barddhaman,West Bengal,India,West Bengal,Barddhaman,Datura fastuosa,Datura innoxia,downy thorn-apple,Plantae,161639
773465,eb03844e-8a8e-4416-ad86-c4aa1a5cec8e,2014-07-06,2014-07-06,,Mumbai,8826,chiefredearth,Chief RedEarth,2014-07-07 16:43:30 UTC,2024-04-18 15:58:18 UTC,research,CC-BY-NC-ND,http://www.inaturalist.org/observations/773465,https://inaturalist-open-data.s3.amazonaws.com/photos/971317/medium.JPG,,,,2,0,false,,Punchakkary,8.452554,76.974387,1208,,,,1208,,,false,,,,Thiruvananthapuram,Kerala,India,Kerala,Thiruvananthapuram,Dwarf Morning Glory,Evolvulus nummularius,Dwarf Morning Glory,Plantae,83417
786936,4f739d17-4a5e-4356-b41e-b69d416e99b8,2014-07-16 11:35:59,2014-07-16,2014-07-16 06:05:59 UTC,New Delhi,34585,subhajit_roy,Subhajit Roy,2014-07-16 08:47:37 UTC,2019-07-27 07:59:23 UTC,research,CC-BY,http://www.inaturalist.org/observations/786936,https://inaturalist-open-data.s3.amazonaws.com/photos/988988/medium.JPG,,,,3,0,false,,Durgapur,23.558254,87.339475,243,,,,243,,open,false,,,,Barddhaman,West Bengal,India,West Bengal,Barddhaman,Eclipta prostrata,Eclipta prostrata,false daisy,Plantae,76765
788361,7d9669e7-29df-4e46-928b-f8961369dbcb,2014-07-17 10:59:45,2014-07-17,2014-07-17 05:29:45 UTC,New Delhi,34585,subhajit_roy,Subhajit Roy,2014-07-17 10:24:50 UTC,2019-07-24 10:15:13 UTC,research,CC-BY,http://www.inaturalist.org/observations/788361,https://inaturalist-open-data.s3.amazonaws.com/photos/991284/medium.JPG,,,,2,0,false,,Durgapur,23.554517,87.337329,,,,,,,,false,,,,Barddhaman,West Bengal,India,West Bengal,Barddhaman,Jatropha gossypiifolia,Jatropha gossypiifolia,Bellyache Bush,Plantae,119099
798510,47cff767-72c8-499e-9c8c-51be73647d3e,2014-07-20,2014-07-20,,Mumbai,8826,chiefredearth,Chief RedEarth,2014-07-23 16:59:13 UTC,2021-01-08 23:18:32 UTC,needs_id,CC-BY-NC-ND,http://www.inaturalist.org/observations/798510,https://inaturalist-open-data.s3.amazonaws.com/photos/1005302/medium.JPG,,,,2,0,false,,Ponmudi,8.759942,77.116875,1745,,,,1745,,,false,,,,Thiruvananthapuram,Kerala,India,Kerala,Thiruvananthapuram,Bur Marigolds,Bidens pilosa,Hairy Beggarticks,Plantae,50203
799799,7eb432e6-06c0-4fca-a6b5-44bdf1d437bc,2014-07-23 11:04:30,2014-07-23,2014-07-23 05:34:30 UTC,New Delhi,34585,subhajit_roy,Subhajit Roy,2014-07-24 13:33:38 UTC,2017-03-05 02:02:53 UTC,research,CC-BY,http://www.inaturalist.org/observations/799799,https://inaturalist-open-data.s3.amazonaws.com/photos/1007057/medium.JPG,,,,1,0,false,,Durgapur,23.544209,87.318017,,,,,,,open,false,,,,Barddhaman,West Bengal,India,West Bengal,Barddhaman,Tecoma stans,Tecoma stans,yellow trumpet flower,Plantae,48363
804088,24a7d422-5e80-4210-baad-dbaafb71f724,2014-07-26,2014-07-26,,Mumbai,8826,chiefredearth,Chief RedEarth,2014-07-27 17:30:03 UTC,2024-01-09 12:42:17 UTC,research,CC-BY-NC-ND,http://www.inaturalist.org/observations/804088,https://inaturalist-open-data.s3.amazonaws.com/photos/1013113/medium.JPG,,,,2,0,false,,Punchakkary,8.452554,76.974387,1208,,,,1208,,,false,,,,Thiruvananthapuram,Kerala,India,Kerala,Thiruvananthapuram,Dwarf Morning Glory,Evolvulus nummularius,Dwarf Morning Glory,Plantae,83417
807086,fcd94bc3-8307-421c-96be-070f862f6297,,,,Chennai,46285,vinothkumar,Vinoth Kumar Rajalingam,2014-07-29 13:23:11 UTC,2019-08-05 03:05:19 UTC,casual,CC-BY-NC,http://www.inaturalist.org/observations/807086,https://inaturalist-open-data.s3.amazonaws.com/photos/1017178/medium.jpg,,,,3,1,false,,coimbatore tidel,11.031723,77.018663,244,,,,244,,,false,,,,Coimbatore,Tamil Nadu,India,Tamil Nadu,Coimbatore,common lantana,Lantana camara,common lantana,Plantae,50333
807131,a5873189-12f4-4257-bc8c-38949aeba9f3,2014-07-27,2014-07-27,,Mumbai,8826,chiefredearth,Chief RedEarth,2014-07-29 15:14:45 UTC,2020-11-30 11:22:30 UTC,research,CC-BY-NC-ND,http://www.inaturalist.org/observations/807131,https://inaturalist-open-data.s3.amazonaws.com/photos/1017250/medium.JPG,,,,2,0,false,,Thiruvananthapuram,8.4875,76.9525,16539,,,,16539,,,false,,,,Thiruvananthapuram,Kerala,India,Kerala,Thiruvananthapuram,Amapola,Ipomoea carnea,Bush Morning Glory,Plantae,164081
811565,5f73528f-4c39-414e-82bc-5f2598d504ba,2014-08-01,2014-08-01,,Chennai,46285,vinothkumar,Vinoth Kumar Rajalingam,2014-08-01 08:46:11 UTC,2021-09-01 15:29:46 UTC,research,CC-BY-NC,http://www.inaturalist.org/observations/811565,https://inaturalist-open-data.s3.amazonaws.com/photos/1023247/medium.jpg,,Solanum torvum,,1,0,false,,"Sidco, sundarapuram, coimbatore",10.942281,76.984102,,,,,,,,false,,,,Coimbatore,Tamil Nadu,India,Tamil Nadu,Coimbatore,Turkey Berry,Solanum torvum,Turkey Berry,Plantae,63694
812843,5a1bf108-2977-40bd-8fa5-95bdb4cc7a0d,,,,Hawaii,11318,satishnikam,Satish Nikam,2014-08-02 10:50:14 UTC,2018-08-29 05:34:17 UTC,casual,CC-BY-NC,http://www.inaturalist.org/observations/812843,https://inaturalist-open-data.s3.amazonaws.com/photos/1025017/medium.jpg,,,,1,0,false,,kurvande,18.701228,73.388553,7623,,,,7623,,,false,,,,Raigarh,Maharashtra,India,Maharashtra,Raigarh,trailing daisy,Sphagneticola trilobata,trailing daisy,Plantae,246102
847131,d73c6a54-508d-47be-becc-e2edbd741bcc,2014-08-25 13:42:57,2014-08-25,2014-08-25 08:12:57 UTC,New Delhi,34585,subhajit_roy,Subhajit Roy,2014-08-25 08:39:22 UTC,2020-12-31 01:30:51 UTC,research,CC-BY,http://www.inaturalist.org/observations/847131,https://inaturalist-open-data.s3.amazonaws.com/photos/1072750/medium.JPG,,,,2,0,false,,Durgapur,23.499509,87.305228,,,,,,,,false,,,,Barddhaman,West Bengal,India,West Bengal,Barddhaman,Caladium bicolor,Caladium bicolor,Heart of Jesus,Plantae,283377
1018700,0c79883b-c750-4dba-afdc-fb52001af99d,2014-09-19,2014-09-19,,Central Time (US & Canada),7943,vijaybarve,Vijay Barve,2014-10-14 11:41:43 UTC,2017-02-02 13:59:05 UTC,research,CC-BY,http://www.inaturalist.org/observations/1018700,https://inaturalist-open-data.s3.amazonaws.com/photos/1211265/medium.JPG,,"vijaybarve, diversityindia, Floraindia",Seen growing near a nusrcery,1,0,false,,"FRLHT Campus, Yelahanka, Bangalore, India",13.126235,77.547115,,,,,,,,false,,,,Bangalore,Karnataka,India,Karnataka,Bangalore,Santa Barbara daisy,Erigeron karvinskianus,Mexican Fleabane,Plantae,76923
1126522,806df07e-0d84-4fa7-9124-22a27bdd6c32,2014-11-24,2014-11-24,,Mumbai,8826,chiefredearth,Chief RedEarth,2014-12-11 13:37:38 UTC,2019-07-19 17:33:48 UTC,research,CC-BY-NC-ND,http://www.inaturalist.org/observations/1126522,https://inaturalist-open-data.s3.amazonaws.com/photos/1415983/medium.JPG,,,This small plant grows about 1 feet tall from the ground seen abundantly on each side of the road. These leaves have a  mosaic pattern.,2,0,false,,"Gavi, Pathanamthitta",9.440478,77.160347,3081,,,,3081,,,false,,,,Pattanamtitta,Kerala,India,Kerala,Pathanamthitta,Polka Dot Plant,Hypoestes phyllostachya,Polka Dot Plant,Plantae,164011
1145525,781bbb42-220f-4910-9a86-b0718a15a90d,2014-12-20 14:38:08,2014-12-20,2014-12-20 09:08:08 UTC,New Delhi,34585,subhajit_roy,Subhajit Roy,2014-12-25 08:32:26 UTC,2022-04-30 21:27:37 UTC,research,CC-BY,http://www.inaturalist.org/observations/1145525,https://inaturalist-open-data.s3.amazonaws.com/photos/1442080/medium.JPG,,,,1,0,false,,Gayeshpur,22.976843,88.475823,,,,,,,open,false,,,Kolkata and its Outskirts,Nadia,West Bengal,India,West Bengal,Nadia,Physalis angulata,Physalis angulata,cutleaf groundcherry,Plantae,61374
1235636,930df103-850b-42d1-812f-7d7ef9e14bc7,dom feb 15 2015 12:05:51 GMT+0530 (GMT+5:30),2015-02-15,2015-02-15 06:35:51 UTC,Chennai,39797,paolaferruzzi,Paola Ferruzzi,2015-02-15 12:14:38 UTC,2023-03-07 21:11:25 UTC,casual,CC-BY-NC,http://www.inaturalist.org/observations/1235636,https://inaturalist-open-data.s3.amazonaws.com/photos/1555411/medium.jpg,,,,1,0,true,3,"Thiruvananthapuram, IN-KL, IN",8.7221,76.717236,5,,,,5,,,false,,,,Thiruvananthapuram,Kerala,India,Kerala,Thiruvananthapuram,Candelabra Bush,Senna alata,Candelabra Bush,Plantae,81515
1237171,7b28d515-10c6-46bf-b1b7-3b61de60e393,lun feb 16 2015 16:21:21 GMT+0530 (GMT+5:30),2015-02-16,2015-02-16 10:51:21 UTC,Chennai,39797,paolaferruzzi,Paola Ferruzzi,2015-02-16 12:30:22 UTC,2019-11-07 00:13:52 UTC,research,CC-BY-NC,http://www.inaturalist.org/observations/1237171,https://inaturalist-open-data.s3.amazonaws.com/photos/1557588/medium.jpg,,,,3,0,false,3,"Alappuzha, IN-KL, IN",9.483879,76.363912,5,,,,5,,,false,,,,Alappuzha,Kerala,India,Kerala,Alappuzha,common water hyacinth,Pontederia crassipes,common water hyacinth,Plantae,962637
1238952,67edfc79-c2af-44f7-ad6a-b4293f357945,mar feb 17 2015 11:45:18 GMT+0530 (GMT+5:30),2015-02-17,2015-02-17 06:15:18 UTC,Chennai,39797,paolaferruzzi,Paola Ferruzzi,2015-02-17 09:41:43 UTC,2023-09-01 15:04:27 UTC,research,CC-BY-NC,http://www.inaturalist.org/observations/1238952,https://inaturalist-open-data.s3.amazonaws.com/photos/1560141/medium.jpg,,,,4,0,false,3,"Kottayam, IN-KL, IN",9.56766,76.483085,5,,,,5,,,false,,,,Kottayam,Kerala,India,Kerala,Kottayam,common water hyacinth,Pontederia crassipes,common water hyacinth,Plantae,962637
1258542,fb343565-e100-42a6-ae25-b5d56f698377,2015-02-24 13:53:51,2015-02-24,2015-02-24 08:23:51 UTC,New Delhi,34585,subhajit_roy,Subhajit Roy,2015-02-26 08:26:24 UTC,2024-12-27 08:21:09 UTC,research,CC-BY,http://www.inaturalist.org/observations/1258542,https://inaturalist-open-data.s3.amazonaws.com/photos/1580072/medium.JPG,,,,2,0,false,,Durgapur Barrage,23.479356,87.306141,,,,,,,,false,,,,Barddhaman,West Bengal,India,West Bengal,Barddhaman,Pistia stratiotes,Pistia stratiotes,water lettuce,Plantae,78589
1337695,c4b5b33a-145f-4165-a71c-a6d6721a786a,2015-03-08,2015-03-08,,Mumbai,8826,chiefredearth,Chief RedEarth,2015-03-25 07:14:30 UTC,2020-03-07 09:40:58 UTC,needs_id,CC-BY-NC-ND,http://www.inaturalist.org/observations/1337695,https://inaturalist-open-data.s3.amazonaws.com/photos/1655950/medium.JPG,,,,1,0,false,,Bhagamandala,12.386219,75.529854,873,,,,873,,,false,,,,Kodagu,Karnataka,India,Karnataka,Kodagu,hairy senna,Senna hirsuta,hairy senna,Plantae,168840
1366968,dd712af1-dd5a-41da-9b2d-a0ba889b5b45,2015-03-16,2015-03-16,,Mumbai,8826,chiefredearth,Chief RedEarth,2015-04-05 09:31:12 UTC,2021-09-02 01:42:14 UTC,research,CC-BY-NC-ND,http://www.inaturalist.org/observations/1366968,https://inaturalist-open-data.s3.amazonaws.com/photos/1691086/medium.JPG,,,,2,0,false,,Periyapatna,12.337361,76.098651,1776,,,,1776,,,false,,,,Mysore,Karnataka,India,Karnataka,Mysore,星茄,Solanum seaforthianum,Brazilian Nightshade,Plantae,169083
1370850,970c0d78-2ae2-454c-ac1f-e56a893b5fef,2015-03-16,2015-03-16,,Mumbai,8826,chiefredearth,Chief RedEarth,2015-04-06 09:48:26 UTC,2021-07-13 09:27:23 UTC,research,CC-BY-NC-ND,http://www.inaturalist.org/observations/1370850,https://inaturalist-open-data.s3.amazonaws.com/photos/1695550/medium.JPG,,,,2,0,false,,Periyapatna,12.337361,76.098651,1776,,,,1776,,,false,,,,Mysore,Karnataka,India,Karnataka,Mysore,Brazilian Nightshade,Solanum seaforthianum,Brazilian Nightshade,Plantae,169083
1373995,bba15659-b795-4a5f-a70d-9876096f2bdc,2014-06-09,2014-06-09,,Hawaii,11318,satishnikam,Satish Nikam,2015-04-07 11:08:36 UTC,2019-06-09 03:17:23 UTC,research,CC-BY-NC,http://www.inaturalist.org/observations/1373995,https://inaturalist-open-data.s3.amazonaws.com/photos/1698899/medium.jpg,,,,2,0,false,,kurvande,18.701228,73.388553,7623,,,,7623,,,false,,,,Raigarh,Maharashtra,India,Maharashtra,Raigarh,Common Lantana,Lantana camara,common lantana,Plantae,50333
1378457,ee2518f7-3dce-403b-806e-9125d32dc485,2015-03-18,2015-03-18,,Mumbai,8826,chiefredearth,Chief RedEarth,2015-04-08 23:12:07 UTC,2020-03-03 05:09:41 UTC,needs_id,CC-BY-NC-ND,http://www.inaturalist.org/observations/1378457,https://inaturalist-open-data.s3.amazonaws.com/photos/1703365/medium.JPG,,,Very small flower seen on open fields.,1,0,false,,Bilikere,12.333134,76.454863,711,,,,711,,,false,,,,Mysore,Karnataka,India,Karnataka,Mysore,puncture vine,Tribulus terrestris,puncture vine,Plantae,64238
1399559,ceafc01a-ef0a-4d6e-8e62-53f58c648e9f,2014-10-30,2014-10-30,,Hawaii,11318,satishnikam,Satish Nikam,2015-04-17 10:12:06 UTC,2020-10-31 07:13:58 UTC,research,CC-BY-NC,http://www.inaturalist.org/observations/1399559,https://inaturalist-open-data.s3.amazonaws.com/photos/1731128/medium.jpg,,,,1,0,false,,kurvande,18.701228,73.388553,7623,,,,7623,,,false,,,,Raigarh,Maharashtra,India,Maharashtra,Raigarh,Chinese Bur,Triumfetta rhomboidea,Chinese Bur,Plantae,170044
1402054,5acc639c-9aff-4183-a5ec-592ce907f6c3,2015-03-21,2015-03-21,,Mumbai,8826,chiefredearth,Chief RedEarth,2015-04-18 14:55:37 UTC,2020-03-03 05:06:37 UTC,needs_id,CC-BY-NC-ND,http://www.inaturalist.org/observations/1402054,https://inaturalist-open-data.s3.amazonaws.com/photos/1734304/medium.JPG,,,,1,0,false,,Srirangapattana,12.421556,76.693127,3294,,,,3294,,,false,,,,Mandya,Karnataka,India,Karnataka,Mandya,Guamúchil,Pithecellobium dulce,Madras thorn,Plantae,166920
1405066,a10114f5-4139-41c9-b09a-ed4840d566b8,2015-03-21,2015-03-21,,Mumbai,8826,chiefredearth,Chief RedEarth,2015-04-19 09:07:29 UTC,2020-07-01 13:40:50 UTC,research,CC-BY-NC-ND,http://www.inaturalist.org/observations/1405066,https://inaturalist-open-data.s3.amazonaws.com/photos/1738200/medium.JPG,,,,2,0,false,,Srirangapattana,12.421556,76.693127,3294,,,,3294,,,false,,,,Mandya,Karnataka,India,Karnataka,Mandya,Red Buffalo-bur,Solanum sisymbriifolium,Red Buffalo-bur,Plantae,79143
1422184,1cc99ce4-c374-4446-ac46-10a700ed00dd,2015-03-24,2015-03-24,,Mumbai,8826,chiefredearth,Chief RedEarth,2015-04-25 08:37:34 UTC,2022-09-27 05:11:08 UTC,needs_id,CC-BY-NC-ND,http://www.inaturalist.org/observations/1422184,https://inaturalist-open-data.s3.amazonaws.com/photos/1760254/medium.JPG,,,,1,0,false,,Maddur,12.5849,77.05,2422,,,,2422,,,false,,,,Mandya,Karnataka,India,Karnataka,Mandya,bugweed,Solanum mauritianum,bugweed,Plantae,133287
1422215,1848c962-88ee-4a22-bc0d-e3bb0ea95008,2015-03-24,2015-03-24,,Mumbai,8826,chiefredearth,Chief RedEarth,2015-04-25 09:14:19 UTC,2020-03-03 05:43:31 UTC,research,CC-BY-NC-ND,http://www.inaturalist.org/observations/1422215,https://inaturalist-open-data.s3.amazonaws.com/photos/1760296/medium.JPG,,,,1,0,false,,Maddur,12.5849,77.05,2422,,,,2422,,,false,,,,Mandya,Karnataka,India,Karnataka,Mandya,tropical milkweed,Asclepias curassavica,tropical milkweed,Plantae,75602
1425641,17697efb-144f-4de7-a3ab-5bc6695185c2,2014-10-21,2014-10-21,,Hawaii,11318,satishnikam,Satish Nikam,2015-04-26 05:52:35 UTC,2019-07-08 12:12:03 UTC,needs_id,CC-BY-NC,http://www.inaturalist.org/observations/1425641,https://inaturalist-open-data.s3.amazonaws.com/photos/1764524/medium.jpg,,,,0,0,false,,kurvande,18.701228,73.388553,7623,,,,7623,,,false,,,,Raigarh,Maharashtra,India,Maharashtra,Raigarh,Common Sow-Thistle,Sonchus oleraceus,Common Sow-thistle,Plantae,53294
1453662,8f943cad-eeca-4648-850d-fa2647773516,2015-04-25,2015-04-25,,Mumbai,8826,chiefredearth,Chief RedEarth,2015-05-04 07:33:56 UTC,2019-04-29 10:56:11 UTC,research,CC-BY-NC-ND,http://www.inaturalist.org/observations/1453662,https://inaturalist-open-data.s3.amazonaws.com/photos/1801689/medium.JPG,,,,2,0,false,,"Bharmasagara, Karnataka",14.373428,76.191415,717,,,,717,,,false,,,,Chitradurga,Karnataka,India,Karnataka,Chitradurga,downy thorn-apple,Datura innoxia,downy thorn-apple,Plantae,161639
1453710,c7285773-040b-46fd-8833-3fef37578fcc,2015-04-25,2015-04-25,,Mumbai,8826,chiefredearth,Chief RedEarth,2015-05-04 09:07:53 UTC,2019-07-23 11:58:57 UTC,research,CC-BY-NC-ND,http://www.inaturalist.org/observations/1453710,https://inaturalist-open-data.s3.amazonaws.com/photos/1801752/medium.JPG,,,,3,0,false,,"Bharmasagara, Karnataka",14.373428,76.191415,717,,,,717,,,false,,,,Chitradurga,Karnataka,India,Karnataka,Chitradurga,castor bean,Ricinus communis,castor bean,Plantae,56739
1456775,fa2cd2c3-9cd8-435f-8bbd-271956de1762,2015-05-01,2015-05-01,,Mumbai,8826,chiefredearth,Chief RedEarth,2015-05-05 11:44:27 UTC,2020-11-30 11:22:23 UTC,casual,CC-BY-NC-ND,http://www.inaturalist.org/observations/1456775,https://inaturalist-open-data.s3.amazonaws.com/photos/1806116/medium.JPG,,,,2,0,true,,"Kadahalli, Karnataka",13.274272,77.993136,403,,,,403,,,false,,,,Kolar,Karnataka,India,Karnataka,Kolar,Amapola,Ipomoea carnea,Bush Morning Glory,Plantae,164081
1456787,6063376e-bc1d-4baa-b58e-ea49881d86d1,2015-05-01,2015-05-01,,Mumbai,8826,chiefredearth,Chief RedEarth,2015-05-05 12:00:30 UTC,2021-05-20 01:47:41 UTC,research,CC-BY-NC-ND,http://www.inaturalist.org/observations/1456787,https://inaturalist-open-data.s3.amazonaws.com/photos/1806130/medium.JPG,,,,2,0,false,,"Kadahalli, Karnataka",13.274272,77.993136,403,,,,403,,,false,,,,Kolar,Karnataka,India,Karnataka,Kolar,紅葉痲瘋樹,Jatropha gossypiifolia,Bellyache Bush,Plantae,119099
1490542,8873910a-1155-4869-b3ff-4ddfdc28c9b6,2015-05-11,2015-05-11,,Mumbai,99532,rinkisarkar,,2015-05-15 13:39:54 UTC,2019-07-18 09:48:15 UTC,research,CC-BY-NC,http://www.inaturalist.org/observations/1490542,https://inaturalist-open-data.s3.amazonaws.com/photos/1847251/medium.JPG,,,,2,0,false,62,"Pune, IN-MH, IN",18.51957,73.85535,,,,,,,,false,,,,Pune,Maharashtra,India,Maharashtra,Pune,common lantana,Lantana camara,common lantana,Plantae,50333
1500880,9b84ee26-41a4-4815-a69e-7bd4016ca944,Tue Apr 14 2015 18:44:29 GMT+0530 (GMT+5:30),2015-04-14,2015-04-14 13:14:29 UTC,Chennai,100386,jayashreevk,,2015-05-17 10:38:28 UTC,2019-11-07 01:09:46 UTC,research,CC-BY-NC,http://www.inaturalist.org/observations/1500880,https://inaturalist-open-data.s3.amazonaws.com/photos/1858954/medium.jpg,,,,1,0,false,3,"Pune, IN-MH, IN",18.7512533333,73.4708783333,,,,,,,,false,,,,Pune,Maharashtra,India,Maharashtra,Pune,common water hyacinth,Pontederia crassipes,common water hyacinth,Plantae,962637
1504725,1e5cbeb3-3612-4d1d-82d2-8ffa96bf22de,2015-05-17,2015-05-17,,Kolkata,100710,jyotishman16,,2015-05-18 03:07:23 UTC,2019-07-18 09:48:14 UTC,research,CC-BY-NC,http://www.inaturalist.org/observations/1504725,https://inaturalist-open-data.s3.amazonaws.com/photos/1864082/medium.JPG,,"flowers, greatnatureproject",taken near tezpur koliabhumura bridge,2,0,false,62,"Sonitpur, IN-AS, IN",26.63333,92.8,,,,,,,,false,,,,Sonitpur,Assam,India,Assam,Sonitpur,common lantana,Lantana camara,common lantana,Plantae,50333
1505357,f55dc557-623a-435c-bf34-00705657cd18,2015-05-18,2015-05-18,,Chennai,98293,natarajan,natarajan.k,2015-05-18 06:21:15 UTC,2020-07-27 18:09:15 UTC,research,CC-BY-NC,http://www.inaturalist.org/observations/1505357,https://inaturalist-open-data.s3.amazonaws.com/photos/1864919/medium.JPG,,green,Forest flower..Id not know,2,0,false,62,"Kancheepuram, IN-AP, IN",12.9918457635,80.0903320313,,,,,,,,false,,,,Kancheepuram,Tamil Nadu,India,Tamil Nadu,Kancheepuram,stinking passionflower,Passiflora foetida,stinking passionflower,Plantae,51448
1505490,59265138-16a9-40a2-824a-53df6c826d8a,2014-09-19,2014-09-19,,Chennai,90816,nikhilparasuraman,Nikhil ParasuRaman,2015-05-18 07:42:54 UTC,2021-03-24 22:25:34 UTC,research,CC-BY-NC,http://www.inaturalist.org/observations/1505490,https://inaturalist-open-data.s3.amazonaws.com/photos/1865123/medium.JPG,,"GreatNature, Nikhil ParasuRaman, GNP, NatGeo, India, Port Blair, Andamans, Havelock",Beautiful Looking purple flower seen in Port Blair. ID Requested. Very different looking one I felt. ,3,0,false,,port blair,11.677202,92.73802,130,,,,130,,,false,,,,Andaman Islands,Andaman and Nicobar,India,Andaman and Nicobar,South Andaman,Quail Grass,Celosia argentea,Quail Grass,Plantae,160259
1506441,9c09858c-8db5-416b-98f1-fde7986ab7c2,2015-05-18 6:16:11 PM GMT+05:30,2015-05-18,2015-05-18 12:46:11 UTC,Chennai,100735,chandan,Chandan Pandey,2015-05-18 14:27:06 UTC,2019-08-04 04:38:52 UTC,research,,http://www.inaturalist.org/observations/1506441,https://static.inaturalist.org/photos/1866117/medium.jpg,,,Commonly know as plumed cockcomb,2,0,false,2,"Bangalore Rural, IN-KA, IN",13.2621959895,77.7162749568,6,,,,6,,,false,gps,gps,,Bangalore Rural,Karnataka,India,Karnataka,Bangalore Rural,Quail Grass,Celosia argentea,Quail Grass,Plantae,160259
1510128,8a503e22-6331-4719-b1a4-d61818acd96d,2015-05-19,2015-05-19,,Chennai,98293,natarajan,natarajan.k,2015-05-19 03:39:00 UTC,2018-06-25 13:51:08 UTC,research,CC-BY-NC,http://www.inaturalist.org/observations/1510128,https://inaturalist-open-data.s3.amazonaws.com/photos/1870628/medium.JPG,,herbivore,some  forest  flower...,3,0,false,62,"Kancheepuram, IN-AP, IN",12.995191085,80.0971984863,,,,,,,,false,,,,Kancheepuram,Tamil Nadu,India,Tamil Nadu,Kancheepuram,stinking passionflower,Passiflora foetida,stinking passionflower,Plantae,51448
1510249,808cef4d-4062-4cd4-b05d-f5bc7013ea65,2015-05-18,2015-05-18,,Mumbai,96506,hjalgaonkar,Hitesh S. Jalgaonkar,2015-05-19 04:00:22 UTC,2020-10-11 10:01:11 UTC,research,CC-BY-NC,http://www.inaturalist.org/observations/1510249,https://inaturalist-open-data.s3.amazonaws.com/photos/1870729/medium.JPG,,"India, Flora, Nature, wild, GreatNature, Tree, Maharashtra",The tree has conifer-like appearance and cone-like fruits. The species name equisetifolia refers to the resemblence of the leaves to a horse’s tail.,1,0,false,,"Galtare, Wada, Thane",19.655878,72.96688,31,,,,31,,,false,,,,Palghar,Maharashtra,India,Maharashtra,Palghar,Beach Sheoak,Casuarina equisetifolia,Beach Sheoak,Plantae,62888
1510380,5ef5ab17-50bf-407b-8694-a8cb405fb032,2015-05-17,2015-05-17,,Mumbai,99936,madhurixd,,2015-05-19 04:50:32 UTC,2022-04-16 02:32:08 UTC,research,CC-BY-NC,http://www.inaturalist.org/observations/1510380,https://inaturalist-open-data.s3.amazonaws.com/photos/1870948/medium.JPG,,"DCP, GreatNature","Double Lavender Datura, shot at Maharashtra Nature Park, Mahim, Mumbai",2,0,false,62,"Mumbai City, IN-MH, IN",19.03333,72.85,,,,,,,,false,,,,Greater Bombay,Maharashtra,India,Maharashtra,Mumbai City,metel devil's trumpet,Datura metel,metel devil's trumpet,Plantae,48602
1515192,be90db65-fff0-4606-8b95-aacc37c75eb0,2015-05-17,2015-05-17,,Mumbai,101801,shreyasdesai3195,shreyas,2015-05-20 08:36:35 UTC,2019-09-10 13:42:01 UTC,casual,CC-BY-NC,http://www.inaturalist.org/observations/1515192,https://inaturalist-open-data.s3.amazonaws.com/photos/1877049/medium.jpg,,"Flowers, Trees, Leafs",,1,0,true,62,"Mumbai Suburban, IN-MH, IN",19.07283,72.88261,,,,,,,,false,,,,Greater Bombay,Maharashtra,India,Maharashtra,Mumbai Suburban,Lantana,Lantana camara,common lantana,Plantae,50333
1520355,761439c1-56dc-4816-8556-1088866590c8,2015-05-16,2015-05-16,,Mumbai,101546,pradeep,,2015-05-21 15:52:51 UTC,2019-07-30 19:42:47 UTC,research,CC-BY-NC,http://www.inaturalist.org/observations/1520355,https://inaturalist-open-data.s3.amazonaws.com/photos/1883765/medium.JPG,,,,3,0,false,62,"Thane, IN-MH, IN",19.2,72.96667,,,,,,,,false,,,,Greater Bombay,Maharashtra,India,Maharashtra,Thane,Mexican prickly poppy,Argemone mexicana,Mexican prickly poppy,Plantae,128533
1523970,732d3546-78f8-49b8-a0b2-3faa5256eb33,2015-05-22 1:45:32 PM GMT+05:30,2015-05-22,2015-05-22 08:15:32 UTC,Chennai,100735,chandan,Chandan Pandey,2015-05-22 12:33:37 UTC,2024-05-02 16:34:25 UTC,needs_id,,http://www.inaturalist.org/observations/1523970,https://static.inaturalist.org/photos/1888737/medium.jpg,,,Lamiaceae,1,2,false,2,"Bangalore, IN-KA, IN",13.1173547395,77.5385004175,4,,,,4,,,false,gps,gps,,Bangalore,Karnataka,India,Karnataka,Bangalore,Wide Spikenard,Mesosphaerum suaveolens,Wide Spikenard,Plantae,870900
1530434,fe1e2a09-f5b4-4730-aaf6-804285600c68,2014-12-28,2014-12-28,,Chennai,104187,kumar,KumAr BlitHe,2015-05-23 13:34:38 UTC,2023-05-27 12:09:46 UTC,casual,CC-BY-NC,http://www.inaturalist.org/observations/1530434,https://inaturalist-open-data.s3.amazonaws.com/photos/1896215/medium.JPG,,sipder flower,i saw this flower on the roadside which was strange and attracted my mind towards it,1,0,true,,tagarapuvalasa,17.931111,83.428889,2296,,,,2296,,,false,,,,Vizianagaram,Andhra Pradesh,India,Andhra Pradesh,Vizianagaram,Siam weed,Chromolaena odorata,Siam weed,Plantae,199400
1536925,6bfb94bf-0b4b-4971-8c3d-f14d563e686f,2015-04-24,2015-04-24,,New Delhi,78093,soumendram,Somu Mukho,2015-05-24 15:18:51 UTC,2021-08-24 11:15:42 UTC,research,CC-BY-NC,http://www.inaturalist.org/observations/1536925,https://inaturalist-open-data.s3.amazonaws.com/photos/1903936/medium.jpg,,"dcp, india, macro",,2,0,false,62,"Thane, IN-MH, IN",19.2,72.96667,,,,,,,,false,,,,Greater Bombay,Maharashtra,India,Maharashtra,Thane,紫花酢漿草,Oxalis debilis,Largeflower pink-sorrel,Plantae,61963
1541031,9631bb40-4f71-4c8d-9dd1-cc003c5f87ac,2015-05-22,2015-05-22,,New Delhi,104105,shylajesha,,2015-05-25 06:42:59 UTC,2018-06-25 13:51:09 UTC,research,CC-BY-NC,http://www.inaturalist.org/observations/1541031,https://inaturalist-open-data.s3.amazonaws.com/photos/1909067/medium.JPG,,,,3,0,false,62,"Mysore, IN-KA, IN",12.29791,76.63925,,,,,,,,false,,,,Mysore,Karnataka,India,Karnataka,Mysore,stinking passionflower,Passiflora foetida,stinking passionflower,Plantae,51448
1541442,24d639f3-5213-4575-b414-e0300f398295,2014-08-22 11:18:40,2014-08-22,2014-08-22 05:48:40 UTC,Chennai,105109,meerkat,,2015-05-25 08:59:00 UTC,2019-07-18 09:48:09 UTC,research,CC-BY-NC,http://www.inaturalist.org/observations/1541442,https://inaturalist-open-data.s3.amazonaws.com/photos/1909445/medium.jpg,,lantana,,2,0,false,,"Thrissur, IN-KL, IN",10.565352,76.170085,32,,,,32,,,false,,,,Thrissur,Kerala,India,Kerala,Thrissur,common lantana,Lantana camara,common lantana,Plantae,50333
1541859,8103320e-09a0-4872-8601-f04c40b50c5b,2012-10-20,2012-10-20,,Kolkata,105191,sudipto,Sudipto Chakraborty,2015-05-25 11:48:49 UTC,2024-09-02 16:09:58 UTC,research,CC-BY-NC,http://www.inaturalist.org/observations/1541859,https://inaturalist-open-data.s3.amazonaws.com/photos/1909926/medium.jpg,,,,2,0,false,62,"Thiruvananthapuram, IN-KL, IN",8.7341,76.70671,,,,,,,,false,,,,Thiruvananthapuram,Kerala,India,Kerala,Thiruvananthapuram,White leadtree,Leucaena leucocephala,White leadtree,Plantae,47447
1542000,a08e68c6-7080-4c17-8626-2fc8fb09f806,2014-09-09,2014-09-09,,New Delhi,105179,moju303,,2015-05-25 12:51:53 UTC,2021-06-28 07:45:19 UTC,casual,CC-BY-NC,http://www.inaturalist.org/observations/1542000,https://inaturalist-open-data.s3.amazonaws.com/photos/1910125/medium.JPG,,"Nature, Plant, Green, Mimosa, Pudica","Mimosa Pudica(Also known Choui-Moui in Urdu), tickles childhood memories. Its flower is very beautiful.",0,0,true,62,"NCT of Delhi, IN-DL-WE, IN",28.65381,77.22897,,,,,,,open,false,,,,Delhi,Delhi,India,NCT of Delhi,West,Mimosa Pudica Flower,Mimosa pudica,Sensitive Plant,Plantae,51921
1542057,d8117baf-346d-4aeb-8edc-e3fef7aa097f,2014-10-17,2014-10-17,,New Delhi,105179,moju303,,2015-05-25 13:07:01 UTC,2021-06-30 12:19:41 UTC,casual,CC-BY-NC,http://www.inaturalist.org/observations/1542057,https://inaturalist-open-data.s3.amazonaws.com/photos/1910177/medium.JPG,,"Plant, Nature, Momosa, Pudica",Seed of Mimosa Pudica(Choui-Moui) plant.,0,0,true,62,"NCT of Delhi, IN-DL-WE, IN",28.65381,77.22897,,,,,,,open,false,,,,Delhi,Delhi,India,NCT of Delhi,West,Mimosa Pudica Seed,Mimosa pudica,Sensitive Plant,Plantae,51921
1544961,f9332ab4-16e8-4127-86e1-11eaa072e291,2015-05-23,2015-05-23,,Chennai,105422,amaresh,,2015-05-25 23:49:51 UTC,2016-11-24 22:31:06 UTC,research,CC-BY-NC,http://www.inaturalist.org/observations/1544961,https://inaturalist-open-data.s3.amazonaws.com/photos/1913774/medium.jpg,,"flower, dcp, GreatNature",,2,0,false,62,"Mysore, IN-KA, IN",12.29791,76.63925,,,,,,,,false,,,,Mysore,Karnataka,India,Karnataka,Mysore,Common Lantana,Lantana camara,common lantana,Plantae,50333
1548180,e14c8aa2-b0e2-4455-b612-f2f802119238,2015-05-23,2015-05-23,,Chennai,104192,sureshjonna,Suresh Jonna,2015-05-26 15:42:39 UTC,2019-07-27 07:52:54 UTC,research,CC-BY-NC,http://www.inaturalist.org/observations/1548180,https://inaturalist-open-data.s3.amazonaws.com/photos/1918023/medium.jpg,,,,3,0,false,,"Lingabudhi Lake, Mysore",12.269372,76.611978,2120,,,,2120,,,false,,,,Mysore,Karnataka,India,Karnataka,Mysore,Tridax daisy,Tridax procumbens,Tridax daisy,Plantae,169944
1548285,5baa03b6-3d50-46f9-86fe-2be591694c1b,2015-05-23,2015-05-23,,Chennai,104192,sureshjonna,Suresh Jonna,2015-05-26 16:04:28 UTC,2018-06-25 13:51:11 UTC,research,CC-BY-NC,http://www.inaturalist.org/observations/1548285,https://inaturalist-open-data.s3.amazonaws.com/photos/1917975/medium.jpg,,"Flower, pink, yellow, green",,3,0,false,,"Lingabudhi Lake, Mysore ",12.269372,76.611978,2120,,,,2120,,,false,,,,Mysore,Karnataka,India,Karnataka,Mysore,stinking passionflower,Passiflora foetida,stinking passionflower,Plantae,51448
1549068,40d0b629-57fa-4c19-9058-cdc0efd8b9e5,2011-01-09,2011-01-09,,Chennai,104316,trenkova,,2015-05-26 18:58:13 UTC,2019-11-07 02:38:38 UTC,research,CC-BY-NC,http://www.inaturalist.org/observations/1549068,https://inaturalist-open-data.s3.amazonaws.com/photos/1918808/medium.JPG,,,,1,0,false,,"Kerala backwaters, India",12.08138,75.191876,,,,,,,,false,,,,Kannur,Kerala,India,Kerala,Kannur,common water hyacinth,Pontederia crassipes,common water hyacinth,Plantae,962637
1551271,dc899177-398c-4274-b13f-1baaec5a931d,2015-05-27 10:29:00 AM GMT+05:30,2015-05-27,2015-05-27 04:59:00 UTC,Chennai,100735,chandan,Chandan Pandey,2015-05-27 06:18:17 UTC,2019-12-16 16:08:32 UTC,research,,http://www.inaturalist.org/observations/1551271,https://static.inaturalist.org/photos/1921569/medium.jpg,,,,3,0,false,2,"Bangalore, IN-KA, IN",13.0934662318,77.5768651209,8,,,,8,,,false,gps,gps,,Bangalore,Karnataka,India,Karnataka,Bangalore,Candlebush,Senna alata,Candelabra Bush,Plantae,81515
1554909,70a5c19a-961d-4785-9765-927568cf925a,2015-05-28,2015-05-28,,Chennai,90816,nikhilparasuraman,Nikhil ParasuRaman,2015-05-28 06:35:11 UTC,2020-06-11 21:21:59 UTC,research,CC-BY-NC,http://www.inaturalist.org/observations/1554909,https://inaturalist-open-data.s3.amazonaws.com/photos/1925815/medium.jpg,,"GreatNature, Nikhil ParasuRaman, GNP, NatGeo, India, Chennai, Ameya",,2,0,false,,Chennai,13.01983,80.198849,32,,,,32,,,false,,,,Chennai,Tamil Nadu,India,Tamil Nadu,Chennai,common lantana,Lantana camara,common lantana,Plantae,50333
1554938,148ef5d7-e187-4f4e-9a41-38076b7a0a76,2015-05-28,2015-05-28,,Chennai,90816,nikhilparasuraman,Nikhil ParasuRaman,2015-05-28 06:52:35 UTC,2018-11-15 01:27:52 UTC,casual,CC-BY-NC,http://www.inaturalist.org/observations/1554938,https://inaturalist-open-data.s3.amazonaws.com/photos/1925858/medium.jpg,,"GreatNature, Nikhil ParasuRaman, GNP, NatGeo, India, Chennai, Ameya",ID Unknown,2,0,true,,chennai,13.019778,80.198817,32,,,,32,,,false,,,,Chennai,Tamil Nadu,India,Tamil Nadu,Chennai,Caladium,Caladium bicolor,Heart of Jesus,Plantae,283377
1559646,2e9ed41d-2c15-42c5-892f-e8eb4313d036,2015-04-15,2015-04-15,,Kolkata,106572,sugata,,2015-05-29 05:59:29 UTC,2019-11-07 02:38:41 UTC,research,CC-BY-NC,http://www.inaturalist.org/observations/1559646,https://inaturalist-open-data.s3.amazonaws.com/photos/1930921/medium.jpg,,,My Village water tree.,2,0,false,62,"Kolkata, IN-WB, IN",22.56263,88.36304,,,,,,,,false,,,Kolkata and its Outskirts,Kolkata,West Bengal,India,West Bengal,Kolkata,common water hyacinth,Pontederia crassipes,common water hyacinth,Plantae,962637
1563586,e76fcaf6-6681-4f28-a8ff-5aa2adaae535,2013-03-26,2013-03-26,,Kolkata,106632,bk2015,B K RAY,2015-05-30 14:15:32 UTC,2025-02-03 09:11:58 UTC,casual,CC-BY-NC,http://www.inaturalist.org/observations/1563586,https://inaturalist-open-data.s3.amazonaws.com/photos/1935932/medium.JPG,,,          ,1,0,true,62,"Deoghar, IN-JH, IN",24.48983,86.69902,,,,,,,,false,,,,Deoghar,Jharkhand,India,Jharkhand,Deoghar,Heliconias,Heliconia psittacorum,Parrot's Beak,Plantae,260753
1563733,5005ec06-f733-45df-bcc6-2839ae2acf5c,Sat May 30 2015 08:31:00 GMT+0530 (GMT+5:30),2015-05-30,2015-05-30 03:01:00 UTC,Chennai,101717,ms62p,,2015-05-30 15:35:52 UTC,2021-06-27 20:48:14 UTC,research,CC-BY-NC,http://www.inaturalist.org/observations/1563733,https://inaturalist-open-data.s3.amazonaws.com/photos/1988265/medium.jpg,,,Jatropha ,2,0,false,3,"Mysore, IN-KA, IN",12.3592333333,76.6121366667,,,,,,,,false,,,,Mysore,Karnataka,India,Karnataka,Mysore,Bellyache Bush,Jatropha gossypiifolia,Bellyache Bush,Plantae,119099
1573157,84dd9ff5-9935-4caa-bc0f-fb6502d493fd,2015-05-25,2015-05-25,,Chennai,103497,sudhakaran,Sudhakaran K K,2015-06-01 17:09:28 UTC,2018-06-25 13:51:19 UTC,research,CC-BY-NC,http://www.inaturalist.org/observations/1573157,https://inaturalist-open-data.s3.amazonaws.com/photos/1945895/medium.JPG,,flower,flower,3,0,false,62,"Ernakulam, IN-KL, IN",9.98333,76.28333,,,,,,,,false,,,,Ernakulam,Kerala,India,Kerala,Ernakulam,stinking passionflower,Passiflora foetida,stinking passionflower,Plantae,51448
1573168,126be96e-67bb-421d-a411-91501494fbb5,2015-05-25,2015-05-25,,Chennai,103497,sudhakaran,Sudhakaran K K,2015-06-01 17:12:13 UTC,2019-03-03 12:47:10 UTC,research,CC-BY-NC,http://www.inaturalist.org/observations/1573168,https://inaturalist-open-data.s3.amazonaws.com/photos/1945915/medium.JPG,,flower,flower,2,0,false,62,"Ernakulam, IN-KL, IN",9.98333,76.28333,,,,,,,,false,,,,Ernakulam,Kerala,India,Kerala,Ernakulam,Blue Porterweed,Stachytarpheta jamaicensis,Blue Porterweed,Plantae,169322
1585292,2115f1aa-15cc-4140-8ace-02e17bb1b04e,2012-08-13 15:55:11,2012-08-13,2012-08-13 19:55:11 UTC,Eastern Time (US & Canada),210,csparr,Cyndy Sims,2015-06-04 01:24:52 UTC,2020-12-11 10:50:33 UTC,research,CC-BY,http://www.inaturalist.org/observations/1585292,https://inaturalist-open-data.s3.amazonaws.com/photos/1956367/medium.jpg,,,The local name (in English) because it likes to take over.,2,0,false,,"Sampaje, Karnataka, India",12.502508,75.559944,,,,,,,,false,,,,Kodagu,Karnataka,India,Karnataka,Kodagu,Siam weed,Chromolaena odorata,Siam weed,Plantae,199400
1585301,b487c999-763b-46c6-a7e6-11a100ed36ef,2012-08-12 11:40:01,2012-08-12,2012-08-12 15:40:01 UTC,Eastern Time (US & Canada),210,csparr,Cyndy Sims,2015-06-04 01:24:54 UTC,2022-09-30 15:47:40 UTC,research,CC-BY,http://www.inaturalist.org/observations/1585301,https://inaturalist-open-data.s3.amazonaws.com/photos/1956376/medium.jpg,,,"Rainforest Retreat at Mojo Plantation, near Madikeri, Coorg, Karnata, 12 August 2012",2,0,false,,"Kalooru, Karnataka, India",12.491272,75.717511,,,,,,,,false,,,,Kodagu,Karnataka,India,Karnataka,Kodagu,trailing daisy,Sphagneticola trilobata,trailing daisy,Plantae,246102
1585356,59b095a4-0871-4b1c-a568-e083eeb96c3f,2012-08-11 18:39:06,2012-08-11,2012-08-11 22:39:06 UTC,Eastern Time (US & Canada),210,csparr,Cyndy Sims,2015-06-04 01:38:32 UTC,2023-08-29 12:31:22 UTC,research,CC-BY,http://www.inaturalist.org/observations/1585356,https://inaturalist-open-data.s3.amazonaws.com/photos/1956455/medium.jpg,,,"Rainforest Retreat at Mojo Plantation, near Madikeri, Coorg, Karnata, 12 August 2012",2,0,false,,"Madikeri, Karnataka, India",12.415608,75.745736,,,,,,,open,false,,,,Kodagu,Karnataka,India,Karnataka,Kodagu,tropical soda-apple,Solanum viarum,tropical soda-apple,Plantae,169088
1585359,5d17e855-d061-4456-9305-fe793f8a1d98,2012-08-11 18:08:57,2012-08-11,2012-08-11 22:08:57 UTC,Eastern Time (US & Canada),210,csparr,Cyndy Sims,2015-06-04 01:38:32 UTC,2015-06-04 10:37:52 UTC,casual,CC-BY,http://www.inaturalist.org/observations/1585359,https://inaturalist-open-data.s3.amazonaws.com/photos/1956458/medium.jpg,,,"Rainforest Retreat at Mojo Plantation, near Madikeri, Coorg, Karnata, 12 August 2012",2,0,true,,"Madikeri, Karnataka, India",12.415608,75.745736,,,,,,,,false,,,,Kodagu,Karnataka,India,Karnataka,Kodagu,Polka Dot Plant,Hypoestes phyllostachya,Polka Dot Plant,Plantae,164011
1606144,782508ee-9f70-47c1-83fa-202f77df92c7,2015-06-07,2015-06-07,,Kolkata,100735,chandan,Chandan Pandey,2015-06-08 10:04:12 UTC,2018-06-25 13:51:06 UTC,research,,http://www.inaturalist.org/observations/1606144,https://static.inaturalist.org/photos/1975040/medium.jpg,,,,3,0,false,,"Ramanagara, IN-KA, IN",12.824023972,77.2074212755,25,,,,25,,,false,,,,Ramanagara,Karnataka,India,Karnataka,Ramanagara,stinking passionflower,Passiflora foetida,stinking passionflower,Plantae,51448
1621710,4533e0cc-94b1-4149-bcc5-98c54090b4ba,2015-06-12 4:26:22 PM GMT+05:30,2015-06-12,2015-06-12 10:56:22 UTC,Chennai,100735,chandan,Chandan Pandey,2015-06-12 13:09:23 UTC,2019-04-21 17:17:30 UTC,research,,http://www.inaturalist.org/observations/1621710,https://static.inaturalist.org/photos/1991464/medium.jpg,,,Z,2,0,false,2,"Bangalore, IN-KA, IN",13.0846207942,77.5779001699,8,,,,8,,,false,gps,gps,,Bangalore,Karnataka,India,Karnataka,Bangalore,three-lobe false mallow,Malvastrum coromandelianum,three-lobe false mallow,Plantae,165115
1621715,aa2e13cd-c9aa-4ada-ab8a-20c925ae99a6,2015-06-12 4:52:46 PM GMT+05:30,2015-06-12,2015-06-12 11:22:46 UTC,Chennai,100735,chandan,Chandan Pandey,2015-06-12 13:09:28 UTC,2025-04-01 20:44:37 UTC,research,,http://www.inaturalist.org/observations/1621715,https://static.inaturalist.org/photos/1991483/medium.jpg,,,,1,0,false,2,"Bangalore, IN-KA, IN",13.0848873078,77.5774587607,6,,,,6,,,false,gps,gps,,Bangalore,Karnataka,India,Karnataka,Bangalore,Brazilian Nightshade,Solanum seaforthianum,Brazilian Nightshade,Plantae,169083
1634739,62035af6-100a-4a7b-9c1b-11533674a95e,2015-06-14 9:54:14 AM GMT+05:30,2015-06-14,2015-06-14 04:24:14 UTC,Chennai,100735,chandan,Chandan Pandey,2015-06-15 13:26:36 UTC,2019-08-13 08:55:56 UTC,research,,http://www.inaturalist.org/observations/1634739,https://static.inaturalist.org/photos/2005163/medium.jpg,,,,2,0,false,2,"Chamrajnagar, IN-KA, IN",12.2962511594,77.1674886554,6,,,,6,,,false,gps,gps,,Chamrajnagar,Karnataka,India,Karnataka,Chamrajnagar,Cat's Claw,Martynia annua,Cat's Claw,Plantae,285847
1647083,1b724a26-d112-4d83-9157-9edc2c23196b,2015-06-19 4:13:01 PM GMT+05:30,2015-06-19,2015-06-19 10:43:01 UTC,Chennai,100735,chandan,Chandan Pandey,2015-06-19 10:43:05 UTC,2017-02-12 10:32:49 UTC,research,,http://www.inaturalist.org/observations/1647083,https://static.inaturalist.org/photos/2020769/medium.jpg,,,,1,0,false,2,"Bangalore, IN-KA, IN",13.0723029815,77.5822158223,8,,,,8,,,false,gps,gps,,Bangalore,Karnataka,India,Karnataka,Bangalore,Mimosa pudica,Mimosa pudica,Sensitive Plant,Plantae,51921
1704878,a88658cf-a643-4956-b3b5-096d2e13e487,2015-06-28 12:14:16 PM GMT+05:30,2015-06-28,2015-06-28 06:44:16 UTC,Chennai,100735,chandan,Chandan Pandey,2015-06-29 08:53:41 UTC,2017-06-23 23:55:45 UTC,needs_id,,http://www.inaturalist.org/observations/1704878,https://static.inaturalist.org/photos/2065002/medium.jpg,,,,0,0,false,2,"Mysore, IN-KA, IN",12.3153949876,76.6133691739,96,,,,96,,,false,gps,gps,,Mysore,Karnataka,India,Karnataka,Mysore,Macroptilium lathyroides,Macroptilium lathyroides,Phasey Bean,Plantae,165060
1729572,2ec6f772-fcee-409e-8991-35f5bf2dd5e0,Sat Jun 13 2015 07:03:33 GMT+0530 (GMT+5:30),2015-06-13,2015-06-13 01:33:33 UTC,Chennai,106582,pranamisur,Pranami Sur Mondal,2015-07-06 18:57:42 UTC,2022-09-06 19:28:34 UTC,research,CC-BY-NC,http://www.inaturalist.org/observations/1729572,https://inaturalist-open-data.s3.amazonaws.com/photos/2095978/medium.jpg,,,It's a wild bloom..,2,0,false,3,"Siliguri, Siliguri, West Bengal, IN",26.662279,88.355188,135610,,,,135610,,,false,,,,Darjiling,West Bengal,India,West Bengal,Darjiling,billygoat weed,Ageratum conyzoides,billygoat weed,Plantae,143422
1732125,43b7224d-29de-4eb1-b365-88c03bebefaf,2015-05-13,2015-05-13,,Mumbai,8826,chiefredearth,Chief RedEarth,2015-07-07 12:02:45 UTC,2020-03-04 06:23:58 UTC,needs_id,CC-BY-NC-ND,http://www.inaturalist.org/observations/1732125,https://inaturalist-open-data.s3.amazonaws.com/photos/2099094/medium.JPG,,,A small plant with hard prickly fruits.,1,0,false,,Sankeshwar,16.254777,74.48187,2908,,,,2908,,,false,,,,Belgaum,Karnataka,India,Karnataka,Belgaum,puncture vine,Tribulus terrestris,puncture vine,Plantae,64238
1732169,a048fe53-2276-4ddb-8032-f31f57440c97,2015-05-13,2015-05-13,,Mumbai,8826,chiefredearth,Chief RedEarth,2015-07-07 13:02:16 UTC,2019-05-12 17:13:01 UTC,research,CC-BY-NC-ND,http://www.inaturalist.org/observations/1732169,https://inaturalist-open-data.s3.amazonaws.com/photos/2099148/medium.JPG,,,,2,0,false,,Sankeshwar,16.254777,74.48187,2908,,,,2908,,,false,,,,Belgaum,Karnataka,India,Karnataka,Belgaum,rough cocklebur,Xanthium strumarium,rough cocklebur,Plantae,57920
1735106,c677f05d-4839-42d1-aab9-4abf91378334,2015-06-10,2015-06-10,,Mumbai,8826,chiefredearth,Chief RedEarth,2015-07-08 11:58:53 UTC,2018-04-05 14:19:16 UTC,research,CC-BY-NC-ND,http://www.inaturalist.org/observations/1735106,https://inaturalist-open-data.s3.amazonaws.com/photos/2103032/medium.JPG,,,,2,0,false,,Pakni,17.736741,75.773928,,,,,,,,false,,,,Solapur,Maharashtra,India,Maharashtra,Solapur,stinking passionflower,Passiflora foetida,stinking passionflower,Plantae,51448
1751303,e145b786-86c7-41be-a75a-2bee62344c1a,2015-07-12 3:55:45 PM GMT+05:30,2015-07-12,2015-07-12 10:25:45 UTC,Chennai,100735,chandan,Chandan Pandey,2015-07-13 08:12:28 UTC,2020-06-11 21:31:13 UTC,research,,http://www.inaturalist.org/observations/1751303,https://static.inaturalist.org/photos/2125629/medium.jpg,,,,1,0,false,2,"Hassan, IN-KA, IN",12.879964752,76.0199466521,4,,,,4,,,false,gps,gps,,Hassan,Karnataka,India,Karnataka,Hassan,Turkey Berry,Solanum torvum,Turkey Berry,Plantae,63694
1785834,eca54a48-8a76-4dfa-8e21-9725f4179077,2015-07-20 3:58:44 PM GMT+05:30,2015-07-20,2015-07-20 10:28:44 UTC,Chennai,100735,chandan,Chandan Pandey,2015-07-21 09:54:09 UTC,2024-02-06 04:20:33 UTC,research,,http://www.inaturalist.org/observations/1785834,https://static.inaturalist.org/photos/2162042/medium.jpg,,,,1,0,false,2,"The Nilgiris, IN-AP, IN",11.2766666412,76.5577774048,,,,,,,,false,gps,gps,,Nilgiris,Tamil Nadu,India,Tamil Nadu,The Nilgiris,Mexican Fleabane,Erigeron karvinskianus,Mexican Fleabane,Plantae,76923
1786039,a9808ecf-7b5f-44fa-a7da-ca12e049913b,2015-06-27,2015-06-27,,Mumbai,8826,chiefredearth,Chief RedEarth,2015-07-21 12:59:14 UTC,2016-08-08 14:10:19 UTC,research,CC-BY-NC-ND,http://www.inaturalist.org/observations/1786039,https://inaturalist-open-data.s3.amazonaws.com/photos/2162371/medium.JPG,,,,2,0,false,,Nira,18.104543,74.208669,300,,,,300,,,false,,,,Pune,Maharashtra,India,Maharashtra,Pune,Tropical Milkweed,Asclepias curassavica,tropical milkweed,Plantae,75602
1799158,d444e756-4f91-4c86-85e0-201e305a9e2b,2015-07-25 6:59:20 PM GMT+05:30,2015-07-25,2015-07-25 13:29:20 UTC,Chennai,117031,thejeshgn,Thejesh GN,2015-07-25 14:51:57 UTC,2024-09-08 09:53:12 UTC,casual,CC-BY,http://www.inaturalist.org/observations/1799158,https://inaturalist-open-data.s3.amazonaws.com/photos/2179787/medium.jpg,,,,1,0,true,2,"Bangalore, IN-KA, IN",13.0025816667,77.6159483333,4,,,,4,,,false,gps,gps,,Bangalore,Karnataka,India,Karnataka,Bangalore,Santa Maria feverfew,Parthenium hysterophorus,Santa Maria feverfew,Plantae,126424
1808844,fbb94be0-da61-4cb1-8a28-354049ed5578,2015-07-28 14:25:08,2015-07-28,2015-07-28 08:55:08 UTC,Chennai,117031,thejeshgn,Thejesh GN,2015-07-28 09:15:00 UTC,2024-10-21 21:27:25 UTC,research,CC-BY,http://www.inaturalist.org/observations/1808844,https://inaturalist-open-data.s3.amazonaws.com/photos/2192826/medium.jpg,,,,2,0,false,,"Bangalore, IN-KA, IN",13.004166,77.566944,,,,,,,,false,,,,Bangalore,Karnataka,India,Karnataka,Bangalore,Creeping Woodsorrel,Oxalis corniculata,Creeping Woodsorrel,Plantae,53168
1809223,55865f18-34c0-400f-9d1a-fa07adb701b4,2015-07-26,2015-07-26,,Mumbai,8826,chiefredearth,Chief RedEarth,2015-07-28 13:34:38 UTC,2020-05-13 19:13:12 UTC,research,CC-BY-NC-ND,http://www.inaturalist.org/observations/1809223,https://inaturalist-open-data.s3.amazonaws.com/photos/2193349/medium.JPG,,,,3,0,false,,Vavi,19.797606,74.250212,1503,,,,1503,,,false,,,,Nashik,Maharashtra,India,Maharashtra,Nashik,Bush Morning-glory,Ipomoea carnea fistulosa,,Plantae,236503
1816093,e4fae32f-b77d-4e28-b881-1e1077c36be0,2015-07-30 12:38:08 PM GMT+05:30,2015-07-30,2015-07-30 07:08:08 UTC,Chennai,100735,chandan,Chandan Pandey,2015-07-30 13:59:50 UTC,2025-04-01 20:51:31 UTC,research,,http://www.inaturalist.org/observations/1816093,https://static.inaturalist.org/photos/2202737/medium.jpg,,,,1,0,false,2,"Bangalore, IN-KA, IN",13.0923435457,77.5742257882,8,,,,8,,,false,gps,gps,,Bangalore,Karnataka,India,Karnataka,Bangalore,Wild Tantan,Desmanthus virgatus,Wild Tantan,Plantae,161714
1825448,1b05d72f-c875-4cec-b1d2-8aa74524f02c,2015-08-02 10:55:07 PM GMT+05:30,2015-08-02,2015-08-02 17:25:07 UTC,Chennai,117031,thejeshgn,Thejesh GN,2015-08-02 17:24:41 UTC,2024-09-08 09:53:12 UTC,casual,CC-BY,http://www.inaturalist.org/observations/1825448,,,,,0,0,false,2,,13.004135,77.6185926,31,,,,31,,,false,gps,gps,,Bangalore,Karnataka,India,Karnataka,Bangalore,Santa Maria Feverfew (Parthenium hysterophorus),Parthenium hysterophorus,Santa Maria feverfew,Plantae,126424
1833850,fbfb5ac7-4780-48bd-8485-64e2d8c7d6fc,2014-07-09 09:15:38,2014-07-09,2014-07-09 19:15:38 UTC,Hawaii,11318,satishnikam,Satish Nikam,2015-08-05 06:42:25 UTC,2017-04-14 22:18:23 UTC,research,CC-BY-NC,http://www.inaturalist.org/observations/1833850,https://inaturalist-open-data.s3.amazonaws.com/photos/2226759/medium.jpg,,,,1,0,false,,kurvande,18.701228,73.388553,7623,,,,7623,,,false,,,,Raigarh,Maharashtra,India,Maharashtra,Raigarh,Eclipta prostrata,Eclipta prostrata,false daisy,Plantae,76765
1849841,a3824c1c-abb5-48d1-bd11-7de0b43bfe29,2015-08-05 13:13:35,2015-08-05,2015-08-05 07:43:35 UTC,Chennai,117031,thejeshgn,Thejesh GN,2015-08-10 10:32:16 UTC,2024-09-08 09:53:12 UTC,research,CC-BY,http://www.inaturalist.org/observations/1849841,https://inaturalist-open-data.s3.amazonaws.com/photos/2248298/medium.jpg,,,,3,0,false,,"Bangalore, Karnataka, India",13.005,77.566666,,,,,,,,false,,,,Bangalore,Karnataka,India,Karnataka,Bangalore,Oceanblue Morning Glory,Ipomoea indica,oceanblue morning glory,Plantae,77496
1852488,25526b1c-04ef-4682-be68-a257caa2dbfc,2015-08-09 1:06:47 PM GMT+05:30,2015-08-09,2015-08-09 07:36:47 UTC,Chennai,100735,chandan,Chandan Pandey,2015-08-11 04:12:46 UTC,2018-06-25 13:51:41 UTC,research,,http://www.inaturalist.org/observations/1852488,https://static.inaturalist.org/photos/2252010/medium.jpg,,,,3,0,false,2,"Uttara Kannada, IN-KA, IN",14.0073307298,74.5620211807,8,,,,8,,,false,gps,gps,,Uttar Kannand,Karnataka,India,Karnataka,Uttara Kannada,stinking passionflower,Passiflora foetida,stinking passionflower,Plantae,51448
1852503,ea50ef84-2183-4a0a-ae42-af4d25f53c92,2015-08-10 12:15:51 PM GMT+05:30,2015-08-10,2015-08-10 06:45:51 UTC,Chennai,100735,chandan,Chandan Pandey,2015-08-11 04:13:45 UTC,2020-01-11 19:37:21 UTC,casual,,http://www.inaturalist.org/observations/1852503,https://static.inaturalist.org/photos/2252058/medium.jpg,,,Turneria,1,0,true,2,"sagar,karnataka",14.16704,75.0403,4654,,,,4654,,,false,,,,Shimoga,Karnataka,India,Karnataka,Shimoga,Turnera subulata,Turnera subulata,Cuban Buttercup,Plantae,327909
1852508,b87970f4-97f7-4aa1-a105-c41b8b54dfb2,2015-08-10 1:35:22 PM GMT+05:30,2015-08-10,2015-08-10 08:05:22 UTC,Chennai,100735,chandan,Chandan Pandey,2015-08-11 04:13:08 UTC,2019-07-31 18:50:08 UTC,research,,http://www.inaturalist.org/observations/1852508,https://static.inaturalist.org/photos/2252072/medium.jpg,,,,2,0,false,2,"Shimoga, IN-KA, IN",14.1010228468,75.0730240742,12,,,,12,,,false,gps,gps,,Shimoga,Karnataka,India,Karnataka,Shimoga,Yellow alder,Turnera ulmifolia,Yellow alder,Plantae,170055
1873808,5a2ec80a-33ae-4185-95aa-469a49aec5fc,2015-08-16,2015-08-16,,Mumbai,8826,chiefredearth,Chief RedEarth,2015-08-19 13:10:43 UTC,2024-03-04 10:47:26 UTC,research,CC-BY-NC-ND,http://www.inaturalist.org/observations/1873808,https://inaturalist-open-data.s3.amazonaws.com/photos/2282150/medium.JPG,,,,2,0,false,,Gundlav,20.621407,72.968202,1300,,,,1300,,,false,,,,Valsad,Gujarat,India,Gujarat,Valsad,Spinyhead Sida,Sida acuta,Spinyhead Sida,Plantae,168922
1873953,74ff098a-008c-47d1-bf9d-3e7847aafede,2015-08-16,2015-08-16,,Mumbai,8826,chiefredearth,Chief RedEarth,2015-08-19 14:53:40 UTC,2024-03-04 10:47:33 UTC,research,CC-BY-NC-ND,http://www.inaturalist.org/observations/1873953,https://inaturalist-open-data.s3.amazonaws.com/photos/2282336/medium.JPG,,,,2,0,false,,Gundlav,20.621407,72.968202,1300,,,,1300,,,false,,,,Valsad,Gujarat,India,Gujarat,Valsad,Indian Heliotrope,Heliotropium indicum,Indian Heliotrope,Plantae,83492
1912039,a0b1453e-a94c-4383-9fb5-5f9455bdd5e0,2015-09-02 1:54:30 PM GMT+05:30,2015-09-02,2015-09-02 08:24:30 UTC,Chennai,100735,chandan,Chandan Pandey,2015-09-02 09:55:05 UTC,2020-11-03 14:23:36 UTC,research,,http://www.inaturalist.org/observations/1912039,https://static.inaturalist.org/photos/2334695/medium.jpg,,,,1,0,false,2,"Bangalore, IN-KA, IN",13.0718371797,77.582091984,12,,,,12,,,false,gps,gps,,Bangalore,Karnataka,India,Karnataka,Bangalore,Chinese Bur,Triumfetta rhomboidea,Chinese Bur,Plantae,170044
1935754,f524dcd6-331f-4ad0-9447-c6ed1e65b527,2015-09-04,2015-09-04,,Mumbai,8826,chiefredearth,Chief RedEarth,2015-09-11 15:44:32 UTC,2018-04-12 16:46:49 UTC,research,CC-BY-NC-ND,http://www.inaturalist.org/observations/1935754,https://inaturalist-open-data.s3.amazonaws.com/photos/2368851/medium.JPG,,,,1,0,false,,Somanath,20.906002,70.384372,3386,,,,3386,,,false,,,,Gir Somnath,Gujarat,India,Gujarat,Gir Somnath,Santa Maria feverfew,Parthenium hysterophorus,Santa Maria feverfew,Plantae,126424
1981502,5de372c0-6d32-480c-8977-b68b4a290fef,2015-09-10,2015-09-10,,Mumbai,8826,chiefredearth,Chief RedEarth,2015-09-24 00:29:18 UTC,2024-10-10 12:41:22 UTC,research,CC-BY-NC-ND,http://www.inaturalist.org/observations/1981502,https://inaturalist-open-data.s3.amazonaws.com/photos/2423617/medium.JPG,,,,2,0,false,,Kheda,22.750651,72.684666,1033,,,,1033,,,false,,,,Kheda,Gujarat,India,Gujarat,Kheda,Dwarf Morning Glory,Evolvulus nummularius,Dwarf Morning Glory,Plantae,83417
1997025,9dcf2e0a-2af5-4722-b7a9-98a2c49eb527,2015-09-16,2015-09-16,,Mumbai,8826,chiefredearth,Chief RedEarth,2015-09-25 08:42:51 UTC,2024-10-10 11:58:01 UTC,needs_id,CC-BY-NC-ND,http://www.inaturalist.org/observations/1997025,https://inaturalist-open-data.s3.amazonaws.com/photos/2429611/medium.JPG,,,,1,0,false,,Godhara,22.778804,73.61428,5311,,,,5311,,,false,,,,Panch Mahals,Gujarat,India,Gujarat,Panch Mahals,Martynia,Martynia annua,Cat's Claw,Plantae,285847
2011345,2f39968e-d94a-448c-b377-8c958cc15e10,2015-05-31 08:17:42,2015-05-31,2015-05-31 18:17:42 UTC,Hawaii,11318,satishnikam,Satish Nikam,2015-09-29 14:01:02 UTC,2015-09-29 15:35:42 UTC,research,CC-BY-NC,http://www.inaturalist.org/observations/2011345,https://inaturalist-open-data.s3.amazonaws.com/photos/2449288/medium.jpg,,,,1,0,false,,Kurvande ,18.701228,73.388553,7623,,,,7623,,,false,,,,Raigarh,Maharashtra,India,Maharashtra,Raigarh,Sida acuta,Sida acuta,Spinyhead Sida,Plantae,168922
2065132,6448df70-da22-4be0-bc20-c22d595c65c1,2015-09-29,2015-09-29,,Mumbai,8826,chiefredearth,Chief RedEarth,2015-10-04 09:28:04 UTC,2017-04-09 04:03:53 UTC,research,CC-BY-NC-ND,http://www.inaturalist.org/observations/2065132,https://inaturalist-open-data.s3.amazonaws.com/photos/2473489/medium.JPG,,,This plant was found in a religious place where they use to prepare medicine.,1,0,false,,dhar,22.601292,75.302465,4834,,,,4834,,,false,,,,Dhar,Madhya Pradesh,India,Madhya Pradesh,Dhar,Hemp,Cannabis sativa,Cannabis,Plantae,75997
2092701,01b38c41-fdd7-4572-8d49-e77516b1b8b0,2015-10-10,2015-10-10,,New Delhi,44145,devendrabhardwaj,Devendra Bhardwaj,2015-10-10 15:31:19 UTC,2018-03-03 15:17:18 UTC,research,CC-BY-NC,http://www.inaturalist.org/observations/2092701,https://inaturalist-open-data.s3.amazonaws.com/photos/2504523/medium.jpg,,Rajasthan Biodiversity,"Name of species- 	 Sida acuta    
Common Name- 	चिकना,Common Wireweed
Family- 	Malvaceae (mallow family)
Photo taken on- 	10 Oct,2015
At- 	Kulish Smiriti Van,Jaipur,Rajasthan
Description& uses-	""The leaves of Side acute are wedge-shaped and sharp at the edge. It is a short plant. It will grow during the rainy season. These leaves have some medicinal properties. It will helpful to stop a blood spill.Squeezing the leaf and applying the juice on Cut Injury will stop the bleeding.Grinding Acalypha indica leaf, garlic pod 2, black pepper 3 with Sida acuta in proper ratio and applying this mix with a band aid on cut wounds will avoid septic and helpful for fast recovery. Don’t use Salt, tamarind.It is also useful in Fever, bronchitis, ulcer, diarrhea,dysentery, skin diseases.The paste of leaves is mixed with coconut oil and applied on head regularly for killing dandruffs and also for strengthening hair
""
",2,0,false,,kulish smriti van Jaipur,26.870799,75.809642,36,,,,36,,,false,,,,Jaipur,Rajasthan,India,Rajasthan,Jaipur,Spinyhead Sida,Sida acuta,Spinyhead Sida,Plantae,168922
2129611,e79af8de-d9ab-4b45-9088-cc2162f89ef5,2015-10-15 8:29:11 AM GMT+05:30,2015-10-15,2015-10-15 02:59:11 UTC,Chennai,100735,chandan,Chandan Pandey,2015-10-16 09:08:15 UTC,2021-02-13 18:32:51 UTC,needs_id,,http://www.inaturalist.org/observations/2129611,https://static.inaturalist.org/photos/2532023/medium.jpg,,,,1,0,false,2,"The Nilgiris, IN-AP, IN",11.3202328573,76.6244750885,12,,,,12,,,false,gps,gps,,Nilgiris,Tamil Nadu,India,Tamil Nadu,The Nilgiris,Phytolacca octandra,Phytolacca octandra,Inkweed,Plantae,155483
2351008,8f524d3e-a0f4-42af-b24d-3d06c8932c04,2015-10-24 12:20:11,2015-10-24,2015-10-24 06:50:11 UTC,New Delhi,34585,subhajit_roy,Subhajit Roy,2015-11-05 06:14:06 UTC,2017-08-17 18:51:34 UTC,casual,CC-BY,http://www.inaturalist.org/observations/2351008,https://inaturalist-open-data.s3.amazonaws.com/photos/2612150/medium.JPG,,,,0,0,true,,Mahananda Wildlife Sanctuary,26.915907,88.402817,3052,,,,3052,,,false,,,,Darjiling,West Bengal,India,West Bengal,Darjiling,Quail Grass,Celosia argentea,Quail Grass,Plantae,160259
2356958,7cbba4d5-98a6-4b1d-a4b7-de0873ac523b,2015-11-02,2015-11-02,,Mumbai,8826,chiefredearth,Chief RedEarth,2015-11-07 12:24:14 UTC,2024-03-08 14:58:35 UTC,needs_id,CC-BY-NC-ND,http://www.inaturalist.org/observations/2356958,https://inaturalist-open-data.s3.amazonaws.com/photos/2621171/medium.JPG,,,,1,0,false,,Sihora Dungriya,23.089581,78.438247,3183,,,,3183,,,false,,,,Raisen,Madhya Pradesh,India,Madhya Pradesh,Raisen,lion's ear,Leonotis nepetifolia,lion's ear,Plantae,141634
2360187,878d7903-b81b-480a-bc33-1bb956017568,2015-11-03,2015-11-03,,Mumbai,8826,chiefredearth,Chief RedEarth,2015-11-08 10:25:41 UTC,2018-04-06 17:35:50 UTC,research,CC-BY-NC-ND,http://www.inaturalist.org/observations/2360187,https://inaturalist-open-data.s3.amazonaws.com/photos/2625803/medium.JPG,,,,1,0,false,,Saikheda,20.104828,78.505382,379,,,,379,,,false,,,,Yavatmal,Maharashtra,India,Maharashtra,Yavatmal,Bushy Lippia,Lippia alba,Bushy Lippia,Plantae,223926
2365031,cf8a6ba1-57f5-462a-863b-240b44557d2a,2015-11-07 12:30:38 PM GMT+05:30,2015-11-07,2015-11-07 07:00:38 UTC,Chennai,117031,thejeshgn,Thejesh GN,2015-11-09 18:23:37 UTC,2024-09-08 09:53:12 UTC,research,CC-BY,http://www.inaturalist.org/observations/2365031,https://inaturalist-open-data.s3.amazonaws.com/photos/2631880/medium.jpg,,,,1,0,false,2,,12.93009,77.586655,6,,,,6,,,false,,,,Bangalore,Karnataka,India,Karnataka,Bangalore,marvel of Peru,Mirabilis jalapa,Marvel of Peru,Plantae,50616
2373643,dcbde44d-588f-4616-9409-65952177219a,2015-11-12 2:59:34 PM GMT+05:30,2015-11-12,2015-11-12 09:29:34 UTC,Chennai,117031,thejeshgn,Thejesh GN,2015-11-12 12:30:54 UTC,2024-09-08 09:53:12 UTC,needs_id,CC-BY,http://www.inaturalist.org/observations/2373643,https://inaturalist-open-data.s3.amazonaws.com/photos/2651166/medium.jpg,,,,1,0,false,2,"Hassan, IN-KA, IN",12.9358733333,75.7120883333,6,,,,6,,open,false,,,,Hassan,Karnataka,India,Karnataka,Hassan,Solanum nigrum,Solanum americanum,American black nightshade,Plantae,59035
2379536,e4235f89-b42e-47c2-96d7-dea6e97f214f,2015-11-12 6:14:12 PM GMT+05:30,2015-11-12,2015-11-12 12:44:12 UTC,Chennai,117031,thejeshgn,Thejesh GN,2015-11-14 11:31:34 UTC,2024-09-08 09:53:12 UTC,research,CC-BY,http://www.inaturalist.org/observations/2379536,https://inaturalist-open-data.s3.amazonaws.com/photos/2651167/medium.jpg,,,,2,0,false,2,"Hassan, IN-KA, IN",12.9361016667,75.71238,5,,,,5,,,false,,,,Hassan,Karnataka,India,Karnataka,Hassan,marvel of Peru,Mirabilis jalapa,Marvel of Peru,Plantae,50616
2379547,1b3caac3-54e1-472c-817d-acc998c4fae3,2015-11-13 8:26:57 AM GMT+05:30,2015-11-13,2015-11-13 02:56:57 UTC,Chennai,117031,thejeshgn,Thejesh GN,2015-11-14 11:32:08 UTC,2024-09-08 09:53:12 UTC,research,CC-BY,http://www.inaturalist.org/observations/2379547,https://inaturalist-open-data.s3.amazonaws.com/photos/2651178/medium.jpg,,,,2,0,false,2,"Hassan, IN-KA, IN",12.9360033333,75.7122866667,10,,,,10,,,false,,,,Hassan,Karnataka,India,Karnataka,Hassan,Rockweed,Pilea microphylla,artillery plant,Plantae,69172
2389327,c9f1e1e7-7751-40b3-b440-4ff2e0ab4cc7,2015-11-15,2015-11-15,,Mumbai,8826,chiefredearth,Chief RedEarth,2015-11-16 13:52:01 UTC,2022-04-28 02:44:39 UTC,needs_id,CC-BY-NC-ND,http://www.inaturalist.org/observations/2389327,https://inaturalist-open-data.s3.amazonaws.com/photos/2660848/medium.JPG,,,,1,0,false,,Jabalpur,23.181467,79.986407,15685,,,,15685,,,false,,,,Jabalpur,Madhya Pradesh,India,Madhya Pradesh,Jabalpur,metel devil's trumpet,Datura metel,metel devil's trumpet,Plantae,48602
2624457,905774a9-433f-4c5c-9cf6-6e77fd237966,2016-01-26,2016-01-26,,Mumbai,8826,chiefredearth,Chief RedEarth,2016-01-28 13:43:19 UTC,2023-11-30 15:22:15 UTC,research,CC-BY-NC-ND,http://www.inaturalist.org/observations/2624457,https://inaturalist-open-data.s3.amazonaws.com/photos/2938899/medium.JPG,,,,2,0,false,,saifai,26.956867,78.968418,3116,,,,3116,,open,false,,,,Etawah,Uttar Pradesh,India,Uttar Pradesh,Etawah,false daisy,Eclipta prostrata,false daisy,Plantae,76765
2696527,02a46d8f-bb8a-4bb2-9f2d-1be9fb74ed68,2001-08-01,2001-08-01,,Paris,173306,zanskar,David Renoult,2016-02-19 12:30:17 UTC,2022-02-13 06:12:28 UTC,casual,CC-BY-NC,http://www.inaturalist.org/observations/2696527,https://inaturalist-open-data.s3.amazonaws.com/photos/3035128/medium.jpg,,,,3,0,true,,manali,32.243913,77.189652,56,,,,56,,,false,,,,Kullu,Himachal Pradesh,India,Himachal Pradesh,Kullu,hemp,Cannabis sativa,Cannabis,Plantae,75997
2745494,5a6f3f8a-2219-4cb0-a851-7bb0ebac7224,2016-02-16 13:46:27,2016-02-16,2016-02-16 18:46:27 UTC,Eastern Time (US & Canada),12158,erikamitchell,Erika Mitchell,2016-03-05 03:09:56 UTC,2019-11-07 11:05:06 UTC,research,CC-BY-NC,http://www.inaturalist.org/observations/2745494,https://inaturalist-open-data.s3.amazonaws.com/photos/3102144/medium.jpg,,"Alternanthera sessilis, Cubbon Park, India, bangalore, sensitive plant, sessile joyweed",,1,0,false,,"Bangalore, Karnataka, India",12.983815,77.59187,,,,,,,open,false,,,,Bangalore,Karnataka,India,Karnataka,Bangalore,Sessile Joyweed,Alternanthera sessilis,Sessile Joyweed,Plantae,158232
2745495,9fa94f4e-4fe3-47dd-a497-944be56d7e0e,2016-02-16 13:56:04,2016-02-16,2016-02-16 18:56:04 UTC,Eastern Time (US & Canada),12158,erikamitchell,Erika Mitchell,2016-03-05 03:09:58 UTC,2024-10-16 22:20:22 UTC,research,CC-BY-NC,http://www.inaturalist.org/observations/2745495,https://inaturalist-open-data.s3.amazonaws.com/photos/3102145/medium.jpg,,"Cubbon Park, India, Oxalis corniculata, bangalore, creeping wood sorel, sensitive plant",,1,0,false,,"Bangalore, Karnataka, India",12.9844433333,77.5921216667,,,,,,,,false,,,,Bangalore,Karnataka,India,Karnataka,Bangalore,creeping woodsorrel,Oxalis corniculata,Creeping Woodsorrel,Plantae,53168
2745500,bb847818-2c06-449a-a8ac-115b08cd4a86,2016-02-16 14:20:35,2016-02-16,2016-02-16 19:20:35 UTC,Eastern Time (US & Canada),12158,erikamitchell,Erika Mitchell,2016-03-05 03:10:06 UTC,2019-07-23 11:58:39 UTC,research,CC-BY-NC,http://www.inaturalist.org/observations/2745500,https://inaturalist-open-data.s3.amazonaws.com/photos/3102150/medium.jpg,,"Cubbon Park, India, Plant, Ricinus communis, bangalore, castor bean plant, sensitive plant",,2,0,false,,"Bangalore, Karnataka, India",12.985945,77.5899483333,,,,,,,,false,,,,Bangalore,Karnataka,India,Karnataka,Bangalore,castor bean,Ricinus communis,castor bean,Plantae,56739
2745545,4c51455c-0d2f-4fb1-aff4-1f9eb87f54b8,2016-02-21 09:02:24,2016-02-21,2016-02-21 14:02:24 UTC,Eastern Time (US & Canada),12158,erikamitchell,Erika Mitchell,2016-03-05 03:11:30 UTC,2019-07-23 11:58:37 UTC,research,CC-BY-NC,http://www.inaturalist.org/observations/2745545,https://inaturalist-open-data.s3.amazonaws.com/photos/3102197/medium.jpg,,"India, Ricinus communis, bangalore, castor bean plant, sensitive plant",,2,0,false,,"Bannerghatta, Bangalore, Karnataka, India",12.84174,77.58848,,,,,,,,false,,,,Bangalore,Karnataka,India,Karnataka,Bangalore,castor bean,Ricinus communis,castor bean,Plantae,56739
2745560,f842c7c8-fc4a-4055-8609-c05d438df5fb,2016-02-22 11:40:25,2016-02-22,2016-02-22 16:40:25 UTC,Eastern Time (US & Canada),12158,erikamitchell,Erika Mitchell,2016-03-05 03:12:04 UTC,2024-12-27 13:11:11 UTC,research,CC-BY-NC,http://www.inaturalist.org/observations/2745560,https://inaturalist-open-data.s3.amazonaws.com/photos/3102212/medium.jpg,,"India, Lalbagh Gardens, Mimosa pudica, bangalore, sensitive plant",,1,0,false,,"Bangalore, Karnataka, India",12.9438783333,77.5813183333,,,,,,,,false,,,,Bangalore,Karnataka,India,Karnataka,Bangalore,Sensitive Plant,Mimosa pudica,Sensitive Plant,Plantae,51921
2819126,bdc4a180-b0cc-4f31-a6f4-1e69986c4b11,2016-03-20,2016-03-20,,Mumbai,8826,chiefredearth,Chief RedEarth,2016-03-23 04:32:01 UTC,2022-02-02 16:32:44 UTC,research,CC-BY-NC-ND,http://www.inaturalist.org/observations/2819126,https://inaturalist-open-data.s3.amazonaws.com/photos/3206312/medium.JPG,,,"This flower looks like Biophytum Sensitivum, leaves similar to shamrock. Spotted in open fields.",2,0,false,,Chandigarh,30.733315,76.779418,11013,,,,11013,,,false,,,,Chandigarh,Chandigarh,India,Chandigarh,Chandigarh,Largeflower Pink-Sorrel,Oxalis debilis,Largeflower pink-sorrel,Plantae,61963
2830882,4206de9d-b4fe-49f4-ac9b-480fe3861e84,2016-02-22 11:33:07,2016-02-22,2016-02-22 16:33:07 UTC,Eastern Time (US & Canada),12158,erikamitchell,Erika Mitchell,2016-03-26 02:52:18 UTC,2024-12-27 06:12:19 UTC,research,CC-BY-NC,http://www.inaturalist.org/observations/2830882,https://inaturalist-open-data.s3.amazonaws.com/photos/3223936/medium.jpg,,"India, Lalbagh Gardens, Spathodea campanulata, bangalore, inaturalist, scarlet bell tree",,1,0,false,,"Bangalore, Karnataka, India",12.944185,77.5812133333,,,,,,,,false,,,,Bangalore,Karnataka,India,Karnataka,Bangalore,African tulip tree,Spathodea campanulata,African tulip tree,Plantae,126566
2832152,2413f233-9a5d-497d-b8c3-b8937c961617,2016-03-26 16:49:29,2016-03-26,2016-03-26 11:19:29 UTC,Chennai,117031,thejeshgn,Thejesh GN,2016-03-26 14:33:19 UTC,2024-09-08 09:53:12 UTC,research,CC-BY,http://www.inaturalist.org/observations/2832152,https://inaturalist-open-data.s3.amazonaws.com/photos/3225782/medium.jpg,,,,3,0,false,,"Hassan, Karnataka, India",12.7226910556,75.7233661667,,,,,,,,false,,,,Hassan,Karnataka,India,Karnataka,Hassan,trailing daisy,Sphagneticola trilobata,trailing daisy,Plantae,246102
2832164,456c753e-163b-4069-a3a4-199cd370bb0a,2016-03-26 16:36:52,2016-03-26,2016-03-26 11:06:52 UTC,Chennai,117031,thejeshgn,Thejesh GN,2016-03-26 14:37:06 UTC,2024-09-08 09:53:12 UTC,research,CC-BY,http://www.inaturalist.org/observations/2832164,https://inaturalist-open-data.s3.amazonaws.com/photos/3225799/medium.jpg,,,,2,0,false,,"Hassan, Karnataka, India",12.724069,75.7221185833,,,,,,,,false,,,,Hassan,Karnataka,India,Karnataka,Hassan,skyflower,Duranta erecta,skyflower,Plantae,162153
2902290,062c5673-bf6b-42e1-aa65-8e7b53473db5,Fri Apr 08 2016 18:14:38 GMT+0530 (GMT+5:30),2016-04-08,2016-04-08 12:44:38 UTC,Chennai,202610,bijoy,Bijoy Venugopal,2016-04-08 23:31:52 UTC,2025-01-02 04:42:27 UTC,research,CC-BY-NC,http://www.inaturalist.org/observations/2902290,https://inaturalist-open-data.s3.amazonaws.com/photos/3321342/medium.jpg,,,,2,0,false,3,"Madanapalle, Madanapalle, AP, IN",13.638255,78.4492366667,,,,,,,,false,,,,Chittoor,Andhra Pradesh,India,Andhra Pradesh,Chittoor,Mexican prickly poppy,Argemone mexicana,Mexican prickly poppy,Plantae,128533
2903536,143a8b7f-b287-43db-a66f-7357fb2bdca6,Sat Apr 09 2016 09:52:46 GMT+0530 (GMT+5:30),2016-04-09,2016-04-09 04:22:46 UTC,Chennai,202610,bijoy,Bijoy Venugopal,2016-04-09 04:25:58 UTC,2024-10-16 10:32:59 UTC,research,CC-BY-NC,http://www.inaturalist.org/observations/2903536,https://inaturalist-open-data.s3.amazonaws.com/photos/3321367/medium.jpg,,,,2,0,false,3,"Madanapalle, Madanapalle, AP, IN",13.6378583333,78.449995,,,,,,,,false,,,,Chittoor,Andhra Pradesh,India,Andhra Pradesh,Chittoor,Coral Vine,Antigonon leptopus,Coral Vine,Plantae,48380
2927633,92c34665-54db-4048-a58d-2955d8fbfbdb,2016-03-04,2016-03-04,,Stockholm,215755,frogplanet,,2016-04-13 09:24:11 UTC,2016-05-22 22:44:37 UTC,casual,CC-BY-NC,http://www.inaturalist.org/observations/2927633,,,,,0,0,false,,"Western Ghats, Agumbe",14.192394,74.992676,66078,,,,66078,,,false,,,,Shimoga,Karnataka,India,Karnataka,Shimoga,Sensitive Plant,Mimosa pudica,Sensitive Plant,Plantae,51921
2945318,8b9af131-69ed-4599-9ef5-3974c7dab5b7,Fri Apr 15 2016 17:10:01 GMT+0530 (GMT+5:30),2016-04-15,2016-04-15 11:40:01 UTC,Chennai,202610,bijoy,Bijoy Venugopal,2016-04-16 10:35:56 UTC,2019-07-18 09:48:08 UTC,research,CC-BY-NC,http://www.inaturalist.org/observations/2945318,https://inaturalist-open-data.s3.amazonaws.com/photos/3377919/medium.jpg,,,,2,0,false,3,"Coonoor, Coonoor, Tamil Nadu, IN",11.3371133333,76.8045833333,,,,,,,,false,,,,Nilgiris,Tamil Nadu,India,Tamil Nadu,The Nilgiris,common lantana,Lantana camara,common lantana,Plantae,50333
3096277,c1da1a06-cdb6-4cf9-bc02-5f72d94c49e0,2016-04-02,2016-04-02,,Mumbai,8826,chiefredearth,Chief RedEarth,2016-05-04 15:54:12 UTC,2016-06-12 16:16:27 UTC,casual,CC-BY-NC-ND,http://www.inaturalist.org/observations/3096277,https://inaturalist-open-data.s3.amazonaws.com/photos/3572462/medium.JPG,,,A small yellow flower growing on a waste land.,0,0,true,,Amritsar,31.633979,74.872264,11217,,,,11217,,,false,,,,Amritsar,Punjab,India,Punjab,Amritsar,Oriental false hawksbeard,Youngia japonica,Oriental false hawksbeard,Plantae,127066
3358168,47329c95-08d4-443c-99da-1ac6fceb078a,2015-08-17,2015-08-17,,Hawaii,239583,laksiyer,Laks Iyer,2016-06-01 20:26:40 UTC,2023-01-27 18:57:43 UTC,research,,http://www.inaturalist.org/observations/3358168,https://static.inaturalist.org/photos/3877984/medium.jpg,,Compositae,"Observed in Parambikulam tiger reserve, India, August 2015. Purple compositan. Two types of trichomes on petals and one type on stamen. Pollen size ~20 microns",1,0,false,,Parambikulam,10.449531,76.821769,9493,,,,9493,,,false,,,,Coimbatore,Tamil Nadu,India,Tamil Nadu,Coimbatore,Centratherum punctatum,Centratherum punctatum,Brazilian bachelor's button,Plantae,160297
3448112,768dec6a-64b9-46d6-84bb-6e76499438c7,2015-09-16 11:32:07,2015-09-16,2015-09-16 21:32:07 UTC,Hawaii,11318,satishnikam,Satish Nikam,2016-06-13 04:25:39 UTC,2020-06-11 18:49:28 UTC,needs_id,CC-BY-NC,http://www.inaturalist.org/observations/3448112,https://inaturalist-open-data.s3.amazonaws.com/photos/3999816/medium.jpg,,,,1,0,false,,kurvande,18.701228,73.388553,7623,,,,7623,,,false,,,,Raigarh,Maharashtra,India,Maharashtra,Raigarh,White leadtree,Leucaena leucocephala,White leadtree,Plantae,47447
3651476,0de052b1-bd88-40f1-a48b-c83b0f22d9dd,2016/06/12 6:28 AM IST,2016-06-12,2016-06-12 03:28:00 UTC,Jerusalem,8826,chiefredearth,Chief RedEarth,2016-07-10 02:08:20 UTC,2016-07-10 12:10:38 UTC,needs_id,CC-BY-NC-ND,http://www.inaturalist.org/observations/3651476,https://inaturalist-open-data.s3.amazonaws.com/photos/4224886/medium.JPG,,,"A small plant, very small yellow flowers with white petals. A common plant.",0,0,false,,"Joshimath, Uttarakhand 246443, India",30.5505524,79.5659633,2448,,,,2448,,,false,,,,Chamoli,Uttaranchal,India,Uttarakhand,Chamoli,Gallant soldier,Galinsoga parviflora,Gallant Soldier,Plantae,48178
3763553,7ca096f8-ce84-4263-905a-97b87aec72fc,2015-10-18 10:03:54,2015-10-18,2015-10-18 20:03:54 UTC,Hawaii,11318,satishnikam,Satish Nikam,2016-07-29 10:06:24 UTC,2019-08-04 04:38:43 UTC,research,CC-BY-NC,http://www.inaturalist.org/observations/3763553,https://inaturalist-open-data.s3.amazonaws.com/photos/4384490/medium.jpg,,,,1,0,false,,kurvande,18.701228,73.388553,7623,,,,7623,,,false,,,,Raigarh,Maharashtra,India,Maharashtra,Raigarh,Quail Grass,Celosia argentea,Quail Grass,Plantae,160259
3768938,614c46a9-6492-41e3-88ed-ef61239bc71e,2016-07-30 8:49:29 AM IST,2016-07-30,2016-07-30 05:49:29 UTC,Jerusalem,275322,narayanannarayanan,Narayanan Narayanan,2016-07-30 06:59:49 UTC,2024-12-23 05:25:16 UTC,needs_id,,http://www.inaturalist.org/observations/3768938,https://static.inaturalist.org/photos/4393353/medium.jpeg,,,ഉമ്മം,1,0,false,2,"Palakkad, IN-KL, IN",10.8899283333,76.4091266667,7,,,,7,,,false,,,,Palakkad,Kerala,India,Kerala,Palakkad,metel devil's trumpet,Datura metel,metel devil's trumpet,Plantae,48602
3775140,8dd18b3a-2931-4269-9a9d-550a0cb3d975,2016/07/29 9:54 AM IST,2016-07-29,2016-07-29 06:54:00 UTC,Jerusalem,8826,chiefredearth,Chief RedEarth,2016-07-31 04:06:01 UTC,2016-07-31 04:06:04 UTC,needs_id,CC-BY-NC-ND,http://www.inaturalist.org/observations/3775140,https://inaturalist-open-data.s3.amazonaws.com/photos/4401509/medium.jpeg,,,"According to the book, “Food in China,” bathua has been a food source of several old civilizations: it was likely cultivated in Neolithic Europe (7,000-1700 BC), and was also found in China circa 5th century AD. Despite man’s efforts to eradicate their presence with the use of noxious pesticides and herbicides, lamb’s quarters continue to be more resilient and adaptable than humans (who at this point would do best to welcome the plant into their kitchen pots)—the plant is here to stay. http://theindianvegan.blogspot.in/2014/0...
",0,0,false,,"Joshimath, Uttarakhand 246443, India",30.5505524,79.5659633,2448,,,,2448,,,false,,,,Chamoli,Uttaranchal,India,Uttarakhand,Chamoli,Lamb's Quarters,Chenopodium album,Common Lambsquarters,Plantae,58127
3793705,4aedb9dd-837e-41e6-b07a-ba25bfcc11d1,2016/07/31 6:08 PM IST,2016-07-31,2016-07-31 15:08:00 UTC,Jerusalem,8826,chiefredearth,Chief RedEarth,2016-08-03 11:09:04 UTC,2022-06-20 05:39:27 UTC,research,CC-BY-NC-ND,http://www.inaturalist.org/observations/3793705,https://inaturalist-open-data.s3.amazonaws.com/photos/4430476/medium.jpeg,,,,2,0,false,,"Joshimath, Uttarakhand 246443, India",30.5505524,79.5659633,2448,,,,2448,,,false,,,,Chamoli,Uttaranchal,India,Uttarakhand,Chamoli,jimsonweed,Datura stramonium,jimsonweed,Plantae,55854
3806193,99c1c573-d5de-4a14-b78a-dbfbf571dcb4,2016/08/02 8:32 AM IST,2016-08-02,2016-08-02 05:32:00 UTC,Jerusalem,8826,chiefredearth,Chief RedEarth,2016-08-05 06:12:53 UTC,2022-06-05 16:46:53 UTC,research,CC-BY-NC-ND,http://www.inaturalist.org/observations/3806193,https://inaturalist-open-data.s3.amazonaws.com/photos/4447158/medium.jpeg,,,,4,1,false,,"Joshimath, Uttarakhand 246443, India",30.5505524,79.5659633,2448,,,,2448,,,false,,,,Chamoli,Uttaranchal,India,Uttarakhand,Chamoli,Ipomoea purpurea,Ipomoea purpurea,common morning-glory,Plantae,52344
3923675,6b98e6e0-1be5-49aa-83a2-17ee6c108b9e,2016/08/06 4:33 PM IST,2016-08-06,2016-08-06 13:33:00 UTC,Jerusalem,8826,chiefredearth,Chief RedEarth,2016-08-20 13:05:42 UTC,2020-11-09 17:30:38 UTC,research,CC-BY-NC-ND,http://www.inaturalist.org/observations/3923675,https://inaturalist-open-data.s3.amazonaws.com/photos/4616772/medium.jpeg,,,"A thickly growing plant with beautiful flowers, growing everywhere.",3,0,false,,"Joshimath, Uttarakhand 246443, India",30.5505524,79.5659633,2448,,,,2448,,,false,,,,Chamoli,Uttaranchal,India,Uttarakhand,Chamoli,大本炮仔草,Nicandra physalodes,apple-of-Peru,Plantae,78217
3959034,53795295-968f-4d89-b8ba-a2ee6975085a,2016/08/25 11:36 AM IST,2016-08-25,2016-08-25 08:36:00 UTC,Jerusalem,311035,savita,,2016-08-25 11:39:05 UTC,2023-11-12 17:53:36 UTC,research,CC-BY-NC,http://www.inaturalist.org/observations/3959034,https://inaturalist-open-data.s3.amazonaws.com/photos/4666914/medium.jpeg,,,,1,0,false,,"Lohgaon, Pune, Maharashtra 411047, India",18.5911292,73.91882,4828,,,,4828,,open,false,,,,Pune,Maharashtra,India,Maharashtra,Pune,cutleaf groundcherry,Physalis angulata,cutleaf groundcherry,Plantae,61374
3974051,0882fb9f-913f-4579-8a76-1c79bbd8fdc8,2016/08/27 11:22 AM IST,2016-08-27,2016-08-27 08:22:00 UTC,Jerusalem,311035,savita,,2016-08-27 18:03:16 UTC,2021-09-01 15:29:45 UTC,research,CC-BY-NC,http://www.inaturalist.org/observations/3974051,https://inaturalist-open-data.s3.amazonaws.com/photos/4687106/medium.jpeg,,,,1,0,false,,"Lohgaon, Pune, Maharashtra 411047, India",18.5911292,73.91882,4828,,,,4828,,,false,,,,Pune,Maharashtra,India,Maharashtra,Pune,Turkey Berry,Solanum torvum,Turkey Berry,Plantae,63694
3974146,906978d6-7e6e-4c9b-92cd-ba6593c23b04,2016/08/27 2:28 PM IST,2016-08-27,2016-08-27 11:28:00 UTC,Jerusalem,311035,savita,,2016-08-27 18:16:16 UTC,2019-08-13 08:56:03 UTC,research,CC-BY-NC,http://www.inaturalist.org/observations/3974146,https://inaturalist-open-data.s3.amazonaws.com/photos/4687276/medium.jpeg,,,,3,0,false,,"Lohgaon, Pune, Maharashtra 411047, India",18.5911292,73.91882,4828,,,,4828,,,false,,,,Pune,Maharashtra,India,Maharashtra,Pune,Cat's Claw,Martynia annua,Cat's Claw,Plantae,285847
3974160,fd2007aa-3573-433b-b19f-5a3bf1e829e8,2016/08/27 12:34 PM IST,2016-08-27,2016-08-27 09:34:00 UTC,Jerusalem,311035,savita,,2016-08-27 18:18:25 UTC,2018-05-25 10:16:35 UTC,research,CC-BY-NC,http://www.inaturalist.org/observations/3974160,https://inaturalist-open-data.s3.amazonaws.com/photos/4687297/medium.jpeg,,,,1,0,false,,"Lohgaon, Pune, Maharashtra 411047, India",18.5911292,73.91882,4828,,,,4828,,,false,,,,Pune,Maharashtra,India,Maharashtra,Pune,Jatropha gossypiifolia,Jatropha gossypiifolia,Bellyache Bush,Plantae,119099
3980211,6c32aa1d-d06b-45d5-be83-c88fa43f8dac,2016/08/28 1:36 PM IST,2016-08-28,2016-08-28 10:36:00 UTC,Jerusalem,311035,savita,,2016-08-28 15:44:47 UTC,2020-11-04 05:35:16 UTC,research,CC-BY-NC,http://www.inaturalist.org/observations/3980211,https://inaturalist-open-data.s3.amazonaws.com/photos/4696283/medium.jpeg,,,,3,1,false,,"Lohgaon, Pune, Maharashtra 411047, India",18.5911292,73.91882,4828,,,,4828,,,false,,,,Pune,Maharashtra,India,Maharashtra,Pune,Abanico,Celosia argentea,Quail Grass,Plantae,160259
4028816,25fe8286-50fd-4d87-aeb5-1f2eb576af16,2016-09-04 6:34:05 AM GMT+05:30,2016-09-04,2016-09-04 01:04:05 UTC,Chennai,265796,dhruvphadke1993,Ar. Dhruv Phadke,2016-09-04 01:05:09 UTC,2019-07-18 09:47:59 UTC,research,,http://www.inaturalist.org/observations/4028816,https://static.inaturalist.org/photos/4762829/medium.jpeg,,,"Haldi kunku, ghaneri are the 2 local names ",2,0,false,2,"Gokhalenagar Pune, Maharashtra",18.5187393848,73.8241677359,2752,,,,2752,,,false,gps,gps,,Pune,Maharashtra,India,Maharashtra,Pune,common lantana,Lantana camara,common lantana,Plantae,50333
4064776,df7a5a34-6a5d-4ca1-a74a-17c6b51659f2,2016/09/07 6:14 PM IST,2016-09-07,2016-09-07 15:14:00 UTC,Jerusalem,311035,savita,,2016-09-08 16:50:33 UTC,2025-01-04 23:22:42 UTC,research,CC-BY-NC,http://www.inaturalist.org/observations/4064776,https://inaturalist-open-data.s3.amazonaws.com/photos/4816685/medium.jpg,,,,1,0,false,,"Aundh, Pune, Maharashtra, India",18.5621075,73.8139655556,,,,,,,,false,,,,Pune,Maharashtra,India,Maharashtra,Pune,downy thorn-apple,Datura innoxia,downy thorn-apple,Plantae,161639
4064779,ec9114cf-7d98-4563-b1a2-50dcb8e21e12,2016/09/08 2:06 PM IST,2016-09-08,2016-09-08 11:06:00 UTC,Jerusalem,311035,savita,,2016-09-08 16:50:34 UTC,2024-12-27 11:09:11 UTC,research,CC-BY-NC,http://www.inaturalist.org/observations/4064779,https://inaturalist-open-data.s3.amazonaws.com/photos/4816677/medium.jpg,,,,2,0,false,,"Vidhate Colony, Wireless Colony, Aundh, Pune, Maharashtra 411007, India",18.5635513889,73.7997286111,,,,,,,,false,,,,Pune,Maharashtra,India,Maharashtra,Pune,Mexican prickly poppy,Argemone mexicana,Mexican prickly poppy,Plantae,128533
4108721,ed20d17e-0dde-46e7-aa71-6e9bf3e45094,2016-09-14 6:30:00 AM GMT+05:30,2016-09-14,2016-09-14 01:00:00 UTC,Chennai,275003,viragrrokde,Virag Rokde,2016-09-14 18:05:27 UTC,2019-07-18 09:48:01 UTC,research,CC-BY-NC,http://www.inaturalist.org/observations/4108721,https://inaturalist-open-data.s3.amazonaws.com/photos/4883111/medium.jpeg,,,कामुनी,2,0,false,2,"Pashan Lake Jogging Track Shiv Nagar, Pashan Pune, Maharashtra 411021",18.5363389154,73.7880206108,344,,,,344,,,false,gps,gps,,Pune,Maharashtra,India,Maharashtra,Pune,common lantana,Lantana camara,common lantana,Plantae,50333
4128060,ad6464d1-c797-4164-b8a6-2c47808a1050,2016-09-17T06:38,2016-09-17,2016-09-16 20:38:00 UTC,Sydney,326572,grassflower,,2016-09-17 05:33:59 UTC,2020-10-01 09:32:36 UTC,research,CC-BY,http://www.inaturalist.org/observations/4128060,https://static.inaturalist.org/photos/4911776/medium.jpg,,,,3,0,false,111,"NCT of Delhi, IN-DL-WE, IN",28.52292195,77.19007965,,,,,,,,false,,,,Delhi,Delhi,India,NCT of Delhi,West,castor bean,Ricinus communis,castor bean,Plantae,56739
4147719,dfd99643-032a-4a02-9044-36239ae4d448,2016-08-25,2016-08-25,,Mumbai,311035,savita,,2016-09-19 14:14:55 UTC,2016-09-21 14:35:11 UTC,research,CC-BY-NC,http://www.inaturalist.org/observations/4147719,https://inaturalist-open-data.s3.amazonaws.com/photos/4938038/medium.jpeg,,,,1,0,false,,"Lohgaon, Pune, Maharashtra 411047, India",18.5911292,73.91882,4828,,,,4828,,,false,,,,Pune,Maharashtra,India,Maharashtra,Pune,Spinyhead Sida,Sida acuta,Spinyhead Sida,Plantae,168922
4149685,d8ce5d43-f933-4c74-9dd1-4ce7c22a332a,2016-09-19T06:40,2016-09-19,2016-09-18 20:40:00 UTC,Sydney,326572,grassflower,,2016-09-19 19:32:06 UTC,2025-01-04 23:22:40 UTC,research,CC-BY,http://www.inaturalist.org/observations/4149685,https://static.inaturalist.org/photos/4941144/medium.jpg,,,,1,0,false,111,"Faridabad, IN-HR, IN",28.467671,77.289111,,,,,,,,false,,,,Faridabad,Haryana,India,Haryana,Faridabad,downy thorn-apple,Datura innoxia,downy thorn-apple,Plantae,161639
4157384,955df9a7-a241-4732-8625-fecb28c3b08e,2016/09/10 9:14 AM IST,2016-09-10,2016-09-10 06:14:00 UTC,Jerusalem,235343,amangujar,Aman Gujar,2016-09-20 21:38:32 UTC,2021-05-20 01:47:10 UTC,research,,http://www.inaturalist.org/observations/4157384,https://static.inaturalist.org/photos/4951558/medium.jpg,,,,2,0,false,,"MIDC, Jalgaon, Maharashtra, India",20.9948390253,75.5893839179,4154,,,,4154,,,false,,,,Jalgaon,Maharashtra,India,Maharashtra,Jalgaon,紅葉痲瘋樹,Jatropha gossypiifolia,Bellyache Bush,Plantae,119099
4157388,3b863715-cc82-47be-adc2-be89826d6d5c,2016/09/10 9:20 AM IST,2016-09-10,2016-09-10 06:20:00 UTC,Jerusalem,235343,amangujar,Aman Gujar,2016-09-20 21:38:34 UTC,2018-06-25 14:01:39 UTC,research,,http://www.inaturalist.org/observations/4157388,https://static.inaturalist.org/photos/4951563/medium.jpg,,,,3,0,false,,"MIDC, Jalgaon, Maharashtra, India",20.9948390253,75.5893839179,4154,,,,4154,,,false,,,,Jalgaon,Maharashtra,India,Maharashtra,Jalgaon,stinking passionflower,Passiflora foetida,stinking passionflower,Plantae,51448
4164452,916b36f9-07af-4bfc-abfe-4f1f41402fc5,2016/09/19 9:50 AM IST,2016-09-19,2016-09-19 06:50:00 UTC,Jerusalem,311035,savita,,2016-09-21 12:11:41 UTC,2017-04-16 14:26:44 UTC,research,CC-BY-NC,http://www.inaturalist.org/observations/4164452,https://inaturalist-open-data.s3.amazonaws.com/photos/4957232/medium.jpeg,,,,1,0,false,,"Lohgaon, Pune, Maharashtra 411047, India",18.5911292,73.91882,4828,,,,4828,,,false,,,,Pune,Maharashtra,India,Maharashtra,Pune,Siam Weed,Chromolaena odorata,Siam weed,Plantae,199400
4166224,4db49d46-c4be-4f76-857d-94bca757efbc,2015-04-26 5:11:00 PM GMT+05:30,2015-04-26,2015-04-26 11:41:00 UTC,Chennai,275003,viragrrokde,Virag Rokde,2016-09-21 16:47:51 UTC,2019-11-07 02:38:21 UTC,research,CC-BY-NC,http://www.inaturalist.org/observations/4166224,https://inaturalist-open-data.s3.amazonaws.com/photos/4959933/medium.jpg,,,Found at Kundmala,1,0,false,2,"Unnamed Road Talegaon Dabhade R, Maharashtra 410506",18.7111485717,73.7114116922,688,,,,688,,,false,gps,gps,,Pune,Maharashtra,India,Maharashtra,Pune,common water hyacinth,Pontederia crassipes,common water hyacinth,Plantae,962637
4180501,0ee7f0f0-2dc1-4a65-9147-04e25cc97f97,2016-09-23T16:56,2016-09-23,2016-09-23 06:56:00 UTC,Sydney,332201,thebearseeker,,2016-09-23 13:23:46 UTC,2025-01-04 23:22:39 UTC,research,CC-BY,http://www.inaturalist.org/observations/4180501,https://static.inaturalist.org/photos/4979732/medium.jpg,,,"Field Notes - Datura, commonly known as Jimson weed or Devil's Snare, is a highly poisonous wild plant, used in alternate medicine as a analgesic. It also used, at times, as a hallucinogen. Often cases have propped up of dried red chilly seeds being adultrated with datura seeds (because of their visual similarity), to horrifying repercussions.",1,0,false,111,"Haryana, IN",28.5506150315,77.3307464416,,,,,29607,obscured,,true,,,,Faridabad,Haryana,India,Haryana,Faridabad,downy thorn-apple,Datura innoxia,downy thorn-apple,Plantae,161639
4180504,6992408f-4591-4735-b597-20c48a0e38d5,2016-09-23T16:57,2016-09-23,2016-09-23 06:57:00 UTC,Sydney,332201,thebearseeker,,2016-09-23 13:24:27 UTC,2019-07-18 09:48:03 UTC,research,CC-BY,http://www.inaturalist.org/observations/4180504,https://static.inaturalist.org/photos/4979741/medium.jpg,,,Field Notes - A common flower in North India. Usually grows on the side of the road and across storm drains.,2,0,false,111,"Haryana, IN",28.5184665021,77.3788479556,,,,,29607,obscured,,true,,,,Faridabad,Haryana,India,Haryana,Faridabad,common lantana,Lantana camara,common lantana,Plantae,50333
4211832,e59bf55f-bb84-4e1b-94cd-971ee0a2b1c0,2016/09/24 12:10 PM IST,2016-09-24,2016-09-24 09:10:00 UTC,Jerusalem,100735,chandan,Chandan Pandey,2016-09-27 02:41:54 UTC,2019-04-29 10:51:19 UTC,research,,http://www.inaturalist.org/observations/4211832,https://static.inaturalist.org/photos/5023789/medium.jpg,,,,2,0,false,,"Vignana Kendra, Bengaluru, Karnataka, India",13.0776591,77.5804659,2428,,,,2428,,,false,,,,Bangalore,Karnataka,India,Karnataka,Bangalore,downy thorn-apple,Datura innoxia,downy thorn-apple,Plantae,161639
4212595,f40b2be0-918a-4fdd-b9a9-d45a958afa6d,2016-09-27 9:54:50 AM GMT+05:30,2016-09-27,2016-09-27 04:24:50 UTC,Chennai,339544,animkhalid,,2016-09-27 04:33:44 UTC,2016-09-27 22:50:59 UTC,research,CC-BY-NC,http://www.inaturalist.org/observations/4212595,https://inaturalist-open-data.s3.amazonaws.com/photos/5025325/medium.jpeg,,,,1,0,false,2,"38, Puthiyangadi Koothuparamba – Chovva Bypass Kadiyangad, Kerala 673525",11.6102557,75.7609508,2200,,,,2200,,,false,,,,Kozhikode,Kerala,India,Kerala,Kozhikode,Marvel of Peru,Mirabilis jalapa,Marvel of Peru,Plantae,50616
4231711,d461027f-4d86-4605-8364-cdc91e3aa4fd,2016-07-21 12:00:05 AM IST,2016-07-21,2016-07-20 21:00:05 UTC,Jerusalem,162404,shantanup,Shantanu Paranjape,2016-09-29 18:30:58 UTC,2024-12-27 11:39:38 UTC,research,CC-BY-NC,http://www.inaturalist.org/observations/4231711,https://inaturalist-open-data.s3.amazonaws.com/photos/5054951/medium.jpeg,,,,1,0,false,2,"Sopan Nagar Saswad, Maharashtra 412301",18.3571877318,74.0265803039,44028,,,,44028,,,false,gps,gps,,Pune,Maharashtra,India,Maharashtra,Pune,Common Lantana,Lantana camara,common lantana,Plantae,50333
4250200,2c15c56f-7119-49d3-be08-f3e6141cd24b,2016/10/02 8:02 AM IST,2016-10-02,2016-10-02 02:32:00 UTC,New Delhi,100735,chandan,Chandan Pandey,2016-10-02 03:38:00 UTC,2019-07-23 11:58:25 UTC,research,,http://www.inaturalist.org/observations/4250200,https://static.inaturalist.org/photos/5082465/medium.jpg,,,,2,0,false,,"Vignana Kendra, Bengaluru, Karnataka, India",13.0829659318,77.5726604462,122,,,,122,,,false,,,,Bangalore,Karnataka,India,Karnataka,Bangalore,castor bean,Ricinus communis,castor bean,Plantae,56739
4250265,44d7d273-d78d-46a8-be29-04b4c736e5c7,2016/10/02 7:52 AM IST,2016-10-02,2016-10-02 02:22:00 UTC,Chennai,100735,chandan,Chandan Pandey,2016-10-02 03:50:46 UTC,2016-10-12 05:48:12 UTC,research,,http://www.inaturalist.org/observations/4250265,https://static.inaturalist.org/photos/5082558/medium.jpeg,,,,1,0,false,,"Vignana Kendra, Bengaluru, Karnataka, India",13.0826078322,77.573261261,244,,,,244,,,false,,,,Bangalore,Karnataka,India,Karnataka,Bangalore,Scarlet Creeper,Ipomoea hederifolia,scarlet creeper,Plantae,126300
4250344,00da3586-49b3-44ad-b44a-d8d254de075b,2016/10/02 7:58 AM IST,2016-10-02,2016-10-02 04:58:00 UTC,Jerusalem,100735,chandan,Chandan Pandey,2016-10-02 04:14:50 UTC,2018-06-25 14:01:36 UTC,research,,http://www.inaturalist.org/observations/4250344,https://static.inaturalist.org/photos/5082704/medium.jpeg,,,,3,0,false,,"Vignana Kendra, Bengaluru, Karnataka, India",13.0806368862,77.5717592239,61,,,,61,,,false,,,,Bangalore,Karnataka,India,Karnataka,Bangalore,stinking passionflower,Passiflora foetida,stinking passionflower,Plantae,51448
4333231,1fa4ef04-34b0-4b5d-ab4c-48ebd3d0227a,2016/09/04 3:10 PM IST,2016-09-04,2016-09-04 12:10:00 UTC,Jerusalem,8826,chiefredearth,Chief RedEarth,2016-10-12 16:51:38 UTC,2022-03-01 18:38:53 UTC,needs_id,CC-BY-NC-ND,http://www.inaturalist.org/observations/4333231,https://inaturalist-open-data.s3.amazonaws.com/photos/5202499/medium.jpeg,,,"Cherry like blossoms, from the grasslands near Hemkund.",1,0,false,,"Sri Hemkunt Sahib Marg, Uttarakhand 246443, India",30.699346,79.6152481,10,,,,10,,,false,,,,Chamoli,Uttaranchal,India,Uttarakhand,Chamoli,Koenigia polystachya,Koenigia polystachya,Himalayan knotweed,Plantae,768203
4425372,de8a0db0-bced-4d26-aa4a-f43e5dc339ba,2016-10-19,2016-10-19,,Mumbai,274997,sanjaydate,,2016-10-24 07:09:44 UTC,2023-11-27 22:09:54 UTC,needs_id,CC-BY-NC,http://www.inaturalist.org/observations/4425372,https://inaturalist-open-data.s3.amazonaws.com/photos/5323138/medium.jpg,,,,1,0,false,,pune maharashtra india,18.519086,73.821344,,,,,,,,false,,,,Pune,Maharashtra,India,Maharashtra,Pune,Wide Spikenard,Mesosphaerum suaveolens,Wide Spikenard,Plantae,870900
4630357,17f81415-ee8f-4670-9292-2bd0c282c9af,2016/09/18 8:19 AM IST,2016-09-18,2016-09-18 05:19:00 UTC,Jerusalem,8826,chiefredearth,Chief RedEarth,2016-11-24 18:29:14 UTC,2024-03-29 06:49:42 UTC,research,CC-BY-NC-ND,http://www.inaturalist.org/observations/4630357,https://inaturalist-open-data.s3.amazonaws.com/photos/5601827/medium.jpeg,,,c,2,0,false,,"Narainbagar, Uttarakhand 246455, India",30.1297891,79.3845675,746,,,,746,,,false,,,,Chamoli,Uttaranchal,India,Uttarakhand,Chamoli,Air Plant,Kalanchoe pinnata,Air Plant,Plantae,164333
4634932,a7312edf-a57a-43dc-90c4-a4bd7085e9b8,2016/09/18 11:30 AM IST,2016-09-18,2016-09-18 08:30:00 UTC,Jerusalem,8826,chiefredearth,Chief RedEarth,2016-11-25 15:29:51 UTC,2016-11-25 16:33:40 UTC,research,CC-BY-NC-ND,http://www.inaturalist.org/observations/4634932,https://inaturalist-open-data.s3.amazonaws.com/photos/5608544/medium.jpeg,,,,1,0,false,,"Narainbagar, Uttarakhand 246455, India",30.1297891,79.3845675,746,,,,746,,,false,,,,Chamoli,Uttaranchal,India,Uttarakhand,Chamoli,Rough Cocklebur,Xanthium strumarium,rough cocklebur,Plantae,57920
4646864,23c22c34-8a6e-4a88-9713-c26ae42f9dfc,2016/09/19 7:43 AM IST,2016-09-19,2016-09-19 04:43:00 UTC,Jerusalem,8826,chiefredearth,Chief RedEarth,2016-11-27 14:39:00 UTC,2019-12-31 17:37:41 UTC,research,CC-BY-NC-ND,http://www.inaturalist.org/observations/4646864,https://inaturalist-open-data.s3.amazonaws.com/photos/5625899/medium.jpeg,,,Growing o the roadside.,3,0,false,,"Narainbagar, Uttarakhand 246455, India",30.1297891,79.3845675,746,,,,746,,,false,,,,Chamoli,Uttaranchal,India,Uttarakhand,Chamoli,common morning-glory,Ipomoea purpurea,common morning-glory,Plantae,52344
4653475,e5ad99a2-d370-4dfd-89ed-5ab1e9e2e5a6,Thu Nov 03 2016 23:12:03 GMT-0500 (CDT),2016-11-03,2016-11-04 04:12:03 UTC,Central Time (US & Canada),140834,greenamigo713_1111,GreenAmigo713_1111,2016-11-28 04:24:43 UTC,2025-04-20 05:07:31 UTC,research,,http://www.inaturalist.org/observations/4653475,https://static.inaturalist.org/photos/5633028/medium.jpg,,,,2,0,false,3,"Marigaon, , Assam, IN",26.2480616667,92.0455861667,,,,,,,open,false,,,,Marigaon,Assam,India,Assam,Morigaon,Candelabra Bush,Senna alata,Candelabra Bush,Plantae,81515
4679120,b58929df-bc25-4700-b61e-61c32189eb09,2016-12-01,2016-12-01,,Pacific Time (US & Canada),21318,danielgeorge,Daniel George,2016-12-02 15:13:38 UTC,2019-07-30 19:42:42 UTC,research,CC-BY-NC,http://www.inaturalist.org/observations/4679120,https://inaturalist-open-data.s3.amazonaws.com/photos/5678019/medium.jpg,,,,4,0,false,3,"Rishikesh Road, Devaprayag, Uttarakhand, IN",30.1139119855,78.4322929293,20,,,,20,,,false,,,,Tehri Garhwal,Uttaranchal,India,Uttarakhand,Tehri Garhwal,Mexican prickly poppy,Argemone mexicana,Mexican prickly poppy,Plantae,128533
4845912,999d1311-5c0e-4d25-bcc4-f120978f5782,2016/09/21 10:22 AM IST,2016-09-21,2016-09-21 07:22:00 UTC,Jerusalem,8826,chiefredearth,Chief RedEarth,2016-12-26 19:33:21 UTC,2019-12-31 17:37:26 UTC,research,CC-BY-NC-ND,https://www.inaturalist.org/observations/4845912,https://inaturalist-open-data.s3.amazonaws.com/photos/5884616/medium.jpeg,,,,3,0,false,,"Narainbagar, Uttarakhand 246455, India",30.1297891,79.3845675,746,,,,746,,,false,,,,Chamoli,Uttaranchal,India,Uttarakhand,Chamoli,common morning-glory,Ipomoea purpurea,common morning-glory,Plantae,52344
4881590,d8f06986-f98e-4fa2-bdd4-429c595d2bd7,2017-01-02 12:11:55 PM GMT+05:30,2017-01-02,2017-01-02 06:41:55 UTC,Chennai,79248,sidb,,2017-01-02 14:03:18 UTC,2018-04-18 05:04:26 UTC,needs_id,,https://www.inaturalist.org/observations/4881590,https://static.inaturalist.org/photos/5934774/medium.jpeg,,,"most likely escaped from cultivation
Others were gorwing nearby in planted garden areas",1,0,false,2,"Hyderabad, IN-TG, IN",17.3829861,78.39986786,27,,,,27,,,false,,,,Hyderabad,Telangana,India,Telangana,Hyderabad,Lantana,Lantana camara,common lantana,Plantae,50333
4911201,0b6b004d-caed-4cf4-928f-b58f08932b0a,2016/10/07 10:14 AM IST,2016-10-07,2016-10-07 07:14:00 UTC,Jerusalem,8826,chiefredearth,Chief RedEarth,2017-01-08 06:05:55 UTC,2017-01-16 16:20:33 UTC,research,CC-BY-NC-ND,https://www.inaturalist.org/observations/4911201,https://inaturalist-open-data.s3.amazonaws.com/photos/5978798/medium.jpeg,,,"On the base of Varun Parbhat, Uttarkashi.",1,0,false,,"Barahat Range, Uttarakhand, India",33.706063,77.720032,,,,,,,,false,,,,Ladakh (Leh),Jammu and Kashmir,India,Jammu and Kashmir,Leh (Ladakh),Scarlet Creeper,Ipomoea hederifolia,scarlet creeper,Plantae,126300
4911676,53ce7d14-fcd4-4008-befd-208cf87ac7d4,2016/10/07 11:43 AM IST,2016-10-07,2016-10-07 08:43:00 UTC,Jerusalem,8826,chiefredearth,Chief RedEarth,2017-01-08 09:02:46 UTC,2024-10-11 07:46:36 UTC,needs_id,CC-BY-NC-ND,https://www.inaturalist.org/observations/4911676,https://inaturalist-open-data.s3.amazonaws.com/photos/5979602/medium.jpeg,,,An invasive and a weed even inside the forests of Uttarkashi.,1,0,false,,"Uttarkashi, Uttarakhand, India",30.9286572,78.4751945,107145,,,,107145,,,false,,,,Uttarkashi,Uttarakhand,India,Uttarakhand,Uttarkashi,Siam weed,Chromolaena odorata,Siam weed,Plantae,199400
4937703,5e084526-112c-4c71-ab96-864582370a63,2016/10/28 7:36 AM IST,2016-10-28,2016-10-28 04:36:00 UTC,Jerusalem,8826,chiefredearth,Chief RedEarth,2017-01-13 18:03:45 UTC,2017-01-14 04:43:03 UTC,casual,CC-BY-NC-ND,https://www.inaturalist.org/observations/4937703,https://inaturalist-open-data.s3.amazonaws.com/photos/6020258/medium.jpeg,,,Locals say this plant (locally known as 'kalabas') was planted on the Himalayan roads to prevent erosion so to strengthen the roads. But now it has became an uncontrollable menace to the local vegetation. ,0,0,true,,"Wan, Uttarakhand 246435, India",30.2049721,79.6181594,349,,,,349,,,false,,,,Chamoli,Uttaranchal,India,Uttarakhand,Chamoli,Mexican devil,Ageratina adenophora,Crofton Weed,Plantae,64114
4954735,929f3a9d-7e34-48a0-a4bb-8968e0dab07b,2016/10/31 1:49 PM IST,2016-10-31,2016-10-31 11:49:00 UTC,Jerusalem,8826,chiefredearth,Chief RedEarth,2017-01-16 14:43:02 UTC,2022-03-01 16:02:33 UTC,research,CC-BY-NC-ND,https://www.inaturalist.org/observations/4954735,https://inaturalist-open-data.s3.amazonaws.com/photos/6044132/medium.jpeg,,"garden pink-sorrel, broadleaf woodsorrel, Mexican, stolons, no stem, introduced species, noxious weed, invasive species, Oxalis latifolia Kunth",,1,0,false,,"Dwarahat Range, Uttarakhand, India",29.8340827227,79.4598037004,15,,,,15,,,false,,,,Almora,Uttaranchal,India,Uttarakhand,Almora,Garden pink-sorrel,Oxalis latifolia,Garden pink-sorrel,Plantae,61839
5055833,edc710f5-7fa9-46d6-bb11-da32b0c35c8f,2016/10/13 6:57 AM IST,2016-10-13,2016-10-13 01:27:00 UTC,Kolkata,34585,subhajit_roy,Subhajit Roy,2017-02-05 05:27:23 UTC,2023-01-27 02:09:43 UTC,needs_id,CC-BY,https://www.inaturalist.org/observations/5055833,https://inaturalist-open-data.s3.amazonaws.com/photos/6199226/medium.jpeg,,,,0,0,false,,Nathang Valley,27.294483,88.813155,,,,,,,,false,,,,East,Sikkim,India,Sikkim,East Sikkim,Himalayan knotweed,Koenigia polystachya,Himalayan knotweed,Plantae,768203
5095212,3b368002-aba6-4665-918e-5a3dad0f5479,2017-02-11 08:28:18,2017-02-11,2017-02-11 16:28:18 UTC,Pacific Time (US & Canada),13075,dnlphillips,Daniel Phillips,2017-02-12 09:21:46 UTC,2022-10-05 09:06:21 UTC,research,CC-BY-NC,https://www.inaturalist.org/observations/5095212,https://inaturalist-open-data.s3.amazonaws.com/photos/6260966/medium.jpg,,,,2,0,false,,bangalore,13.071086,77.583877,,,,,,,,false,,,,Bangalore,Karnataka,India,Karnataka,Bangalore,trailing daisy,Sphagneticola trilobata,trailing daisy,Plantae,246102
5095868,7d25f674-a14e-4407-ad0e-598954210757,2017/02/11 3:49 PM IST,2017-02-11,2017-02-11 10:19:00 UTC,Kolkata,34585,subhajit_roy,Subhajit Roy,2017-02-12 14:56:25 UTC,2020-04-06 17:41:11 UTC,research,CC-BY,https://www.inaturalist.org/observations/5095868,https://inaturalist-open-data.s3.amazonaws.com/photos/6261927/medium.jpeg,,,,2,0,false,,Barajaguli,22.951697,88.53492,,,,,,,open,false,,,Kolkata and its Outskirts,Nadia,West Bengal,India,West Bengal,Nadia,Water Lettuce,Pistia stratiotes,water lettuce,Plantae,78589
5096050,bc6bf9a8-793a-49a4-adb8-93914a0d4b64,2017/02/11 3:51 PM IST,2017-02-11,2017-02-11 10:21:00 UTC,Kolkata,34585,subhajit_roy,Subhajit Roy,2017-02-12 16:08:06 UTC,2019-05-13 16:36:38 UTC,research,CC-BY,https://www.inaturalist.org/observations/5096050,https://inaturalist-open-data.s3.amazonaws.com/photos/6262277/medium.jpeg,,,,1,0,false,,Barajaguli,22.951144,88.535006,,,,,,,,false,,,Kolkata and its Outskirts,Nadia,West Bengal,India,West Bengal,Nadia,Bluemink,Ageratum houstonianum,bluemink,Plantae,120944
5096999,aa5129ce-2f11-4418-800e-edb557f7147e,2017/02/11 4:01 PM IST,2017-02-11,2017-02-11 10:31:00 UTC,Kolkata,34585,subhajit_roy,Subhajit Roy,2017-02-12 18:40:27 UTC,2019-08-05 13:14:51 UTC,research,CC-BY,https://www.inaturalist.org/observations/5096999,https://inaturalist-open-data.s3.amazonaws.com/photos/6263655/medium.jpeg,,,,2,0,false,,Barajaguli,22.95146,88.535006,,,,,,,,false,,,Kolkata and its Outskirts,Nadia,West Bengal,India,West Bengal,Nadia,Red Buffalo-bur,Solanum sisymbriifolium,Red Buffalo-bur,Plantae,79143
5101484,cb56f77b-e9a7-4df6-a262-8a674b643545,2017/02/10 8:36 AM IST,2017-02-10,2017-02-10 03:06:00 UTC,Kolkata,34585,subhajit_roy,Subhajit Roy,2017-02-13 05:40:28 UTC,2018-04-06 17:35:54 UTC,research,CC-BY,https://www.inaturalist.org/observations/5101484,https://inaturalist-open-data.s3.amazonaws.com/photos/6270939/medium.jpeg,,,,1,0,false,,Babnabera,23.455499,87.362283,,,,,,,,false,,,,Barddhaman,West Bengal,India,West Bengal,Barddhaman,Bushy Lippia,Lippia alba,Bushy Lippia,Plantae,223926
5101540,de91c574-140a-4ad0-971f-0c9babd2a1bf,2017/02/10 8:46 AM IST,2017-02-10,2017-02-10 03:16:00 UTC,Kolkata,34585,subhajit_roy,Subhajit Roy,2017-02-13 05:59:35 UTC,2017-02-13 06:00:49 UTC,needs_id,CC-BY,https://www.inaturalist.org/observations/5101540,https://inaturalist-open-data.s3.amazonaws.com/photos/6271062/medium.jpeg,,,,0,0,false,,Babnabera,23.45483,87.361467,,,,,,,,false,,,,Barddhaman,West Bengal,India,West Bengal,Barddhaman,Alligator weed,Alternanthera philoxeroides,Alligatorweed,Plantae,75386
5111542,62791118-986e-4140-aabf-0bd2b4ce8bfa,2017-02-14 9:29:42 AM PST,2017-02-14,2017-02-14 17:29:42 UTC,Pacific Time (US & Canada),13075,dnlphillips,Daniel Phillips,2017-02-15 03:58:53 UTC,2020-09-27 11:38:20 UTC,research,CC-BY-NC,https://www.inaturalist.org/observations/5111542,https://inaturalist-open-data.s3.amazonaws.com/photos/6286477/medium.jpeg,,,,2,0,false,2,"Kodigehalli Main Road Rajiv Gandhi Nagar, Kodigehalli Bengaluru, Karnataka 560097",13.0684383333,77.58048,3,,,,3,,,false,,,,Bangalore,Karnataka,India,Karnataka,Bangalore,castor bean,Ricinus communis,castor bean,Plantae,56739
5112287,17f8ed7c-fb58-4c7d-99c6-21ba9d7a00b8,2017-02-15 9:45:26 a.m. GMT+05:30,2017-02-15,2017-02-15 04:15:26 UTC,Chennai,405813,tapasya,Tapasya Mukkamala,2017-02-15 07:04:32 UTC,2020-09-19 06:45:54 UTC,needs_id,,https://www.inaturalist.org/observations/5112287,https://static.inaturalist.org/photos/6287341/medium.jpeg,,,,1,0,false,2,"Rajiv Gandhi Nagar Road CQAL Layout, Sahakar Nagar Bengaluru, Karnataka 560097",13.0665689609,77.579493373,688,,,,688,,,false,gps,gps,,Bangalore,Karnataka,India,Karnataka,Bangalore,puncture vine,Tribulus terrestris,puncture vine,Plantae,64238
5134987,ac74af8f-8109-4a87-8086-60fb3116f1fa,2017/02/05 12:22 PM IST,2017-02-05,2017-02-05 10:22:00 UTC,Jerusalem,100735,chandan,Chandan Pandey,2017-02-19 16:16:17 UTC,2017-11-28 13:57:26 UTC,research,,https://www.inaturalist.org/observations/5134987,https://static.inaturalist.org/photos/6320962/medium.jpeg,,,,1,0,false,,"Aroor, Karnataka 562104, India",13.5572727676,77.7811991119,928,,,,928,,,false,,,,Chikballapura,Karnataka,India,Karnataka,Chikballapura,Ironwood,Casuarina equisetifolia,Beach Sheoak,Plantae,62888
5166013,6c067186-7eeb-4d6a-95e7-5303f8ee2dd8,2017-01-27 10:40:40,2017-01-27,2017-01-27 20:40:40 UTC,Hawaii,11318,satishnikam,Satish Nikam,2017-02-24 05:20:23 UTC,2017-02-24 06:24:06 UTC,research,CC-BY-NC,https://www.inaturalist.org/observations/5166013,https://inaturalist-open-data.s3.amazonaws.com/photos/6368265/medium.jpg,,,,1,0,false,,kurvande,18.701228,73.388553,7623,,,,7623,,,false,,,,Raigarh,Maharashtra,India,Maharashtra,Raigarh,Oreja de ratón,Mecardonia procumbens,Yellow-flowered waterhyssop,Plantae,165207
5396854,e89c0f0e-4cee-4a11-88d9-1d47e4894b17,2017/03/15 11:19 AM PDT,2017-03-15,2017-03-15 18:19:00 UTC,Pacific Time (US & Canada),4857,c_michael_hogan,c michael hogan,2017-03-19 15:47:19 UTC,2019-02-28 00:45:29 UTC,research,CC-BY-NC-SA,https://www.inaturalist.org/observations/5396854,https://inaturalist-open-data.s3.amazonaws.com/photos/6631286/medium.jpeg,,cactus,,2,0,false,,"Suplai, Madhya Pradesh, India",22.4507498007,78.1004405017,61,,,,61,,open,false,,,,Hoshangabad,Madhya Pradesh,India,Madhya Pradesh,Hoshangabad,Red-flower prickly pear,Opuntia elatior,Red-flower Pricklypear,Plantae,441415
5416951,7e8cf518-0659-430c-8421-f3f328845a7d,2017/03/16 8:49 AM PDT,2017-03-16,2017-03-16 15:49:00 UTC,Pacific Time (US & Canada),4857,c_michael_hogan,c michael hogan,2017-03-21 15:01:10 UTC,2022-06-22 01:10:24 UTC,needs_id,CC-BY-NC-SA,https://www.inaturalist.org/observations/5416951,https://inaturalist-open-data.s3.amazonaws.com/photos/6659818/medium.jpeg,,"monsoon, coloniser","Seen on the banks of the Denwa River, which banks are washed depauperate of vegetation in the monsoon season. Thus this plant has colonised here in the last seven months.",0,0,false,,"Suplai, Madhya Pradesh, India",22.4400668989,78.1030583364,61,,,,61,,,false,,,,Hoshangabad,Madhya Pradesh,India,Madhya Pradesh,Hoshangabad,rough cocklebur,Xanthium strumarium,rough cocklebur,Plantae,57920
5417550,60239c56-29c7-471c-985f-0955bf2524d3,2017/02/19 11:13 AM IST,2017-02-19,2017-02-19 09:13:00 UTC,Jerusalem,8826,chiefredearth,Chief RedEarth,2017-03-21 16:28:33 UTC,2019-02-13 03:41:34 UTC,research,CC-BY-NC-ND,https://www.inaturalist.org/observations/5417550,https://inaturalist-open-data.s3.amazonaws.com/photos/6660489/medium.jpeg,,,,2,0,false,,"Vasant Vihar Phase 1, Raj Vihar, Balliwala, Dehradun, Uttarakhand 248006, India",30.328661,77.9974179,647,,,,647,,,false,,,,Dehra Dun,Uttaranchal,India,Uttarakhand,Dehradun,Largeflower pink-sorrel,Oxalis debilis,Largeflower pink-sorrel,Plantae,61963
5458143,84b2821a-01ad-4305-af6a-ecaecfc313c2,2016/12/08 3:44 PM IST,2016-12-08,2016-12-08 13:44:00 UTC,Jerusalem,401819,mohitpatel845,Mohit Patel,2017-03-25 22:11:05 UTC,2024-02-03 02:21:05 UTC,research,,https://www.inaturalist.org/observations/5458143,https://inaturalist-open-data.s3.amazonaws.com/photos/6718565/medium.jpeg,,"Plantae, Magnoliophyta, Magnoliopsida, Verbenaceae, Lantana, Lantana camara",Nectar plant for Lots of Butterflies.,2,0,false,,"Mohni, Gujarat 394305, India",21.1385497,72.928944,3188,,,,3188,,,false,,,,Surat,Gujarat,India,Gujarat,Surat,common lantana,Lantana camara,common lantana,Plantae,50333
5573060,7e879699-54dc-4689-9e94-044cea7dd809,2017/03/14 11:40 AM PDT,2017-03-14,2017-03-14 18:40:00 UTC,Pacific Time (US & Canada),4857,c_michael_hogan,c michael hogan,2017-04-04 23:57:26 UTC,2017-04-20 10:31:00 UTC,research,CC-BY-NC-SA,https://www.inaturalist.org/observations/5573060,https://inaturalist-open-data.s3.amazonaws.com/photos/6881464/medium.jpeg,,"understory, invasive plant",The spread of invasive lantana is pervasive in the understory of much of Satpura NP. It is thoroughly naturalised.,1,0,false,,"Suplai, Madhya Pradesh, India",22.4480831187,78.1248972417,31,,,,31,,,false,,,,Hoshangabad,Madhya Pradesh,India,Madhya Pradesh,Hoshangabad,Common Lantana,Lantana camara,common lantana,Plantae,50333
5576551,6424516c-c55f-4099-bafb-fce56ead4b79,2017/03/07 11:28 AM PST,2017-03-07,2017-03-07 19:28:00 UTC,Pacific Time (US & Canada),4857,c_michael_hogan,c michael hogan,2017-04-05 05:15:42 UTC,2019-06-10 17:03:12 UTC,research,CC-BY-NC-SA,https://www.inaturalist.org/observations/5576551,https://inaturalist-open-data.s3.amazonaws.com/photos/6886552/medium.jpg,,,Seen in buffer zone of Bandvahgarh National Park,2,0,false,,"Umaria, Madhya Pradesh, India",23.7243634751,81.0156083107,31,,,,31,,,false,,,,Umaria,Madhya Pradesh,India,Madhya Pradesh,Umaria,Tridax daisy,Tridax procumbens,Tridax daisy,Plantae,169944
5616326,bc103af8-0212-44f9-855d-853c8652fe2a,2017/03/05 8:19 AM PST,2017-03-05,2017-03-05 16:19:00 UTC,Pacific Time (US & Canada),4857,c_michael_hogan,c michael hogan,2017-04-08 22:53:00 UTC,2017-04-17 15:21:17 UTC,research,CC-BY-NC-SA,https://www.inaturalist.org/observations/5616326,https://inaturalist-open-data.s3.amazonaws.com/photos/6942222/medium.jpg,,"Bandvahgarh, dry deciduous forest",This pernicious woody shrub is a widespread invasive at Bandvahgarh National Park. Most of the mature specimens measure about 200 to 260 cm high.,1,0,false,,"Rakhi Amodar, Madhya Pradesh, India",23.7152324758,81.0362527372,31,,,,31,,,false,,,,Umaria,Madhya Pradesh,India,Madhya Pradesh,Umaria,Common Lantana,Lantana camara,common lantana,Plantae,50333
5617156,47da9000-597d-4919-b32c-5356ec27e30f,2017/03/04 3:17 AM PST,2017-03-04,2017-03-04 11:17:00 UTC,Pacific Time (US & Canada),4857,c_michael_hogan,c michael hogan,2017-04-08 23:58:52 UTC,2020-12-04 22:47:37 UTC,research,CC-BY-NC-SA,https://www.inaturalist.org/observations/5617156,https://inaturalist-open-data.s3.amazonaws.com/photos/6943692/medium.jpeg,,,This woody shrub spedcies was widespread in Bandvahgarh and elsewhere in the Deccan Plateau. It is an invasive species in the dry deciduous forests. Shrubs typically mature at 200 to 260 cm high and are very common in ruderal areas such as roadsides and drainage ditches. ,3,0,false,,"Tala, Madhya Pradesh, India",23.7241631029,81.0257170198,31,,,,31,,,false,,,,Umaria,Madhya Pradesh,India,Madhya Pradesh,Umaria,Bush Morning Glory,Ipomoea carnea,Bush Morning Glory,Plantae,164081
5621184,1560b3a8-fe73-4ea1-ab48-cb4118b74aa4,2017-03-27 10:50:34 PM PDT,2017-03-27,2017-03-28 05:50:34 UTC,Pacific Time (US & Canada),445774,jimmiekay,Jimmie Kay Ramos,2017-04-09 05:52:00 UTC,2020-11-03 14:01:31 UTC,research,,https://www.inaturalist.org/observations/5621184,https://static.inaturalist.org/photos/6949893/medium.jpeg,,,"Chennai, India",1,0,false,2,Chennai,13.0836528896,80.2707182989,33657,,,,33657,,,false,gps,gps,,Chennai,Tamil Nadu,India,Tamil Nadu,Chennai,African tulip tree,Spathodea campanulata,African tulip tree,Plantae,126566
5623484,03ba58cb-263e-4038-9fad-4bf463ffbe93,2017-03-29 11:06:39,2017-03-29,2017-03-29 05:36:39 UTC,New Delhi,81949,trcarlisle,Tamsin Carlisle,2017-04-09 14:28:10 UTC,2023-07-08 11:58:30 UTC,research,CC-BY-NC-SA,https://www.inaturalist.org/observations/5623484,https://inaturalist-open-data.s3.amazonaws.com/photos/6953161/medium.jpg,,"taxonomy:kingdom=Plantae, Plantae, taxonomy:clade=Tracheophyta, Tracheophyta, taxonomy:phylum=Magnoliophyta, Magnoliophyta, taxonomy:class=Magnoliopsida, Magnoliopsida, taxonomy:order=Rosales, Rosales, taxonomy:family=Cannabaceae, Cannabaceae, taxonomy:genus=Cannabis, Cannabis, taxonomy:species=sativa, taxonomy:binomial=Cannabis sativa, taxonomy:trinomial=Cannabis sativa indica, Cannabis sativa indica, Cannabis sativa subs, Indian hemp, plant, leaves, Uttarakhand, India",,3,0,false,,"Uttarakhand, India",30.350487,79.030825,,,,,,,,false,,,,Rudra Prayag,Uttaranchal,India,Uttarakhand,Rudraprayag,indica marijuana,Cannabis sativa indica,Indica Marijuana,Plantae,542317
5851022,2f6fd1fe-094b-45ad-86c5-f41312b5245b,2017/02/06 2:01 PM IST,2017-02-06,2017-02-06 12:01:00 UTC,Jerusalem,8826,chiefredearth,Chief RedEarth,2017-04-19 11:10:48 UTC,2019-07-18 09:45:49 UTC,research,CC-BY-NC-ND,https://www.inaturalist.org/observations/5851022,https://inaturalist-open-data.s3.amazonaws.com/photos/7282698/medium.jpeg,,,,2,0,false,,"Nainbagh, Uttarakhand, India",30.5705004,78.0045542,423,,,,423,,,false,,,,Tehri Garhwal,Uttaranchal,India,Uttarakhand,Tehri Garhwal,common lantana,Lantana camara,common lantana,Plantae,50333
5863476,87203055-cabb-4e32-b116-55345e669d5c,2017/03/05 6:35 PM PST,2017-03-05,2017-03-06 02:35:00 UTC,Pacific Time (US & Canada),4857,c_michael_hogan,c michael hogan,2017-04-20 01:04:24 UTC,2021-06-04 18:26:44 UTC,research,CC-BY-NC-SA,https://www.inaturalist.org/observations/5863476,https://inaturalist-open-data.s3.amazonaws.com/photos/7301670/medium.jpeg,,,Considerable amounts of this Elephant grass were seen in grassland parts of Bandvahgarh NP. The grass is as tall as an adult elephant ,1,0,false,,"Kila Bandhogarh, Madhya Pradesh, India",23.7057677102,81.034021377,44,,,,44,,,false,,,,Umaria,Madhya Pradesh,India,Madhya Pradesh,Umaria,napier grass,Cenchrus purpureus,napier grass,Plantae,370562
6084807,7416f0de-440a-40a7-84f4-7646a72e427a,2017-05-03 9:47:50 AM PDT,2017-05-03,2017-05-03 16:47:50 UTC,Pacific Time (US & Canada),13075,dnlphillips,Daniel Phillips,2017-05-04 04:47:04 UTC,2019-07-23 11:57:57 UTC,research,CC-BY-NC,https://www.inaturalist.org/observations/6084807,https://inaturalist-open-data.s3.amazonaws.com/photos/7611641/medium.jpeg,,,,2,0,false,2,"Bangalore, IN-KA, IN",13.0643116667,77.5846083333,7,,,,7,,,false,,,,Bangalore,Karnataka,India,Karnataka,Bangalore,castor bean,Ricinus communis,castor bean,Plantae,56739
6167639,97583418-c76c-463f-b1ed-c68988c226f1,2017-05-10 9:45:31 AM PDT,2017-05-10,2017-05-10 16:45:31 UTC,Pacific Time (US & Canada),13075,dnlphillips,Daniel Phillips,2017-05-11 04:21:58 UTC,2019-07-23 11:57:58 UTC,research,CC-BY-NC,https://www.inaturalist.org/observations/6167639,https://inaturalist-open-data.s3.amazonaws.com/photos/7735494/medium.jpeg,,,,3,0,false,2,"14th Cross Road F Block, Sahakar Nagar, Byatarayanapura Bengaluru, Karnataka 560092",13.06282,77.587515,9,,,,9,,,false,,,,Bangalore,Karnataka,India,Karnataka,Bangalore,castor bean,Ricinus communis,castor bean,Plantae,56739
6167640,1a52fdf7-a8de-43c9-895f-97d42314cb4a,2017-05-10 9:46:49 AM PDT,2017-05-10,2017-05-10 16:46:49 UTC,Pacific Time (US & Canada),13075,dnlphillips,Daniel Phillips,2017-05-11 04:22:00 UTC,2019-07-18 09:47:55 UTC,research,CC-BY-NC,https://www.inaturalist.org/observations/6167640,https://inaturalist-open-data.s3.amazonaws.com/photos/7735497/medium.jpeg,,,,2,0,false,2,"Bangalore, IN-KA, IN",13.0627016667,77.5891783333,9,,,,9,,,false,,,,Bangalore,Karnataka,India,Karnataka,Bangalore,common lantana,Lantana camara,common lantana,Plantae,50333
6256877,b3728eea-f8aa-443c-8951-f7f377379176,2017/05/11 9:40 AM IST,2017-05-11,2017-05-11 04:10:00 UTC,Mumbai,401819,mohitpatel845,Mohit Patel,2017-05-18 06:34:58 UTC,2024-03-01 10:14:49 UTC,research,,https://www.inaturalist.org/observations/6256877,https://inaturalist-open-data.s3.amazonaws.com/photos/7868211/medium.jpeg,,"Plantae, Magnoliophyta, Magnoliopsida, Passifloraceae, Passiflora, Passiflora foetida, FloraIndia, Acraea terpsicore",Larval Host Plant For : Acraea terpsicore (Nymphalidae),2,0,false,,"Dumas, Gujarat, India",21.1068141,72.7115046,4287,,,,4287,,,false,,,,Surat,Gujarat,India,Gujarat,Surat,Stinking Passionflower,Passiflora foetida,stinking passionflower,Plantae,51448
6344142,e77399ba-961e-4fa9-a5f3-c83b5505c8bb,Wed May 24 2017 18:41:14 GMT+0530 (GMT+5:30),2017-05-24,2017-05-24 13:11:14 UTC,Chennai,401030,achang,Amy,2017-05-24 13:14:54 UTC,2023-05-08 18:09:34 UTC,needs_id,CC-BY-NC-SA,https://www.inaturalist.org/observations/6344142,https://inaturalist-open-data.s3.amazonaws.com/photos/7996281/medium.jpg,,,,1,0,false,3,"Gulbai Tekra Road, Ahmedabad, Gujarat, IN",23.0234611667,72.5551383333,,,,,,,open,false,,,,Ahmadabad,Gujarat,India,Gujarat,Ahmadabad,yellow trumpet flower,Tecoma stans,yellow trumpet flower,Plantae,48363
6354856,70c0ab28-c879-462d-994e-f5d7e069d073,2017-05-24 1:20:04 PM PDT,2017-05-24,2017-05-24 20:20:04 UTC,Pacific Time (US & Canada),13075,dnlphillips,Daniel Phillips,2017-05-25 08:28:04 UTC,2019-07-30 19:42:41 UTC,research,CC-BY-NC,https://www.inaturalist.org/observations/6354856,https://inaturalist-open-data.s3.amazonaws.com/photos/8013410/medium.jpeg,,,,2,0,false,2,"Bangalore, IN-KA, IN",13.0665866667,77.5911766667,6,,,,6,,,false,,,,Bangalore,Karnataka,India,Karnataka,Bangalore,Mexican prickly poppy,Argemone mexicana,Mexican prickly poppy,Plantae,128533
6367337,21fa108d-7031-42f7-8258-f891d2c5bb28,2017-05-26 5:48:28 PM GMT+05:30,2017-05-26,2017-05-26 12:18:28 UTC,Chennai,491568,vinayamani,Vinaya Mani,2017-05-26 12:20:07 UTC,2021-05-20 19:29:07 UTC,needs_id,,https://www.inaturalist.org/observations/6367337,https://static.inaturalist.org/photos/8032525/medium.jpeg,,,,1,0,false,2,"Main Guard Cross Road Tasker Town, Shivaji Nagar Bengaluru, Karnataka 560001",12.97946378,77.60750752,7,,,,7,,,false,,,,Bangalore,Karnataka,India,Karnataka,Bangalore,three-lobe false mallow,Malvastrum coromandelianum,three-lobe false mallow,Plantae,165115
6367361,67a10223-71b4-4bf7-bf97-5a73f777f7c6,2017-05-26 5:49:29 PM GMT+05:30,2017-05-26,2017-05-26 12:19:29 UTC,Chennai,491575,venkat,Venkat Jayagopi,2017-05-26 12:23:40 UTC,2024-10-09 12:33:50 UTC,needs_id,,https://www.inaturalist.org/observations/6367361,https://static.inaturalist.org/photos/8032546/medium.jpeg,,,,1,0,false,2,"Bangalore, IN-KA, IN",12.9800387,77.60555098,9,,,,9,,,false,,,,Bangalore,Karnataka,India,Karnataka,Bangalore,Creeping Woodsorrel,Oxalis corniculata,Creeping Woodsorrel,Plantae,53168
6367478,a12562dc-d658-4ed0-934e-afffa150546a,2017-05-26 6:11:52 PM GMT+05:30,2017-05-26,2017-05-26 12:41:52 UTC,Chennai,491568,vinayamani,Vinaya Mani,2017-05-26 12:44:58 UTC,2024-10-09 12:33:50 UTC,research,,https://www.inaturalist.org/observations/6367478,https://static.inaturalist.org/photos/8032713/medium.jpeg,,,,2,0,false,2,"203, Infantry Road Cross Tasker Town, Shivaji Nagar Bengaluru, Karnataka 560001",12.98062106,77.60588064,32,,,,32,,,false,,,,Bangalore,Karnataka,India,Karnataka,Bangalore,Creeping Woodsorrel,Oxalis corniculata,Creeping Woodsorrel,Plantae,53168
6367508,04bd2389-8122-4d59-9d6b-e1af2adef561,2017-05-26 6:21:49 p.m. GMT+05:30,2017-05-26,2017-05-26 12:51:49 UTC,Chennai,405813,tapasya,Tapasya Mukkamala,2017-05-26 12:52:19 UTC,2024-10-09 12:33:50 UTC,research,,https://www.inaturalist.org/observations/6367508,https://static.inaturalist.org/photos/8032781/medium.jpeg,,,,2,0,false,2,"25, Bowring Hospital Road Shivaji Nagar Bengaluru, Karnataka 560001",12.982664443,77.602160722,18,,,,18,,,false,,,,Bangalore,Karnataka,India,Karnataka,Bangalore,creeping woodsorrel,Oxalis corniculata,Creeping Woodsorrel,Plantae,53168
6368806,bc33b86e-d6c6-4ace-b593-036364865773,2017-05-25 6:09:27 PM PDT,2017-05-25,2017-05-26 01:09:27 UTC,Pacific Time (US & Canada),13075,dnlphillips,Daniel Phillips,2017-05-26 16:14:10 UTC,2019-07-31 18:50:10 UTC,research,CC-BY-NC,https://www.inaturalist.org/observations/6368806,https://inaturalist-open-data.s3.amazonaws.com/photos/8034801/medium.jpeg,,,,1,0,false,2,"Bangalore, IN-KA, IN",12.9813616667,77.6059483333,8,,,,8,,,false,,,,Bangalore,Karnataka,India,Karnataka,Bangalore,Yellow alder,Turnera ulmifolia,Yellow alder,Plantae,170055
6368808,cbac977d-8141-451d-9d03-64811eb2b266,2017-05-25 6:10:32 PM PDT,2017-05-25,2017-05-26 01:10:32 UTC,Pacific Time (US & Canada),13075,dnlphillips,Daniel Phillips,2017-05-26 16:14:13 UTC,2018-04-12 16:34:51 UTC,research,CC-BY-NC,https://www.inaturalist.org/observations/6368808,https://inaturalist-open-data.s3.amazonaws.com/photos/8034804/medium.jpeg,,,,1,0,false,2,"Bangalore, IN-KA, IN",12.9815266667,77.6057366667,9,,,,9,,,false,,,,Bangalore,Karnataka,India,Karnataka,Bangalore,Santa Maria feverfew,Parthenium hysterophorus,Santa Maria feverfew,Plantae,126424
6368809,d698771b-9ba3-4d50-a036-0ee2cdd07232,2017-05-25 6:11:16 PM PDT,2017-05-25,2017-05-26 01:11:16 UTC,Pacific Time (US & Canada),13075,dnlphillips,Daniel Phillips,2017-05-26 16:14:15 UTC,2019-10-06 12:51:31 UTC,research,CC-BY-NC,https://www.inaturalist.org/observations/6368809,https://inaturalist-open-data.s3.amazonaws.com/photos/8034806/medium.jpeg,,,,1,0,false,2,"Bangalore, IN-KA, IN",12.9815583333,77.60587,7,,,,7,,,false,,,,Bangalore,Karnataka,India,Karnataka,Bangalore,Marvel of Peru,Mirabilis jalapa,Marvel of Peru,Plantae,50616
6368817,55414224-a9c8-47e4-9018-418984559536,2017-05-25 6:23:00 PM PDT,2017-05-25,2017-05-26 01:23:00 UTC,Pacific Time (US & Canada),13075,dnlphillips,Daniel Phillips,2017-05-26 16:14:24 UTC,2019-07-31 18:50:11 UTC,research,CC-BY-NC,https://www.inaturalist.org/observations/6368817,https://inaturalist-open-data.s3.amazonaws.com/photos/8034813/medium.jpeg,,,,1,0,false,2,"Bangalore, IN-KA, IN",12.9825866667,77.60192,8,,,,8,,,false,,,,Bangalore,Karnataka,India,Karnataka,Bangalore,Yellow alder,Turnera ulmifolia,Yellow alder,Plantae,170055
6413968,14e422be-88f0-48c0-9fbd-7e76bc3262f1,2017-05-28 8:45:18 AM PDT,2017-05-28,2017-05-28 15:45:18 UTC,Pacific Time (US & Canada),13075,dnlphillips,Daniel Phillips,2017-05-29 08:45:02 UTC,2018-06-25 13:47:22 UTC,research,CC-BY-NC,https://www.inaturalist.org/observations/6413968,https://inaturalist-open-data.s3.amazonaws.com/photos/8094094/medium.jpeg,,,,3,0,false,2,"Bangalore, IN-KA, IN",13.0580366667,77.6173166667,3,,,,3,,,false,,,,Bangalore,Karnataka,India,Karnataka,Bangalore,stinking passionflower,Passiflora foetida,stinking passionflower,Plantae,51448
6441949,fec4bdeb-e1b8-4c4f-a8a1-6ab59a036a21,2017-05-30 2:32:03 PM PDT,2017-05-30,2017-05-30 21:32:03 UTC,Pacific Time (US & Canada),13075,dnlphillips,Daniel Phillips,2017-05-31 09:01:50 UTC,2017-10-10 16:38:59 UTC,needs_id,CC-BY-NC,https://www.inaturalist.org/observations/6441949,https://inaturalist-open-data.s3.amazonaws.com/photos/8139088/medium.jpeg,,,,0,0,false,2,"Bangalore, IN-KA, IN",12.945075,77.7419183333,9,,,,9,,,false,,,,Bangalore,Karnataka,India,Karnataka,Bangalore,Alligator weed,Alternanthera philoxeroides,Alligatorweed,Plantae,75386
6467158,9e4c2420-2808-4750-833c-b1b6165274cd,2017-04-01 9:23:22 AM IST,2017-04-01,2017-04-01 06:23:22 UTC,Jerusalem,497736,prashant,Prashant Hulamani,2017-06-02 15:21:15 UTC,2022-08-18 22:28:14 UTC,research,,https://www.inaturalist.org/observations/6467158,https://static.inaturalist.org/photos/8177145/medium.jpeg,,,,3,0,false,2,Karnataka 577453,13.8913173573,74.817555695,88056,,,,88056,,,false,gps,gps,,Udupi,Karnataka,India,Karnataka,Udupi,Oceanblue Morning Glory,Ipomoea indica,oceanblue morning glory,Plantae,77496
6467277,21fc79bc-7f0c-42a0-8a09-c279a2613d37,2017-05-30 1:15:46 PM IST,2017-05-30,2017-05-30 10:15:46 UTC,Jerusalem,497736,prashant,Prashant Hulamani,2017-06-02 15:36:50 UTC,2018-03-05 01:49:53 UTC,research,,https://www.inaturalist.org/observations/6467277,https://static.inaturalist.org/photos/8177411/medium.jpeg,,,,2,0,false,2,"Vignana Kendra Bengaluru, Karnataka",13.0770566667,77.5775816667,6,,,,6,,,false,,,,Bangalore,Karnataka,India,Karnataka,Bangalore,Spiny Fiddlewood,Citharexylum spinosum,Spiny Fiddlewood,Plantae,160656
6476296,ee0fb55b-3c67-4167-87e2-cd7250ab9d9a,2017/05/03 9:32 AM IST,2017-05-03,2017-05-03 06:32:00 UTC,Jerusalem,498522,santhoshkumar,,2017-06-03 04:34:28 UTC,2017-08-17 19:35:03 UTC,research,CC-BY-NC,https://www.inaturalist.org/observations/6476296,https://inaturalist-open-data.s3.amazonaws.com/photos/8190433/medium.jpg,,,This species one of the gods best creature,2,0,false,,"Uppatti, Tamil Nadu 643241, India",11.5142932372,76.3570404053,244,,,,244,,,false,,,,Nilgiris,Tamil Nadu,India,Tamil Nadu,The Nilgiris,sensitive plant,Mimosa pudica,Sensitive Plant,Plantae,51921
6477734,ef1614b1-34d0-475d-8f90-422892c4e4fb,2017-06-03 4:30:01 PM GMT+05:30,2017-06-03,2017-06-03 11:00:01 UTC,Chennai,477632,swekrithasubramani,swekritha subramani,2017-06-03 11:04:06 UTC,2020-12-02 13:56:07 UTC,research,,https://www.inaturalist.org/observations/6477734,https://static.inaturalist.org/photos/8192835/medium.jpeg,,,,2,0,false,2,"6th Cross Road Coffee Board Layout, Nagavara Byatarayanapura CMC and OG Part, Karnataka 560024",13.0496381,77.6055306,56,,,,56,,,false,,,,Bangalore,Karnataka,India,Karnataka,Bangalore,Marvel of Peru,Mirabilis jalapa,Marvel of Peru,Plantae,50616
6665823,6a174419-9106-490d-b8ce-f2d81ebfec7e,2017-06-14 5:20:29 PM PDT,2017-06-14,2017-06-15 00:20:29 UTC,Pacific Time (US & Canada),13075,dnlphillips,Daniel Phillips,2017-06-15 11:50:04 UTC,2021-05-13 14:53:43 UTC,research,CC-BY-NC,https://www.inaturalist.org/observations/6665823,https://inaturalist-open-data.s3.amazonaws.com/photos/8446909/medium.jpeg,,,,2,0,false,2,"5th Cross Sahakar Nagar, Byatarayanapura Bengaluru, Karnataka 560092",13.0596433333,77.591345,8,,,,8,,,false,,,,Bangalore,Karnataka,India,Karnataka,Bangalore,Hanf,Cannabis sativa,Cannabis,Plantae,75997
6773860,5bf0fe04-9db8-48c9-882e-61ca748341c4,Fri Jun 23 2017 14:02:49 GMT+0530 (GMT+5:30),2017-06-23,2017-06-23 08:32:49 UTC,Chennai,497900,lemarquisgoux,,2017-06-24 06:15:26 UTC,2019-07-26 17:24:35 UTC,research,,https://www.inaturalist.org/observations/6773860,https://static.inaturalist.org/photos/8610743/medium.jpg,,,,2,0,false,3,"Kullu, IN-HP, IN",32.25197013,77.1791027673,10,,,,10,,,false,,,,Kullu,Himachal Pradesh,India,Himachal Pradesh,Kullu,hemp,Cannabis sativa,Cannabis,Plantae,75997
6884978,aaa7796f-e562-43d9-bce5-e39550e29c2a,2017-07-01 2:10:33 PM PDT,2017-07-01,2017-07-01 21:10:33 UTC,Pacific Time (US & Canada),13075,dnlphillips,Daniel Phillips,2017-07-02 08:54:53 UTC,2020-10-25 21:43:03 UTC,research,CC-BY-NC,https://www.inaturalist.org/observations/6884978,https://inaturalist-open-data.s3.amazonaws.com/photos/8781942/medium.jpeg,,,,2,0,false,2,"Bangalore, IN-KA, IN",13.0722766667,77.5791366667,8,,,,8,,,false,,,,Bangalore,Karnataka,India,Karnataka,Bangalore,asthma plant,Euphorbia hirta,Asthma plant,Plantae,131560
6884997,6d75a81f-7c2d-4b20-ae18-aeac4ec53cb6,2017-07-01 2:26:01 PM PDT,2017-07-01,2017-07-01 21:26:01 UTC,Pacific Time (US & Canada),13075,dnlphillips,Daniel Phillips,2017-07-02 09:01:45 UTC,2020-10-25 21:43:39 UTC,research,CC-BY-NC,https://www.inaturalist.org/observations/6884997,https://inaturalist-open-data.s3.amazonaws.com/photos/8781947/medium.jpeg,,,,2,0,false,2,"4th Main Road Rajiv Gandhi Nagar, Kodigehalli Bengaluru, Karnataka 560065",13.07058,77.5840883333,7,,,,7,,,false,,,,Bangalore,Karnataka,India,Karnataka,Bangalore,asthma plant,Euphorbia hirta,Asthma plant,Plantae,131560
6982384,23e1fa6a-dbd0-4bc9-b3ae-d58aa6bf8ce4,2017-07-09 7:44:32 AM IST,2017-07-09,2017-07-09 04:44:32 UTC,Jerusalem,235343,amangujar,Aman Gujar,2017-07-09 18:13:41 UTC,2017-08-24 04:52:30 UTC,research,,https://www.inaturalist.org/observations/6982384,https://static.inaturalist.org/photos/8936636/medium.jpeg,,,,2,0,false,2,"Unnamed Road Tambapura Jalgaon, Maharashtra 425002",20.9759765235,75.564207248,2064,,,,2064,,,false,gps,gps,,Jalgaon,Maharashtra,India,Maharashtra,Jalgaon,stinking passionflower,Passiflora foetida,stinking passionflower,Plantae,51448
7010387,5d1834f1-c1b7-4b53-b563-1c51a2fa76df,2017-07-10 1:24:20 PM PDT,2017-07-10,2017-07-10 20:24:20 UTC,Pacific Time (US & Canada),13075,dnlphillips,Daniel Phillips,2017-07-11 07:56:18 UTC,2019-11-07 02:38:39 UTC,research,CC-BY-NC,https://www.inaturalist.org/observations/7010387,https://inaturalist-open-data.s3.amazonaws.com/photos/8985659/medium.jpeg,,,,2,0,false,2,"Eastwood Township, Harlur Bengaluru, Karnataka",12.9009133333,77.6664333333,5,,,,5,,,false,,,,Bangalore,Karnataka,India,Karnataka,Bangalore,common water hyacinth,Pontederia crassipes,common water hyacinth,Plantae,962637
7118142,bfde8c24-452e-4e68-884e-d2f7abb1d8b8,2017-05-20,2017-05-20,,Chennai,258303,subbu107,Subbu Ramanathan,2017-07-19 16:45:20 UTC,2018-04-06 03:47:16 UTC,research,CC-BY-NC,https://www.inaturalist.org/observations/7118142,https://inaturalist-open-data.s3.amazonaws.com/photos/9156150/medium.jpeg,,,,1,0,false,,"Bangalore, IN-KA, IN",12.888809,77.52732,129,,,,129,,,false,,,,Bangalore,Karnataka,India,Karnataka,Bangalore,Blue Porterweed,Stachytarpheta jamaicensis,Blue Porterweed,Plantae,169322
7118298,47e9215b-0fc0-4410-88c4-c7fb5459613c,2017-05-13,2017-05-13,,Chennai,258303,subbu107,Subbu Ramanathan,2017-07-19 16:59:52 UTC,2017-12-10 22:08:51 UTC,research,CC-BY-NC,https://www.inaturalist.org/observations/7118298,https://inaturalist-open-data.s3.amazonaws.com/photos/9156403/medium.jpeg,,,,1,0,false,,"Bangalore, IN-KA, IN",12.878183,77.524273,129,,,,129,,,false,,,,Bangalore,Karnataka,India,Karnataka,Bangalore,Beldroega,Portulaca oleracea,Common Purslane,Plantae,58991
7169878,6762fc03-f8db-49d2-9369-91dc64fe2779,2017/06/25 1:12 PM IST,2017-06-25,2017-06-25 10:12:00 UTC,Jerusalem,8826,chiefredearth,Chief RedEarth,2017-07-23 06:57:42 UTC,2022-06-12 00:32:49 UTC,needs_id,CC-BY-NC-ND,https://www.inaturalist.org/observations/7169878,https://inaturalist-open-data.s3.amazonaws.com/photos/9238622/medium.jpeg,,,,1,0,false,,"Garur, Uttarakhand 263639, India",29.8970651,79.608442,477,,,,477,,open,false,,,,Bageshwar,Uttaranchal,India,Uttarakhand,Bageshwar,Solanales,Solanum americanum,American black nightshade,Plantae,59035
7277225,993eac3e-ce72-45f6-ba91-e3fc4746e29d,Sun Jul 30 2017 20:31:48 GMT+0530 (GMT+5:30),2017-07-30,2017-07-30 15:01:48 UTC,Chennai,529045,vrundavijay,,2017-07-30 15:04:22 UTC,2017-08-11 08:53:09 UTC,research,,https://www.inaturalist.org/observations/7277225,https://static.inaturalist.org/photos/9409407/medium.jpg,,,,1,0,false,3,"Raghihalli Road, Kanakapura, Karnataka, IN",12.7506777515,77.5767768346,7250,,,,7250,,,false,,,,Ramanagara,Karnataka,India,Karnataka,Ramanagara,Tropical Milkweed,Asclepias curassavica,tropical milkweed,Plantae,75602
7321692,afdf2ddb-07d2-4812-84b0-7262739a34c8,2015-05-11 5:38:49 PM GMT+03:00,2015-05-11,2015-05-11 14:38:49 UTC,Baghdad,68722,missnarjess,Narjess,2017-08-02 18:30:32 UTC,2019-07-30 19:42:39 UTC,research,,https://www.inaturalist.org/observations/7321692,https://static.inaturalist.org/photos/9482163/medium.jpeg,,,,2,0,false,2,"23.129544, 72.513115",23.129544,72.513115,,,,,,,,false,,,,Ahmadabad,Gujarat,India,Gujarat,Ahmadabad,Mexican prickly poppy,Argemone mexicana,Mexican prickly poppy,Plantae,128533
7356317,ed4ad9ea-695f-4d74-aebd-c4000cd57bbb,2017-07-28 4:16:28 pm GMT+05:30,2017-07-28,2017-07-28 10:46:28 UTC,Chennai,562286,akhilananda,Swami Akhil,2017-08-05 04:39:53 UTC,2018-05-25 10:16:34 UTC,research,CC-BY-NC,https://www.inaturalist.org/observations/7356317,https://inaturalist-open-data.s3.amazonaws.com/photos/9537164/medium.jpeg,,,"Found in copious amounts by the road side
 Flush with bronze tender leaves just after the rains in July - August ",1,0,false,2,PDPU Road Gujarat 382421 India,23.1591815948,72.6396942139,,,,,,,,false,gps,gps,,Gandhinagar,Gujarat,India,Gujarat,Gandhinagar,Jatropha gossypiifolia,Jatropha gossypiifolia,Bellyache Bush,Plantae,119099
7389630,5315d5ff-40ab-4ee2-a4b3-bee1d5e6afec,2016-09-28 20:20:59,2016-09-28,2016-09-29 06:20:59 UTC,Hawaii,11318,satishnikam,Satish Nikam,2017-08-07 06:18:28 UTC,2018-03-03 15:11:54 UTC,research,CC-BY-NC,https://www.inaturalist.org/observations/7389630,https://inaturalist-open-data.s3.amazonaws.com/photos/9592045/medium.jpg,,,,1,0,false,,kurvande,18.701228,73.388553,7623,,,,7623,,,false,,,,Raigarh,Maharashtra,India,Maharashtra,Raigarh,Siam weed,Chromolaena odorata,Siam weed,Plantae,199400
7394041,03c6b148-a002-49d4-b48c-0840ff0d160e,2017-08-07 10:39:40 PM GMT+05:30,2017-08-07,2017-08-07 17:09:40 UTC,Chennai,567672,ningayya,Ningayya B.Killedar,2017-08-07 17:15:57 UTC,2017-08-07 17:15:57 UTC,casual,CC-BY-NC,https://www.inaturalist.org/observations/7394041,,,,,0,0,false,2,"Mulgund Colony Sirsi, Karnataka 581402 India",14.6077385688,74.847513288,1376,,,,1376,,,false,gps,gps,,Uttar Kannand,Karnataka,India,Karnataka,Uttara Kannada,Turnera subulata,Turnera subulata,Cuban Buttercup,Plantae,327909
7552796,18e3f2d8-eb27-4656-b87a-e0e65c623389,Sat Aug 19 2017 12:54:38 GMT+0530 (GMT+5:30),2017-08-19,2017-08-19 07:24:38 UTC,Chennai,586107,tsedol,,2017-08-19 07:24:43 UTC,2017-08-21 03:07:32 UTC,casual,,https://www.inaturalist.org/observations/7552796,https://static.inaturalist.org/photos/9858266/medium.jpg,,,,0,0,true,3,"Kangra, IN-HP, IN",32.2278133203,76.3288358919,4984,,,,4984,,,false,,,,Kangra,Himachal Pradesh,India,Himachal Pradesh,Kangra,Plume Asparagus Fern,Asparagus densiflorus,Sprenger's Asparagus,Plantae,127598
7557188,e8c25673-8ea3-4e09-9c2c-1498a6b2ee70,2017-07-15,2017-07-15,,Chennai,258303,subbu107,Subbu Ramanathan,2017-08-19 17:17:33 UTC,2020-12-30 15:01:57 UTC,research,CC-BY-NC,https://www.inaturalist.org/observations/7557188,https://inaturalist-open-data.s3.amazonaws.com/photos/9864884/medium.jpeg,,,,3,0,false,,"Bangalore, IN-KA, IN",12.878784,77.525598,32,,,,32,,,false,,,,Bangalore,Karnataka,India,Karnataka,Bangalore,Bellyache Bush,Jatropha gossypiifolia,Bellyache Bush,Plantae,119099
7568325,e5dc0f1c-8f4a-4f33-9f2b-340f9a86f174,Fri Aug 11 2017 11:49:37 GMT+0530 (GMT+5:30),2017-08-11,2017-08-11 06:19:37 UTC,Chennai,20432,kuldeepsingh696,Kuldeep Singh,2017-08-20 11:12:32 UTC,2017-08-21 11:25:30 UTC,research,CC-BY-NC,https://www.inaturalist.org/observations/7568325,https://inaturalist-open-data.s3.amazonaws.com/photos/9882637/medium.jpg,,,,1,0,false,3,"206130, Saifai, Uttar Pradesh, IN",26.9597216667,78.9657533333,,,,,,,,false,,,,Etawah,Uttar Pradesh,India,Uttar Pradesh,Etawah,cowpen daisy,Verbesina encelioides,cowpen daisy,Plantae,79495
7568400,a83ccc74-2130-4674-9e95-3b692f106b35,Sat Jul 22 2017 06:15:47 GMT+0530 (GMT+5:30),2017-07-22,2017-07-22 00:45:47 UTC,Chennai,20432,kuldeepsingh696,Kuldeep Singh,2017-08-20 11:32:52 UTC,2019-04-29 10:49:05 UTC,research,CC-BY-NC,https://www.inaturalist.org/observations/7568400,https://inaturalist-open-data.s3.amazonaws.com/photos/9882803/medium.jpg,,,,1,0,false,3,"206130, Saifai, Uttar Pradesh, IN",26.9679466667,78.9614033333,,,,,,,,false,,,,Mainpuri,Uttar Pradesh,India,Uttar Pradesh,Mainpuri,downy thorn-apple,Datura innoxia,downy thorn-apple,Plantae,161639
7580849,96de4f76-08a5-4832-bf2c-1ff3d4f01f19,Mon Aug 21 2017 08:43:07 GMT+0530 (GMT+5:30),2017-08-21,2017-08-21 03:13:07 UTC,Chennai,586107,tsedol,,2017-08-21 03:14:32 UTC,2019-02-24 16:27:14 UTC,research,,https://www.inaturalist.org/observations/7580849,https://static.inaturalist.org/photos/9907331/medium.jpg,,,,1,0,false,3,"176215, Dharmsala, Himachal Pradesh, IN",32.2242383333,76.33007,,,,,,,,false,,,,Kangra,Himachal Pradesh,India,Himachal Pradesh,Kangra,skyflower,Duranta erecta,skyflower,Plantae,162153
7643169,fc290f89-38f1-45bf-8fcf-669c37dd1e57,2017/08/20 12:25 AM HST,2017-08-20,2017-08-20 10:25:00 UTC,Hawaii,602913,navyanature,,2017-08-25 11:26:59 UTC,2018-04-30 16:57:58 UTC,research,CC-BY-NC,https://www.inaturalist.org/observations/7643169,https://inaturalist-open-data.s3.amazonaws.com/photos/9999153/medium.jpg,,,yellow flowers,2,0,false,,"Whitefield-Hoskote Rd, Ardendale, Kannamangala, Bengaluru, Karnataka 560067, India",13.0256323,77.7598707,288,,,,288,,,false,,,,Bangalore,Karnataka,India,Karnataka,Bangalore,Synedrella,Synedrella nodiflora,Nodeweed,Plantae,169500
7712737,42e622fd-49c8-4033-af26-f9fad3e98e3f,2017-08-30 3:53:17 PM GMT+05:30,2017-08-30,2017-08-30 10:23:17 UTC,Chennai,609107,jayrajrahevar,JAYRAJ RAHEVAR,2017-08-30 10:23:58 UTC,2017-10-11 17:24:36 UTC,research,,https://www.inaturalist.org/observations/7712737,https://static.inaturalist.org/photos/10114803/medium.jpeg,,,,2,0,false,2,"Boriya Khurad, Gujarat India",23.5463274,72.9503387,122,,,,122,,,false,,,,Sabar Kantha,Gujarat,India,Gujarat,Sabar Kantha,Santa Maria feverfew,Parthenium hysterophorus,Santa Maria feverfew,Plantae,126424
7724585,3b33c87f-5f5c-47f8-8d79-59182cc6a7cf,2017-08-31 4:35:47 pm IST,2017-08-31,2017-08-31 13:35:47 UTC,Jerusalem,609563,sanjayuchcharia,Sanjay Uchcharia,2017-08-31 11:08:43 UTC,2019-11-08 00:42:19 UTC,casual,,https://www.inaturalist.org/observations/7724585,https://static.inaturalist.org/photos/10134112/medium.jpeg,,,,2,0,true,2,"56/2 Bhoj Nagar Colony, Trimurti Nagar Dhar, Madhya Pradesh 454001 India",22.59970897,75.31520115,8,,,,8,,,false,,,,Dhar,Madhya Pradesh,India,Madhya Pradesh,Dhar,Air Plant,Kalanchoe pinnata,Air Plant,Plantae,164333
7733318,138faee4-839c-46a2-9068-ce9182abc0df,Thu Aug 31 2017 20:26:52 GMT+0530 (GMT+5:30),2017-08-31,2017-08-31 14:56:52 UTC,Chennai,20432,kuldeepsingh696,Kuldeep Singh,2017-09-01 02:23:49 UTC,2019-07-18 09:45:50 UTC,research,CC-BY-NC,https://www.inaturalist.org/observations/7733318,https://inaturalist-open-data.s3.amazonaws.com/photos/10148091/medium.jpg,,,,2,0,false,3,"Takka Road, Panvel, Maharashtra, IN",18.9802895401,73.1185991478,87,,,,87,,,false,,,,Raigarh,Maharashtra,India,Maharashtra,Raigarh,common lantana,Lantana camara,common lantana,Plantae,50333
7737512,eb7bae18-73df-4d7a-9b7c-cf26f35fe974,2017-09-01 7:45:41 PM GMT+05:30,2017-09-01,2017-09-01 14:15:41 UTC,Chennai,604203,munazza,Munazza Mirkar,2017-09-01 14:19:14 UTC,2022-04-05 01:02:53 UTC,research,,https://www.inaturalist.org/observations/7737512,https://static.inaturalist.org/photos/10154306/medium.jpg,,,,1,0,false,2,"Mazgaon Road Konkan Nagar Ratnagiri, Maharashtra 415612 India",17.0004695,73.3233018,2539,,,,2539,,open,false,,,,Ratnagiri,Maharashtra,India,Maharashtra,Ratnagiri,耳莢相思樹,Acacia auriculiformis,Earpod Wattle,Plantae,52445
7761064,1e0eaea1-3c3f-4482-bf6c-fb1351f24762,Sun Sep 03 2017 16:17:56 GMT+0530 (GMT+5:30),2017-09-03,2017-09-03 10:47:56 UTC,Chennai,20432,kuldeepsingh696,Kuldeep Singh,2017-09-03 10:59:51 UTC,2019-07-18 09:45:40 UTC,research,CC-BY-NC,https://www.inaturalist.org/observations/7761064,https://inaturalist-open-data.s3.amazonaws.com/photos/10193252/medium.jpg,,,,3,0,false,3,"Neal Matha, Lucknow, Uttar Pradesh, IN",26.776117886,80.9511538625,19,,,,19,,,false,,,,Lucknow,Uttar Pradesh,India,Uttar Pradesh,Lucknow,common lantana,Lantana camara,common lantana,Plantae,50333
7761838,023fbbc3-2a20-425b-8e76-e1688e80d5ca,2017-08-30 5:33:16 PM GMT+05:30,2017-08-30,2017-08-30 12:03:16 UTC,Chennai,594191,sravan2,Sravan Pangi,2017-09-03 14:08:37 UTC,2017-10-04 05:12:48 UTC,research,,https://www.inaturalist.org/observations/7761838,https://static.inaturalist.org/photos/10194499/medium.jpg,,,,2,0,false,2,Andhra Pradesh 531029 India,18.1928716,82.6350428,4060,,,,4060,,,false,,,,Vishakhapatnam,Andhra Pradesh,India,Andhra Pradesh,Visakhapatnam,sensitive plant,Mimosa pudica,Sensitive Plant,Plantae,51921
7805440,15cb9d0b-c35e-4395-9894-d3e50b562fc8,2017-09-06 2:56:28 pm GMT+05:30,2017-09-06,2017-09-06 09:26:28 UTC,Chennai,617428,jenis,Jenis,2017-09-06 12:27:57 UTC,2018-04-30 16:55:09 UTC,research,,https://www.inaturalist.org/observations/7805440,https://static.inaturalist.org/photos/10265481/medium.jpeg,,,,1,0,false,2,"80 Feet Road Manchegowdana koppalu, Vijay Nagar 2nd Stage, Vijayanagar Mysuru, Karnataka 570017 India",12.3335428238,76.6136550903,,,,,,,,false,gps,gps,,Mysore,Karnataka,India,Karnataka,Mysore,Synedrella,Synedrella nodiflora,Nodeweed,Plantae,169500
7806306,2746d758-0a01-4fe0-8eaa-40ecdba44500,2017-09-06 2:53:37 pm GMT+05:30,2017-09-06,2017-09-06 09:23:37 UTC,Chennai,617428,jenis,Jenis,2017-09-06 13:34:56 UTC,2024-04-22 01:38:36 UTC,research,,https://www.inaturalist.org/observations/7806306,https://static.inaturalist.org/photos/10266893/medium.jpeg,,,,2,1,false,2,"12th C Cross Road Manchegowdana koppalu, Vijayanagar 1st Stage, Vijayanagar Mysuru, Karnataka 570017 India",12.3335609436,76.6140136719,,,,,,,,false,gps,gps,,Mysore,Karnataka,India,Karnataka,Mysore,Red Buffalo-bur,Solanum sisymbriifolium,Red Buffalo-bur,Plantae,79143
7816406,adffd8e3-e5f4-4a57-bfdd-a41e3a52825f,2017-09-07 8:15:26 AM GMT+05:30,2017-09-07,2017-09-07 02:45:26 UTC,Chennai,618420,mandla_mallesh,,2017-09-07 02:58:09 UTC,2019-08-24 05:57:26 UTC,research,CC-BY-NC,https://www.inaturalist.org/observations/7816406,https://inaturalist-open-data.s3.amazonaws.com/photos/10282460/medium.jpeg,,,Violet flower ,2,0,false,2,"Chennur, Telangana 509103 India",16.4069152809,78.1167046756,8,,,,8,,,false,,,,Mahbubnagar,Telangana,India,Telangana,Mahbubnagar,bejuco blanco,Ipomoea indica,oceanblue morning glory,Plantae,77496
7817818,6731773c-b600-49db-a611-d14166e6b463,2017-09-07 9:48:34 AM IST,2017-09-07,2017-09-07 06:48:34 UTC,Jerusalem,579708,ravinaidu,Ravi Naidu,2017-09-07 06:34:31 UTC,2019-07-25 08:17:56 UTC,research,CC-BY-NC,https://www.inaturalist.org/observations/7817818,https://inaturalist-open-data.s3.amazonaws.com/photos/10284588/medium.jpeg,,,,2,0,false,2,494001 India,18.9648957154,82.101032584,352222,,,,352222,,open,false,gps,gps,,Bastar,Chhattisgarh,India,Chhattisgarh,Bastar,Sensitive Plant,Mimosa pudica,Sensitive Plant,Plantae,51921
7823495,cbbc39d0-959a-4bce-9997-89a0590a71c1,Thu Sep 07 2017 21:10:06 GMT+0530 (GMT+5:30),2017-09-07,2017-09-07 15:40:06 UTC,Chennai,574123,shwetagolani,,2017-09-07 18:52:02 UTC,2024-09-15 23:42:49 UTC,needs_id,CC-BY-NC,https://www.inaturalist.org/observations/7823495,https://inaturalist-open-data.s3.amazonaws.com/photos/10295007/medium.jpg,,,,1,0,false,3,"248009, Dehradun, Uttarakhand, IN",30.3524466667,78.0964278333,,,,,,,,false,,,,Dehra Dun,Uttaranchal,India,Uttarakhand,Dehradun,Marvel of Peru,Mirabilis jalapa,Marvel of Peru,Plantae,50616
7830454,b585d95c-f62a-46ae-af34-3804a10c97b9,Fri Aug 25 2017 17:43:54 GMT+0530 (GMT+5:30),2017-08-25,2017-08-25 12:13:54 UTC,Chennai,493308,sprash,,2017-09-08 04:32:56 UTC,2019-11-07 02:38:20 UTC,research,,https://www.inaturalist.org/observations/7830454,https://static.inaturalist.org/photos/10306641/medium.jpg,,,,1,0,false,3,"South Goa, IN-GA, IN",15.222902223,73.9294210356,24,,,,24,,,false,,,,South Goa,Goa,India,Goa,South Goa,common water hyacinth,Pontederia crassipes,common water hyacinth,Plantae,962637
7830456,54c92bbf-8871-431f-a06a-f9b4ed25a9dc,Fri Aug 25 2017 18:37:38 GMT+0530 (GMT+5:30),2017-08-25,2017-08-25 13:07:38 UTC,Chennai,493308,sprash,,2017-09-08 04:33:08 UTC,2024-06-12 21:48:44 UTC,casual,,https://www.inaturalist.org/observations/7830456,https://static.inaturalist.org/photos/10306645/medium.jpg,,,,0,0,true,3,"South Goa, IN-GA, IN",15.2235297054,73.9322786268,32,,,,32,,open,false,,,,South Goa,Goa,India,Goa,South Goa,,Spathodea campanulata,African tulip tree,Plantae,126566
7840093,ce8123a8-c479-4af0-ba7c-783d6440a624,2017-09-08 8:20:19 AM GMT+05:30,2017-09-08,2017-09-08 02:50:19 UTC,Chennai,618420,mandla_mallesh,,2017-09-09 02:21:45 UTC,2019-07-27 07:52:55 UTC,research,CC-BY-NC,https://www.inaturalist.org/observations/7840093,https://inaturalist-open-data.s3.amazonaws.com/photos/10324228/medium.jpeg,,,,3,0,false,2,"Mahbubnagar, IN-TG, IN",16.4069960343,78.116740567,8,,,,8,,,false,,,,Mahbubnagar,Telangana,India,Telangana,Mahbubnagar,Tridax daisy,Tridax procumbens,Tridax daisy,Plantae,169944
7860054,d5548dd9-bc29-4605-a642-1ad34c95d76d,2017-05-20,2017-05-20,,Chennai,258303,subbu107,Subbu Ramanathan,2017-09-10 13:48:41 UTC,2023-01-03 19:45:55 UTC,research,CC-BY-NC,https://www.inaturalist.org/observations/7860054,https://inaturalist-open-data.s3.amazonaws.com/photos/10354047/medium.jpeg,,,,2,1,false,,"Bangalore, IN-KA, IN",12.883977,77.526934,129,,,,129,,,false,,,,Bangalore,Karnataka,India,Karnataka,Bangalore,stinking passionflower,Passiflora foetida,stinking passionflower,Plantae,51448
7860430,a9e27226-21dc-45b5-962f-35e7daab82de,2017-02-19,2017-02-19,,Chennai,258303,subbu107,Subbu Ramanathan,2017-09-10 14:26:09 UTC,2017-10-11 17:19:33 UTC,research,CC-BY-NC,https://www.inaturalist.org/observations/7860430,https://inaturalist-open-data.s3.amazonaws.com/photos/10354583/medium.jpeg,,,,1,0,false,,"Bangalore, IN-KA, IN",12.879772,77.526248,,,,,,,,false,,,,Bangalore,Karnataka,India,Karnataka,Bangalore,Earpod Wattle,Acacia auriculiformis,Earpod Wattle,Plantae,52445
7860822,286c0f8b-88e3-44e6-9d00-e16250af396e,2017-06-10,2017-06-10,,Chennai,258303,subbu107,Subbu Ramanathan,2017-09-10 14:58:22 UTC,2020-12-30 15:05:10 UTC,research,CC-BY-NC,https://www.inaturalist.org/observations/7860822,https://inaturalist-open-data.s3.amazonaws.com/photos/10355215/medium.jpeg,,,,2,0,false,,"Bangalore, IN-KA, IN",12.888307,77.52878,129,,,,129,,open,false,,,,Bangalore,Karnataka,India,Karnataka,Bangalore,yellow trumpet flower,Tecoma stans,yellow trumpet flower,Plantae,48363
7861023,07243292-6cd4-43fe-b9fa-3397ede67087,2017-06-10,2017-06-10,,Chennai,258303,subbu107,Subbu Ramanathan,2017-09-10 15:10:02 UTC,2020-12-30 15:04:48 UTC,research,CC-BY-NC,https://www.inaturalist.org/observations/7861023,https://inaturalist-open-data.s3.amazonaws.com/photos/10355510/medium.jpeg,,,,2,0,false,,"Bangalore, IN-KA, IN",12.888098,77.528222,129,,,,129,,,false,,,,Bangalore,Karnataka,India,Karnataka,Bangalore,Blue Porterweed,Stachytarpheta jamaicensis,Blue Porterweed,Plantae,169322
7901855,00ef7008-2cbd-47c3-8ad6-de2e38be35fd,2005/10/19 6:49 PM CEST,2005-10-19,2005-10-19 16:49:00 UTC,Paris,185971,murielbendel,Muriel Bendel,2017-09-13 13:07:41 UTC,2019-11-07 02:38:40 UTC,research,CC-BY-SA,https://www.inaturalist.org/observations/7901855,https://inaturalist-open-data.s3.amazonaws.com/photos/10423666/medium.jpeg,,,,2,0,false,,"Varkala, Kerala, Indien",8.7378685,76.7163359,4500,,,,4500,,,false,,,,Thiruvananthapuram,Kerala,India,Kerala,Thiruvananthapuram,common water hyacinth,Pontederia crassipes,common water hyacinth,Plantae,962637
7914082,e72369ea-b39f-4ef7-9c85-c94f7a5ca79a,2017-09-14 3:05:12 PM GMT+05:30,2017-09-14,2017-09-14 09:35:12 UTC,Chennai,13075,dnlphillips,Daniel Phillips,2017-09-14 10:58:36 UTC,2019-04-19 08:27:04 UTC,research,CC-BY-NC,https://www.inaturalist.org/observations/7914082,https://inaturalist-open-data.s3.amazonaws.com/photos/10443570/medium.jpeg,,,Sample 2,2,0,false,2,"10 Kaikondrahalli Bengaluru, Karnataka 560035 India",12.91565,77.6801333333,5,,,,5,,,false,,,,Bangalore,Karnataka,India,Karnataka,Bangalore,sweet acacia,Vachellia farnesiana,Sweet acacia,Plantae,79472
7917214,0e46192f-ed0c-4b42-98d9-18d141014447,Thu Sep 14 2017 19:21:28 GMT+0300 (GMT+3),2017-09-14,2017-09-14 16:21:28 UTC,Baghdad,561219,despina_greece,,2017-09-14 16:26:02 UTC,2019-04-19 08:27:20 UTC,research,,https://www.inaturalist.org/observations/7917214,https://static.inaturalist.org/photos/10448320/medium.jpg,,,,1,0,false,3,"Uttaradi Mutt Road, Bengaluru, Karnataka, IN",12.9489252152,77.5711461671,26410,,,,26410,,,false,,,,Bangalore,Karnataka,India,Karnataka,Bangalore,sweet acacia,Vachellia farnesiana,Sweet acacia,Plantae,79472
7998597,de2bddc7-099c-4cf3-b200-0ef3797d6259,Tue Dec 27 2016 04:39:14 GMT-0500 (EST),2016-12-27,2016-12-27 09:39:14 UTC,Eastern Time (US & Canada),633601,christophergemelli,Christopher Gemelli,2017-09-19 19:00:06 UTC,2021-10-08 10:20:48 UTC,needs_id,,https://www.inaturalist.org/observations/7998597,https://static.inaturalist.org/photos/10581921/medium.jpg,,,,0,0,false,3,"Golaghat, , Assam, IN",26.5837972216,93.4131975116,44044,,,,44044,,,false,,,,Golaghat,Assam,India,Assam,Golaghat,,Cenchrus purpureus,napier grass,Plantae,370562
8034595,346a9419-a060-42d1-8258-cedc376d5c7e,2017-08-14 3:53:03 PM GMT+05:30,2017-08-14,2017-08-14 10:23:03 UTC,Chennai,633296,ajit,Ajit Ampalakkad,2017-09-22 04:52:58 UTC,2021-10-23 04:57:18 UTC,casual,CC0,https://www.inaturalist.org/observations/8034595,https://inaturalist-open-data.s3.amazonaws.com/photos/10639338/medium.jpeg,,,Known as Kallurukki in Malayalam. Used for dissolving kidney stone ,1,0,true,2,"Ernakulam, IN-KL, IN",10.0076269957,76.302858777,258,,,,258,,,false,gps,gps,,Ernakulam,Kerala,India,Kerala,Ernakulam,licorice weed,Scoparia dulcis,licorice weed,Plantae,317963
8151757,5e83708e-089b-4f1f-b284-50b2c5b96706,2017-08-20 8:18:35 a.m. GMT+05:30,2017-08-20,2017-08-20 02:48:35 UTC,Chennai,347263,pkishore,Kishore,2017-09-28 12:03:12 UTC,2023-11-26 00:45:58 UTC,research,CC-BY,https://www.inaturalist.org/observations/8151757,https://inaturalist-open-data.s3.amazonaws.com/photos/10791954/medium.jpeg,,,,3,0,false,2,"Thurahalli Bengaluru, Karnataka 560062 India",12.8819511469,77.524762228,258,,,,258,,,false,gps,gps,,Bangalore,Karnataka,India,Karnataka,Bangalore,stinking passionflower,Passiflora foetida,stinking passionflower,Plantae,51448
8165238,4503782a-8bb4-41bd-adf4-9480d2163078,2017-08-25,2017-08-25,,Chennai,258303,subbu107,Subbu Ramanathan,2017-09-29 05:34:00 UTC,2018-11-14 02:16:00 UTC,needs_id,CC-BY-NC,https://www.inaturalist.org/observations/8165238,https://inaturalist-open-data.s3.amazonaws.com/photos/10813031/medium.jpg,,,,1,0,false,,"Bangalore, IN-KA, IN",12.881498,77.525652,32,,,,32,,,false,,,,Bangalore,Karnataka,India,Karnataka,Bangalore,morning-glories,Ipomoea hederifolia,scarlet creeper,Plantae,126300
8165705,aac38b73-f6ce-4f01-a4e2-9b895b45c282,2017-08-20,2017-08-20,,Chennai,258303,subbu107,Subbu Ramanathan,2017-09-29 06:56:03 UTC,2019-05-14 17:37:22 UTC,research,CC-BY-NC,https://www.inaturalist.org/observations/8165705,https://inaturalist-open-data.s3.amazonaws.com/photos/10813608/medium.jpeg,,,,2,0,false,,"Bangalore, IN-KA, IN",12.88587,77.526666,,,,,,,open,false,,,,Bangalore,Karnataka,India,Karnataka,Bangalore,Sensitive Plant,Mimosa pudica,Sensitive Plant,Plantae,51921
8166278,539a1fd9-0ea1-4f65-972a-e2998e5ad049,2017-02-25,2017-02-25,,Chennai,258303,subbu107,Subbu Ramanathan,2017-09-29 09:01:07 UTC,2018-09-07 08:41:12 UTC,research,CC-BY-NC,https://www.inaturalist.org/observations/8166278,https://inaturalist-open-data.s3.amazonaws.com/photos/10814479/medium.jpeg,,,,2,0,false,,sobha forest view,12.87868,77.529592,,,,,,,,false,,,,Bangalore,Karnataka,India,Karnataka,Bangalore,trailing daisy,Sphagneticola trilobata,trailing daisy,Plantae,246102
8279176,e8f46685-031c-4f1d-b19b-dd813a447b51,Fri Oct 06 2017 00:02:24 GMT+0530 (GMT+5:30),2017-10-06,2017-10-05 18:32:24 UTC,Chennai,20432,kuldeepsingh696,Kuldeep Singh,2017-10-06 10:58:23 UTC,2019-07-23 13:45:36 UTC,research,CC-BY-NC,https://www.inaturalist.org/observations/8279176,https://inaturalist-open-data.s3.amazonaws.com/photos/10982361/medium.jpg,,,,1,0,false,3,"Raniganj, Lucknow, Uttar Pradesh, IN",26.8464153145,80.9236242011,910,,,,910,,,false,,,,Lucknow,Uttar Pradesh,India,Uttar Pradesh,Lucknow,Marvel of Peru,Mirabilis jalapa,Marvel of Peru,Plantae,50616
8325565,9807ed64-6312-4a71-8d0d-9e50f4032caf,2017-09-26 4:50:46 pm GMT+05:30,2017-09-26,2017-09-26 11:20:46 UTC,Chennai,663120,gulabsahu,Gulab Sahu,2017-10-09 14:04:30 UTC,2019-12-16 16:08:18 UTC,research,,https://www.inaturalist.org/observations/8325565,https://static.inaturalist.org/photos/11058494/medium.jpeg,,,,4,0,false,2,"Gariaband-Deobhog Road Deobhog, Chhattisgarh 493890 India",19.8984997415,82.6564922409,8,,,,8,,,false,,,,Gariaband,Chhattisgarh,India,Chhattisgarh,Gariaband,Candlebush,Senna alata,Candelabra Bush,Plantae,81515
8357258,a052a336-a3a3-429e-a187-5902fab1b318,2017-10-11 3:21:23 pm GMT+05:30,2017-10-11,2017-10-11 09:51:23 UTC,Chennai,663120,gulabsahu,Gulab Sahu,2017-10-11 12:20:39 UTC,2019-07-25 08:22:47 UTC,research,,https://www.inaturalist.org/observations/8357258,https://static.inaturalist.org/photos/11107491/medium.jpeg,,,,2,0,false,2,"Dabnai, Chhattisgarh 493890 India",19.8955554962,82.6655578613,,,,,,,,false,gps,gps,,Gariaband,Chhattisgarh,India,Chhattisgarh,Gariaband,Tridax daisy,Tridax procumbens,Tridax daisy,Plantae,169944
8359766,b9445da9-4f8e-4073-aadf-0720d00ee577,2017/10/08 5:16 PM IST,2017-10-08,2017-10-08 14:16:00 UTC,Jerusalem,63135,suhelq,Suhel Quader,2017-10-11 16:37:00 UTC,2018-04-13 17:45:15 UTC,research,CC-BY,https://www.inaturalist.org/observations/8359766,https://inaturalist-open-data.s3.amazonaws.com/photos/11111381/medium.jpg,,,,2,0,false,,"Gandhi Krishi Vignana Kendra, Bengaluru, Karnataka, India",13.0911189262,77.5741143223,530,,,,530,,,false,,,,Bangalore,Karnataka,India,Karnataka,Bangalore,stinking passionflower,Passiflora foetida,stinking passionflower,Plantae,51448
8359767,25c6ef22-83c2-4f5a-80b4-3c93424a4f5a,2017/10/08 5:16 PM IST,2017-10-08,2017-10-08 14:16:00 UTC,Jerusalem,63135,suhelq,Suhel Quader,2017-10-11 16:37:03 UTC,2018-06-22 03:28:24 UTC,research,CC-BY,https://www.inaturalist.org/observations/8359767,https://inaturalist-open-data.s3.amazonaws.com/photos/11111391/medium.jpg,,,,2,0,false,,"Gandhi Krishi Vignana Kendra, Bengaluru, Karnataka, India",13.0911189262,77.5741143223,530,,,,530,,,false,,,,Bangalore,Karnataka,India,Karnataka,Bangalore,stinking passionflower,Passiflora foetida,stinking passionflower,Plantae,51448
8373289,a49877ca-7827-4dda-a3c9-2ec6d0e85ed8,2017-10-12 1:35:50 PM IST,2017-10-12,2017-10-12 10:35:50 UTC,Jerusalem,579708,ravinaidu,Ravi Naidu,2017-10-12 16:44:08 UTC,2017-10-15 13:40:57 UTC,research,CC-BY-NC,https://www.inaturalist.org/observations/8373289,https://inaturalist-open-data.s3.amazonaws.com/photos/11133542/medium.jpeg,,,,3,0,false,2,"Unnamed Road, Chhattisgarh 494001, India",19.0263366699,82.1226806641,,,,,,,,false,gps,gps,,Bastar,Chhattisgarh,India,Chhattisgarh,Bastar,common lantana,Lantana camara,common lantana,Plantae,50333
8407679,3b9103d6-12c6-4996-ba64-46232578e965,2017-10-15 6:54:54 am GMT+05:30,2017-10-15,2017-10-15 01:24:54 UTC,Chennai,663120,gulabsahu,Gulab Sahu,2017-10-15 02:05:21 UTC,2017-10-15 02:06:23 UTC,needs_id,,https://www.inaturalist.org/observations/8407679,https://static.inaturalist.org/photos/11188602/medium.jpeg,,,,0,0,false,2,"Gariaband-Deobhog Road Deobhog, Chhattisgarh 493890 India",19.8977775574,82.6563873291,,,,,,,,false,gps,gps,,Gariaband,Chhattisgarh,India,Chhattisgarh,Gariaband,Erect spiderling,Boerhavia erecta,Erect spiderling,Plantae,159290
8426546,7db3cea3-198f-407c-82aa-c1116fcb2344,2017-10-16 12:34:51 pm GMT+05:30,2017-10-16,2017-10-16 07:04:51 UTC,Chennai,663120,gulabsahu,Gulab Sahu,2017-10-16 13:56:33 UTC,2019-11-08 00:42:28 UTC,research,,https://www.inaturalist.org/observations/8426546,https://static.inaturalist.org/photos/11220398/medium.jpeg,,,,2,0,false,2,"Gariaband-Deobhog Road Deobhog, Chhattisgarh 493890 India",19.8981519812,82.656454034,17,,,,17,,,false,gps,gps,,Gariaband,Chhattisgarh,India,Chhattisgarh,Gariaband,Air Plant,Kalanchoe pinnata,Air Plant,Plantae,164333
8449501,81c5b40c-be12-47e4-9476-2c1560827fb6,2017-10-18 7:28:38 am GMT+05:30,2017-10-18,2017-10-18 01:58:38 UTC,Chennai,663120,gulabsahu,Gulab Sahu,2017-10-18 03:44:19 UTC,2024-09-15 23:43:05 UTC,needs_id,,https://www.inaturalist.org/observations/8449501,https://static.inaturalist.org/photos/11259627/medium.jpeg,,,,1,0,false,2,"Unnamed Road Atang, Chhattisgarh 493663 India",20.8930549622,81.7180557251,,,,,,,,false,gps,gps,,Dhamtari,Chhattisgarh,India,Chhattisgarh,Dhamtari,Marvel of Peru,Mirabilis jalapa,Marvel of Peru,Plantae,50616
8449514,603e5e7a-5d64-4599-86e7-2d43f1680f08,2017-10-18 7:31:58 am GMT+05:30,2017-10-18,2017-10-18 02:01:58 UTC,Chennai,663120,gulabsahu,Gulab Sahu,2017-10-18 03:45:31 UTC,2020-08-24 03:11:38 UTC,research,,https://www.inaturalist.org/observations/8449514,https://static.inaturalist.org/photos/11259651/medium.jpeg,,,,2,0,false,2,"Unnamed Road Atang, Chhattisgarh 493663 India",20.8930549622,81.7180557251,,,,,,,,false,gps,gps,,Dhamtari,Chhattisgarh,India,Chhattisgarh,Dhamtari,Scarlet creeper,Ipomoea hederifolia,scarlet creeper,Plantae,126300
8449651,e6d378fc-bd0e-4bf4-82cd-2b75b86b056d,2017-10-18 7:54:49 am GMT+05:30,2017-10-18,2017-10-18 02:24:49 UTC,Chennai,663120,gulabsahu,Gulab Sahu,2017-10-18 04:02:31 UTC,2019-07-30 19:42:38 UTC,research,,https://www.inaturalist.org/observations/8449651,https://static.inaturalist.org/photos/11259839/medium.jpeg,,,,2,0,false,2,"Unnamed Road Atang, Chhattisgarh 493663 India",20.8930549622,81.7177810669,,,,,,,,false,gps,gps,,Dhamtari,Chhattisgarh,India,Chhattisgarh,Dhamtari,Mexican prickly poppy,Argemone mexicana,Mexican prickly poppy,Plantae,128533
8463329,d9ae8a3f-9d66-421d-a3af-14245c1b36aa,Thu Oct 19 2017 10:05:04 GMT+0530 (GMT+5:30),2017-10-19,2017-10-19 04:35:04 UTC,Chennai,612368,ameetmandavia,Ameet Mandavia,2017-10-19 07:20:26 UTC,2024-07-25 20:37:14 UTC,needs_id,CC-BY,https://www.inaturalist.org/observations/8463329,https://inaturalist-open-data.s3.amazonaws.com/photos/11281754/medium.jpg,,,,0,0,false,3,"Kangerghati, IN-CT-BT, IN-CT, IN",18.88705,81.93653,,,,,,,,false,,,,Bastar,Chhattisgarh,India,Chhattisgarh,Bastar,Rattail,Stachytarpheta cayennensis,Rattail,Plantae,126569
8463443,1d01f8d3-4150-4cd8-8501-176996443542,Thu Oct 19 2017 13:07:12 GMT+0530 (GMT+5:30),2017-10-19,2017-10-19 07:37:12 UTC,Chennai,612368,ameetmandavia,Ameet Mandavia,2017-10-19 07:39:47 UTC,2024-07-25 19:11:27 UTC,research,CC-BY,https://www.inaturalist.org/observations/8463443,https://inaturalist-open-data.s3.amazonaws.com/photos/11281914/medium.jpg,,,,1,0,false,3,"Jagdalpur, Jagdalpur, Chhattisgarh, IN",19.00681945,82.0132361167,,,,,,,,false,,,,Bastar,Chhattisgarh,India,Chhattisgarh,Bastar,sensitive plant,Mimosa pudica,Sensitive Plant,Plantae,51921
8464241,0e3e2cd6-f873-4632-8ba1-39b6d1d36d07,2017-10-18 11:30:32 AM IST,2017-10-18,2017-10-18 08:30:32 UTC,Jerusalem,579708,ravinaidu,Ravi Naidu,2017-10-19 11:36:08 UTC,2017-10-28 05:39:08 UTC,research,CC-BY-NC,https://www.inaturalist.org/observations/8464241,https://inaturalist-open-data.s3.amazonaws.com/photos/11283051/medium.jpeg,,,,1,0,false,2,"Unnamed Road, Kawapal, Chhattisgarh 494001, India",18.9670591151,82.2027409449,528333,,,,528333,,,false,gps,gps,,Bastar,Chhattisgarh,India,Chhattisgarh,Bastar,scarlet creeper,Ipomoea hederifolia,scarlet creeper,Plantae,126300
8473037,b958a75c-06b1-4e79-92b7-347550431223,2017-10-20 7:43:00 am GMT+05:30,2017-10-20,2017-10-20 02:13:00 UTC,Chennai,660744,tandanhn79,,2017-10-20 02:11:13 UTC,2019-07-18 09:45:37 UTC,research,CC-BY-NC,https://www.inaturalist.org/observations/8473037,https://inaturalist-open-data.s3.amazonaws.com/photos/11307243/medium.jpeg,,,,2,0,false,2,"Hasuwa, Chhattisgarh India",21.69298172,82.5614089966,,,,,,,,false,gps,gps,,Baloda Bazar,Chhattisgarh,India,Chhattisgarh,Baloda Bazar,common lantana,Lantana camara,common lantana,Plantae,50333
8473039,e5376ab0-cea9-44b8-8d19-8c26e808d9e1,2017-10-20 8:41:11 am GMT+05:30,2017-10-20,2017-10-20 03:11:11 UTC,Chennai,660744,tandanhn79,,2017-10-20 02:11:15 UTC,2017-10-21 16:24:41 UTC,research,CC-BY-NC,https://www.inaturalist.org/observations/8473039,https://inaturalist-open-data.s3.amazonaws.com/photos/11307177/medium.jpeg,,,,1,0,false,2,"Hasuwa, Chhattisgarh India",21.69298172,82.5614089966,,,,,,,,false,gps,gps,,Baloda Bazar,Chhattisgarh,India,Chhattisgarh,Baloda Bazar,scarlet creeper,Ipomoea hederifolia,scarlet creeper,Plantae,126300
8473771,94f6a413-7091-459d-8c96-3c78ef6cc5fa,2017/07/17 11:04 AM IST,2017-07-17,2017-07-17 08:04:00 UTC,Jerusalem,8826,chiefredearth,Chief RedEarth,2017-10-20 03:17:55 UTC,2020-05-02 10:53:37 UTC,research,CC-BY-NC-ND,https://www.inaturalist.org/observations/8473771,https://inaturalist-open-data.s3.amazonaws.com/photos/11298244/medium.jpeg,,,"A vine in a forest with heart shaped leaves, hairy stems, hairy orange fruits which is similar to 'crab's eye' in size and with 'frilled' pods.",2,0,false,,"Silyara, Uttarakhand 249155, India",30.4485373,78.6412922,778,,,,778,,,false,,,,Tehri Garhwal,Uttaranchal,India,Uttarakhand,Tehri Garhwal,Velvetleaf,Cissampelos pareira,Velvetleaf,Plantae,160643
8474406,c9082838-3682-4887-a74f-baf3896c1a6d,2017-10-20 9:57:45 AM IST,2017-10-20,2017-10-20 06:57:45 UTC,Jerusalem,579708,ravinaidu,Ravi Naidu,2017-10-20 04:28:09 UTC,2022-09-01 14:31:56 UTC,research,CC-BY-NC,https://www.inaturalist.org/observations/8474406,https://inaturalist-open-data.s3.amazonaws.com/photos/11299355/medium.jpeg,,,,2,0,false,2,"Unnamed Road, Jagdalpur, Chhattisgarh 494001, India",19.0610599518,82.0422668457,,,,,,,,false,gps,gps,,Bastar,Chhattisgarh,India,Chhattisgarh,Bastar,billygoat weed,Ageratum conyzoides,billygoat weed,Plantae,143422
8474515,30e1ad79-7fd9-4db9-b848-00733dd1fb53,2017-10-20 9:59:57 AM IST,2017-10-20,2017-10-20 06:59:57 UTC,Jerusalem,579708,ravinaidu,Ravi Naidu,2017-10-20 04:41:47 UTC,2018-09-04 07:34:19 UTC,research,CC-BY-NC,https://www.inaturalist.org/observations/8474515,https://inaturalist-open-data.s3.amazonaws.com/photos/11299497/medium.jpeg,,,,2,0,false,2,"Unnamed Road, Jagdalpur, Chhattisgarh 494001, India",19.0613040924,82.0422134399,,,,,,,,false,gps,gps,,Bastar,Chhattisgarh,India,Chhattisgarh,Bastar,Indian Heliotrope,Heliotropium indicum,Indian Heliotrope,Plantae,83492
8474847,aa36c3c8-b9ed-4f1c-be76-987f4024f725,Fri Oct 20 2017 11:06:47 GMT+0530 (GMT+5:30),2017-10-20,2017-10-20 05:36:47 UTC,Chennai,612368,ameetmandavia,Ameet Mandavia,2017-10-20 05:37:37 UTC,2024-07-25 20:40:16 UTC,needs_id,CC-BY,https://www.inaturalist.org/observations/8474847,https://inaturalist-open-data.s3.amazonaws.com/photos/11300160/medium.jpg,,,,0,0,false,3,"Lalbagh, Jagdalpur, Chhattisgarh, IN",19.0841195,82.0365445,,,,,,,,false,,,,Bastar,Chhattisgarh,India,Chhattisgarh,Bastar,Yellow alder,Turnera ulmifolia,Yellow alder,Plantae,170055
8502254,6fcd653a-1678-4e4e-91c6-fe0737a1f164,2017-10-22 1:45:00 pm GMT+05:30,2017-10-22,2017-10-22 08:15:00 UTC,Chennai,660744,tandanhn79,,2017-10-22 10:02:06 UTC,2019-08-28 03:52:07 UTC,research,CC-BY-NC,https://www.inaturalist.org/observations/8502254,https://inaturalist-open-data.s3.amazonaws.com/photos/11344078/medium.jpeg,,,,1,0,false,2,"Deobhog, Chhattisgarh 493890 India",19.90080349,82.66018499,10,,,,10,,,false,gps,gps,,Gariaband,Chhattisgarh,India,Chhattisgarh,Gariaband,rough cocklebur,Xanthium strumarium,rough cocklebur,Plantae,57920
8502262,6a5042e1-9839-48b1-9c7e-122fdfb15266,,,,UTC,660744,tandanhn79,,2017-10-22 10:02:52 UTC,2017-10-24 14:30:29 UTC,casual,CC-BY-NC,https://www.inaturalist.org/observations/8502262,https://inaturalist-open-data.s3.amazonaws.com/photos/11345086/medium.jpeg,,,,0,0,false,2,"Deobhog, Chhattisgarh 493890 India",19.9009035,82.66011615,9,,,,9,,,false,gps,gps,,Gariaband,Chhattisgarh,India,Chhattisgarh,Gariaband,,Alternanthera sessilis,Sessile Joyweed,Plantae,158232
8527090,358b6e79-6ae3-4973-9d93-e917b8da8b73,2017-10-22 10:53:28 am GMT+05:30,2017-10-22,2017-10-22 05:23:28 UTC,Chennai,663120,gulabsahu,Gulab Sahu,2017-10-24 02:02:32 UTC,2019-07-18 09:45:38 UTC,research,,https://www.inaturalist.org/observations/8527090,https://static.inaturalist.org/photos/11386642/medium.jpeg,,,,2,0,false,2,"Unnamed Road, Atang, Chhattisgarh 493663, India",20.8883984063,81.709625534,8256,,,,8256,,,false,gps,gps,,Dhamtari,Chhattisgarh,India,Chhattisgarh,Dhamtari,common lantana,Lantana camara,common lantana,Plantae,50333
8527894,b9fea3c1-4221-4cf9-9935-9366643106e9,2017-10-24 7:01:10 am GMT+05:30,2017-10-24,2017-10-24 01:31:10 UTC,Chennai,660744,tandanhn79,,2017-10-24 03:42:27 UTC,2019-08-13 08:56:10 UTC,research,CC-BY-NC,https://www.inaturalist.org/observations/8527894,https://inaturalist-open-data.s3.amazonaws.com/photos/11392314/medium.jpeg,,,,3,0,false,2,"Deobhog, Chhattisgarh 493890 India",19.8983268738,82.660118103,,,,,,,,false,gps,gps,,Gariaband,Chhattisgarh,India,Chhattisgarh,Gariaband,Cat's Claw,Martynia annua,Cat's Claw,Plantae,285847
8528275,980ae55a-f0db-452c-acb9-d11424d5e5ac,2017-10-22,2017-10-22,,Mumbai,679749,swanand,swanand kesari,2017-10-24 04:27:57 UTC,2018-12-06 08:13:44 UTC,research,CC-BY-NC,https://www.inaturalist.org/observations/8528275,https://inaturalist-open-data.s3.amazonaws.com/photos/11388907/medium.jpg,,western ghats,,1,0,false,,Rajgad,18.246654,73.682256,38,,,,38,,,false,,manual,,Pune,Maharashtra,India,Maharashtra,Pune,Chinese Bur,Triumfetta rhomboidea,Chinese Bur,Plantae,170044
8530256,3ae09ff2-45c1-45df-8e22-99693416c8a9,2017-10-24 7:10:09 am GMT+05:30,2017-10-24,2017-10-24 01:40:09 UTC,Chennai,660744,tandanhn79,,2017-10-24 12:25:34 UTC,2022-09-06 18:56:40 UTC,research,CC-BY-NC,https://www.inaturalist.org/observations/8530256,https://inaturalist-open-data.s3.amazonaws.com/photos/11392410/medium.jpeg,,,,2,1,false,2,"Deobhog, Chhattisgarh 493890 India",19.8983268738,82.660118103,,,,,,,,false,gps,gps,,Gariaband,Chhattisgarh,India,Chhattisgarh,Gariaband,billygoat weed,Ageratum conyzoides,billygoat weed,Plantae,143422
8539440,1ccfcef6-e773-4af2-9b74-516864006390,2017-10-25 7:31:21 am GMT+05:30,2017-10-25,2017-10-25 02:01:21 UTC,Chennai,660744,tandanhn79,,2017-10-25 02:19:34 UTC,2024-05-17 03:22:33 UTC,research,CC-BY-NC,https://www.inaturalist.org/observations/8539440,https://inaturalist-open-data.s3.amazonaws.com/photos/11409780/medium.jpeg,,,,2,0,false,2,"Deobhog, Chhattisgarh 493890 India",19.90059918,82.66017073,10,,,,10,,,false,,,,Gariaband,Chhattisgarh,India,Chhattisgarh,Gariaband,hairy senna,Senna hirsuta,hairy senna,Plantae,168840
8570237,006d8858-55bb-45b2-ab46-50fa4bab15a3,2017-10-26 7:52:09 am GMT+05:30,2017-10-26,2017-10-26 02:22:09 UTC,Chennai,660744,tandanhn79,,2017-10-27 00:37:51 UTC,2023-11-30 14:28:50 UTC,research,CC-BY-NC,https://www.inaturalist.org/observations/8570237,https://inaturalist-open-data.s3.amazonaws.com/photos/11448620/medium.jpeg,,,,2,0,false,2,"Gariaband-Deobhog Rd, Deobhog, Chhattisgarh 493890, India",19.9036407471,82.6505279541,,,,,,,,false,gps,gps,,Gariaband,Chhattisgarh,India,Chhattisgarh,Gariaband,Quail Grass,Celosia argentea,Quail Grass,Plantae,160259
8597492,60ed26d2-72fe-4a9f-94ed-768c056071bc,2017-10-29 7:39:38 am GMT+05:30,2017-10-29,2017-10-29 02:09:38 UTC,Chennai,660744,tandanhn79,,2017-10-29 05:58:55 UTC,2023-01-12 21:19:44 UTC,research,CC-BY-NC,https://www.inaturalist.org/observations/8597492,https://inaturalist-open-data.s3.amazonaws.com/photos/11493635/medium.jpeg,,,,4,0,false,2,"NH130C, Dahigaon, Chhattisgarh 493890, India",19.9011764526,82.67162323,,,,,,,,false,gps,gps,,Gariaband,Chhattisgarh,India,Chhattisgarh,Gariaband,Cypress Vine,Ipomoea quamoclit,Cypress Vine,Plantae,126869
8598070,f895146e-517c-4cd1-b985-75062763c46f,2017-10-29 8:58:52 am GMT+05:30,2017-10-29,2017-10-29 03:28:52 UTC,Chennai,660744,tandanhn79,,2017-10-29 07:46:19 UTC,2019-07-27 07:52:55 UTC,research,CC-BY-NC,https://www.inaturalist.org/observations/8598070,https://inaturalist-open-data.s3.amazonaws.com/photos/11494866/medium.jpeg,,,,2,0,false,2,"NH130C, Dahigaon, Chhattisgarh 493890, India",19.9011764526,82.67162323,,,,,,,,false,gps,gps,,Gariaband,Chhattisgarh,India,Chhattisgarh,Gariaband,Tridax daisy,Tridax procumbens,Tridax daisy,Plantae,169944
8614110,9c025003-e714-4fa2-af4e-6135992eee6a,2017-10-30 4:49:19 pm GMT+05:30,2017-10-30,2017-10-30 11:19:19 UTC,Chennai,660744,tandanhn79,,2017-10-30 13:38:54 UTC,2019-11-08 00:42:36 UTC,research,CC-BY-NC,https://www.inaturalist.org/observations/8614110,https://inaturalist-open-data.s3.amazonaws.com/photos/11522913/medium.jpeg,,,,3,0,false,2,"Gariaband-Deobhog Rd, Deobhog, Chhattisgarh 493890, India",19.90085515,82.66018696,10,,,,10,,,false,,,,Gariaband,Chhattisgarh,India,Chhattisgarh,Gariaband,Air Plant,Kalanchoe pinnata,Air Plant,Plantae,164333
8659994,a5556a96-7e7c-4940-8b85-65d7b5de35e8,2017-11-01 9:26:09 am GMT+05:30,2017-11-01,2017-11-01 03:56:09 UTC,Chennai,660744,tandanhn79,,2017-11-02 23:37:45 UTC,2017-11-04 05:17:52 UTC,research,CC-BY-NC,https://www.inaturalist.org/observations/8659994,https://inaturalist-open-data.s3.amazonaws.com/photos/11598256/medium.jpeg,,,,1,0,false,2,"Gariaband-Deobhog Rd, Deobhog, Chhattisgarh 493890, India",19.89993215,82.66083645,34,,,,34,,,false,,,,Gariaband,Chhattisgarh,India,Chhattisgarh,Gariaband,sensitive plant,Mimosa pudica,Sensitive Plant,Plantae,51921
8677668,5d3f47ee-fda3-458c-921a-ea43fbd73ff8,2017-11-03 12:08:32 pm GMT+05:30,2017-11-03,2017-11-03 06:38:32 UTC,Chennai,663120,gulabsahu,Gulab Sahu,2017-11-04 14:16:16 UTC,2023-11-30 15:23:07 UTC,research,,https://www.inaturalist.org/observations/8677668,https://static.inaturalist.org/photos/11626590/medium.jpeg,,,,2,0,false,2,"Waterfall Rd, Tiratha, Chhattisgarh 494010, India",19.2055549622,81.69972229,,,,,,,open,false,gps,gps,,Bastar,Chhattisgarh,India,Chhattisgarh,Bastar,false daisy,Eclipta prostrata,false daisy,Plantae,76765
8688077,e34631ac-9e81-40c8-a86c-ad39b131f27c,2017-11-03 12:18:04 pm GMT+05:30,2017-11-03,2017-11-03 06:48:04 UTC,Chennai,663120,gulabsahu,Gulab Sahu,2017-11-05 02:11:01 UTC,2019-02-24 16:21:19 UTC,casual,,https://www.inaturalist.org/observations/8688077,https://static.inaturalist.org/photos/11643813/medium.jpeg,,,,1,0,true,2,"Waterfall Rd, Chitrakoot, Chhattisgarh 494010, India",19.2010885548,81.724662669,16511,,,,16511,,,false,gps,gps,,Bastar,Chhattisgarh,India,Chhattisgarh,Bastar,skyflower,Duranta erecta,skyflower,Plantae,162153
8688308,d8256749-e1bf-48aa-b6d8-e12bf6158558,2017-11-02 10:51:44 am GMT+05:30,2017-11-02,2017-11-02 05:21:44 UTC,Chennai,663120,gulabsahu,Gulab Sahu,2017-11-05 02:27:36 UTC,2018-03-03 15:14:37 UTC,research,,https://www.inaturalist.org/observations/8688308,https://static.inaturalist.org/photos/11644167/medium.jpeg,,,,1,0,false,2,"Unnamed Road, Dhuragaon, Chhattisgarh 494010, India",19.1624143147,81.768900007,16511,,,,16511,,,false,gps,gps,,Bastar,Chhattisgarh,India,Chhattisgarh,Bastar,Siam weed,Chromolaena odorata,Siam weed,Plantae,199400
8688419,92bbe663-727f-4203-9635-a13f926a1fad,2017-11-01 8:56:02 am GMT+05:30,2017-11-01,2017-11-01 03:26:02 UTC,Chennai,663120,gulabsahu,Gulab Sahu,2017-11-05 02:42:25 UTC,2019-07-23 13:53:58 UTC,research,,https://www.inaturalist.org/observations/8688419,https://static.inaturalist.org/photos/11644461/medium.jpeg,,,,3,0,false,2,"Hazaribagh Rd, Kumhdaikhurd, Chhattisgarh 493890, India",19.8827781677,82.6569442749,,,,,,,,false,gps,gps,,Gariaband,Chhattisgarh,India,Chhattisgarh,Gariaband,lion's ear,Leonotis nepetifolia,lion's ear,Plantae,141634
8688468,8c231308-e441-4cb2-b5f3-e357ed1f91b7,2017-11-01 8:31:32 am GMT+05:30,2017-11-01,2017-11-01 03:01:32 UTC,Chennai,663120,gulabsahu,Gulab Sahu,2017-11-05 02:49:07 UTC,2019-08-28 03:52:08 UTC,research,,https://www.inaturalist.org/observations/8688468,https://static.inaturalist.org/photos/11644631/medium.jpeg,,,,1,0,false,2,"Gariaband-Deobhog Rd, Deobhog, Chhattisgarh 493890, India",19.899916796,82.6586112,8256,,,,8256,,,false,gps,gps,,Gariaband,Chhattisgarh,India,Chhattisgarh,Gariaband,rough cocklebur,Xanthium strumarium,rough cocklebur,Plantae,57920
8690491,0345053c-bac2-40a8-a6e5-ede81c1fc316,Sun Nov 05 2017 09:18:07 GMT+0530 (GMT+5:30),2017-11-05,2017-11-05 03:48:07 UTC,Chennai,612368,ameetmandavia,Ameet Mandavia,2017-11-05 06:13:05 UTC,2025-01-20 23:52:14 UTC,research,CC-BY,https://www.inaturalist.org/observations/8690491,https://inaturalist-open-data.s3.amazonaws.com/photos/11648686/medium.jpg,,,,3,0,false,3,"Raipur, Raipur, Chhattisgarh, IN",21.258375,81.7869416667,5,,,,5,,open,false,,,,Raipur,Chhattisgarh,India,Chhattisgarh,Raipur,Quail Grass,Celosia argentea,Quail Grass,Plantae,160259
8710112,3836051a-6da9-4ded-96a5-853f76c0c349,Mon Nov 06 2017 15:53:10 GMT+0530 (GMT+5:30),2017-11-06,2017-11-06 10:23:10 UTC,Chennai,612368,ameetmandavia,Ameet Mandavia,2017-11-06 17:10:44 UTC,2024-07-25 19:11:27 UTC,research,CC-BY,https://www.inaturalist.org/observations/8710112,https://inaturalist-open-data.s3.amazonaws.com/photos/11679462/medium.jpg,,,,1,0,false,3,"NH221, Jagdalpur, Chhattisgarh, IN",18.9370533333,81.896195,5,,,,5,,,false,,,,Bastar,Chhattisgarh,India,Chhattisgarh,Bastar,scarlet creeper,Ipomoea hederifolia,scarlet creeper,Plantae,126300
8712273,285feaa7-cf0e-42e1-b7f5-a089128ceb31,2017-11-06 3:58:24 PM IST,2017-11-06,2017-11-06 13:58:24 UTC,Jerusalem,579708,ravinaidu,Ravi Naidu,2017-11-06 20:20:22 UTC,2020-05-02 14:40:01 UTC,research,CC-BY-NC,https://www.inaturalist.org/observations/8712273,https://inaturalist-open-data.s3.amazonaws.com/photos/11682969/medium.jpeg,,,,2,0,false,2,"NH30, Kamanar, Chhattisgarh 494442, India",18.9370155334,81.8961791992,,,,,,,,false,gps,gps,,Bastar,Chhattisgarh,India,Chhattisgarh,Bastar,hairy senna,Senna hirsuta,hairy senna,Plantae,168840
8716660,f7f926a9-2154-4ef1-8a60-c5ebf5f5551c,2017-11-07 7:53:41 am GMT+05:30,2017-11-07,2017-11-07 02:23:41 UTC,Chennai,660744,tandanhn79,,2017-11-07 02:34:50 UTC,2020-11-22 09:58:20 UTC,research,CC-BY-NC,https://www.inaturalist.org/observations/8716660,https://inaturalist-open-data.s3.amazonaws.com/photos/11698226/medium.jpeg,,,,2,0,false,2,"Hazaribagh Rd, Deobhog, Chhattisgarh 493890, India",19.8931846619,82.6609191895,,,,,,,,false,gps,gps,,Gariaband,Chhattisgarh,India,Chhattisgarh,Gariaband,Marvel of Peru,Mirabilis jalapa,Marvel of Peru,Plantae,50616
8717710,0a86c157-92d1-4b61-ab9d-0b8b5f73bcdf,2017-10-22 10:14:24,2017-10-22,2017-10-22 04:44:24 UTC,Mumbai,679749,swanand,swanand kesari,2017-11-07 04:21:43 UTC,2018-11-29 20:15:31 UTC,research,CC-BY-NC,https://www.inaturalist.org/observations/8717710,https://inaturalist-open-data.s3.amazonaws.com/photos/11692263/medium.jpg,,Mallows and allies,,1,0,false,,Rajgad Pune,18.246654,73.682256,38,,,,38,,,false,,manual,,Pune,Maharashtra,India,Maharashtra,Pune,Spinyhead Sida,Sida acuta,Spinyhead Sida,Plantae,168922
8739486,334e9cb1-5d00-4829-be93-bbaf3b76cb67,2017-11-09 4:29:31 pm GMT+05:30,2017-11-09,2017-11-09 10:59:31 UTC,Chennai,663120,gulabsahu,Gulab Sahu,2017-11-09 14:13:07 UTC,2020-11-03 14:23:27 UTC,research,,https://www.inaturalist.org/observations/8739486,https://static.inaturalist.org/photos/11729705/medium.jpeg,,,,1,0,false,2,"NH130C, Dahigaon, Chhattisgarh 493890, India",19.8957086686,82.6657661761,16,,,,16,,,false,gps,gps,,Gariaband,Chhattisgarh,India,Chhattisgarh,Gariaband,Chinese Bur,Triumfetta rhomboidea,Chinese Bur,Plantae,170044
8748773,df2e65fe-87ac-4baf-a042-877f9370fecc,2017-11-10 10:35:36 AM GMT+05:30,2017-11-10,2017-11-10 05:05:36 UTC,Chennai,505286,navin_sasikumar,Navin Sasikumar,2017-11-10 07:53:39 UTC,2023-07-08 12:05:32 UTC,research,CC-BY,https://www.inaturalist.org/observations/8748773,https://inaturalist-open-data.s3.amazonaws.com/photos/11744854/medium.jpeg,,,,3,0,false,2,"Unnamed Road, Malampuzha-I, Kerala 678651, India",10.8439807892,76.7276687622,,,,,,,,false,gps,gps,,Palakkad,Kerala,India,Kerala,Palakkad,Coffee Senna,Senna occidentalis,Coffee Senna,Plantae,168847
8748994,93733ba5-b7e1-41ce-939f-a7d79c4ebeb8,2017-11-10 11:59:12 AM IST,2017-11-10,2017-11-10 09:59:12 UTC,Jerusalem,579708,ravinaidu,Ravi Naidu,2017-11-10 09:08:17 UTC,2023-12-20 07:37:09 UTC,research,CC-BY-NC,https://www.inaturalist.org/observations/8748994,https://inaturalist-open-data.s3.amazonaws.com/photos/11745240/medium.jpeg,,,,2,0,false,2,"Unnamed Road, Chhattisgarh 494001, India",19.0153026581,82.0162124634,,,,,,,,false,gps,gps,,Bastar,Chhattisgarh,India,Chhattisgarh,Bastar,Siam weed,Chromolaena odorata,Siam weed,Plantae,199400
8748998,27767f06-7bc0-44f7-973b-0bfcb8ef5d0f,2017-11-10 11:56:09 AM IST,2017-11-10,2017-11-10 09:56:09 UTC,Jerusalem,579708,ravinaidu,Ravi Naidu,2017-11-10 09:10:35 UTC,2024-01-28 19:09:29 UTC,research,CC-BY-NC,https://www.inaturalist.org/observations/8748998,https://inaturalist-open-data.s3.amazonaws.com/photos/11745247/medium.jpeg,,,,1,0,false,2,"Unnamed Road, Chhattisgarh 494001, India",19.0153388977,82.0163421631,,,,,,,,false,gps,gps,,Bastar,Chhattisgarh,India,Chhattisgarh,Bastar,Air Plant,Kalanchoe pinnata,Air Plant,Plantae,164333
8791847,d09ec3d8-c2cd-444f-bdf1-846e4cd9ed80,2017-11-13 10:09:41 AM IST,2017-11-13,2017-11-13 08:09:41 UTC,Jerusalem,579708,ravinaidu,Ravi Naidu,2017-11-13 09:08:36 UTC,2019-07-23 13:54:08 UTC,research,CC-BY-NC,https://www.inaturalist.org/observations/8791847,https://inaturalist-open-data.s3.amazonaws.com/photos/11802899/medium.jpeg,,,,4,0,false,2,"Raipur - Jagdalpur - Vishakhapatnam road, Dhanpunji, Chhattisgarh 764058, India",19.086517334,82.2207107544,,,,,,,,false,gps,gps,,Koraput,Odisha,India,Odisha,Koraput,lion's ear,Leonotis nepetifolia,lion's ear,Plantae,141634
8804885,3ec9adb4-a329-40d8-9c79-95309a402087,2017-11-14 12:41:54 PM IST,2017-11-14,2017-11-14 10:41:54 UTC,Jerusalem,579708,ravinaidu,Ravi Naidu,2017-11-14 16:41:11 UTC,2019-08-20 10:42:29 UTC,research,CC-BY-NC,https://www.inaturalist.org/observations/8804885,https://inaturalist-open-data.s3.amazonaws.com/photos/11824495/medium.jpeg,,,,1,0,false,2,"Nizamabad - Mancherial - Jagdalpur Rd, Bastanar, Chhattisgarh 494442, India",18.9738674164,81.565612793,,,,,,,,false,gps,gps,,Bastar,Chhattisgarh,India,Chhattisgarh,Bastar,scarlet creeper,Ipomoea hederifolia,scarlet creeper,Plantae,126300
8804894,0b8fb6b0-ddf0-4e9d-8daa-f42915244bbb,2017-11-14 12:41:22 PM IST,2017-11-14,2017-11-14 10:41:22 UTC,Jerusalem,579708,ravinaidu,Ravi Naidu,2017-11-14 16:42:10 UTC,2017-11-24 09:09:47 UTC,research,CC-BY-NC,https://www.inaturalist.org/observations/8804894,https://inaturalist-open-data.s3.amazonaws.com/photos/11824506/medium.jpeg,,,,1,0,false,2,"Nizamabad - Mancherial - Jagdalpur Rd, Bastanar, Chhattisgarh 494442, India",18.9739837646,81.5653762817,,,,,,,,false,gps,gps,,Bastar,Chhattisgarh,India,Chhattisgarh,Bastar,rough cocklebur,Xanthium strumarium,rough cocklebur,Plantae,57920
8868662,1ec35af1-171f-4303-a393-ce1c278cb3be,2017-11-20 7:56:50 AM GMT+05:30,2017-11-20,2017-11-20 02:26:50 UTC,Chennai,693334,lipi2,Lipi Awasthi,2017-11-20 02:39:27 UTC,2019-02-24 16:28:15 UTC,research,,https://www.inaturalist.org/observations/8868662,https://static.inaturalist.org/photos/11924207/medium.jpeg,,,,2,0,false,2,"NH130C, Dahigaon, Chhattisgarh 493890, India",19.8958376,82.6656228,20,,,,20,,,false,,,,Gariaband,Chhattisgarh,India,Chhattisgarh,Gariaband,skyflower,Duranta erecta,skyflower,Plantae,162153
8872213,1ca14e5f-7bac-4ab3-a9ca-c2c17db03f5d,2017-11-20 4:36:50 p.m. GMT+05:30,2017-11-20,2017-11-20 11:06:50 UTC,Chennai,711552,huguerl,Hugo,2017-11-20 11:36:42 UTC,2022-06-14 01:44:30 UTC,research,CC-BY,https://www.inaturalist.org/observations/8872213,https://inaturalist-open-data.s3.amazonaws.com/photos/11929916/medium.jpg,,,,1,0,false,2,"Gurudware ke samane Pushkar, ajmer, Parikarma Marg, Ganahera, Pushkar, Rajasthan 305022, India",26.4868288487,74.559039026,1376,,,,1376,,,false,gps,gps,,Ajmer,Rajasthan,India,Rajasthan,Ajmer,Hierba de la bruja,Verbesina encelioides,cowpen daisy,Plantae,79495
8883662,1e217e4c-750f-4031-abf5-0c964dd38926,2015/09/01 10:26 AM EDT,2015-09-01,2015-09-01 14:26:00 UTC,Eastern Time (US & Canada),31309,vinodborse,Vinod Borse,2017-11-21 07:07:04 UTC,2024-08-01 17:02:19 UTC,research,CC-BY-NC,https://www.inaturalist.org/observations/8883662,https://inaturalist-open-data.s3.amazonaws.com/photos/11947874/medium.jpg,,,,2,0,false,,Etapalli Gadchiroli Maharashtra ,19.598777,80.22691,2510,,,,2510,,,false,,,,Garhchiroli,Maharashtra,India,Maharashtra,Garhchiroli,云南土丁桂,Evolvulus nummularius,Dwarf Morning Glory,Plantae,83417
8884403,59c88af5-f074-4825-960f-d43f2a56f912,2017-11-21 3:14:38 p.m. GMT+05:30,2017-11-21,2017-11-21 09:44:38 UTC,Chennai,711552,huguerl,Hugo,2017-11-21 09:57:50 UTC,2023-09-14 06:21:25 UTC,research,CC-BY,https://www.inaturalist.org/observations/8884403,https://inaturalist-open-data.s3.amazonaws.com/photos/11949240/medium.jpg,,,,2,0,false,2,"Vaam Dev Road, Pushkar, Rajasthan 305022, India",26.4852215848,74.5606074482,1376,,,,1376,,,false,gps,gps,,Ajmer,Rajasthan,India,Rajasthan,Ajmer,common lantana,Lantana camara,common lantana,Plantae,50333
8884417,648b1b42-39a7-4595-b67e-44599d306998,2017-11-21 3:21:37 p.m. GMT+05:30,2017-11-21,2017-11-21 09:51:37 UTC,Chennai,711552,huguerl,Hugo,2017-11-21 10:01:20 UTC,2025-01-04 23:22:32 UTC,research,CC-BY,https://www.inaturalist.org/observations/8884417,https://inaturalist-open-data.s3.amazonaws.com/photos/11949267/medium.jpg,,,,1,0,false,2,"Vaam Dev Road, Pushkar, Rajasthan 305022, India",26.48236254,74.56272735,9,,,,9,,,false,,,,Ajmer,Rajasthan,India,Rajasthan,Ajmer,downy thorn-apple,Datura innoxia,downy thorn-apple,Plantae,161639
8884585,b10a5f8d-c820-43dc-8099-00eec4495f53,2017-11-21 3:40:56 p.m. GMT+05:30,2017-11-21,2017-11-21 10:10:56 UTC,Chennai,711552,huguerl,Hugo,2017-11-21 10:50:15 UTC,2023-09-14 06:21:44 UTC,research,CC-BY,https://www.inaturalist.org/observations/8884585,https://inaturalist-open-data.s3.amazonaws.com/photos/11949560/medium.jpg,,,,4,0,false,2,"Vaam Dev Road, Pushkar, Rajasthan 305022, India",26.4797049219,74.565137364,688,,,,688,,,false,gps,gps,,Ajmer,Rajasthan,India,Rajasthan,Ajmer,Mexican prickly poppy,Argemone mexicana,Mexican prickly poppy,Plantae,128533
8898115,9796821d-7f4b-4733-b364-176d0db7cbc6,2017/10/30 11:58 AM GMT,2017-10-30,2017-10-30 11:58:00 UTC,UTC,525176,shivani96,,2017-11-22 19:03:36 UTC,2017-11-23 11:00:24 UTC,needs_id,CC-BY-NC,https://www.inaturalist.org/observations/8898115,https://inaturalist-open-data.s3.amazonaws.com/photos/11973360/medium.jpg,,,,0,0,false,,haldwani,29.218264,79.512977,1998,,,,1998,,,false,,,,Naini Tal,Uttaranchal,India,Uttarakhand,Nainital,Gomphrena Weed,Gomphrena serrata,Gomphrena Weed,Plantae,130869
8905025,63d6c0f7-9b79-405c-9db0-fcbc2904510f,2017-11-23T07:07,2017-11-23,2017-11-22 20:07:00 UTC,Sydney,326572,grassflower,,2017-11-23 05:44:43 UTC,2020-10-01 09:32:39 UTC,research,CC-BY,https://www.inaturalist.org/observations/8905025,https://static.inaturalist.org/photos/11984812/medium.jpg,,,Field Notes - This weed grows wild all over India. ,4,0,false,111,India,28.468464,77.290908,,,,,,,,false,,,,Faridabad,Haryana,India,Haryana,Faridabad,common lantana,Lantana camara,common lantana,Plantae,50333
8906295,c6a880a5-57cc-4d36-9509-9a930406c784,2016/11/13 11:26 AM GMT,2016-11-13,2016-11-13 11:26:00 UTC,UTC,525176,shivani96,,2017-11-23 10:20:17 UTC,2024-10-17 21:22:04 UTC,research,CC-BY-NC,https://www.inaturalist.org/observations/8906295,https://inaturalist-open-data.s3.amazonaws.com/photos/11986944/medium.jpeg,,,,1,0,false,,"Haldwani, Uttarakhand 263139, India",29.2182644,79.5129767,1733,,,,1733,,,false,,,,Naini Tal,Uttaranchal,India,Uttarakhand,Nainital,creeping woodsorrel,Oxalis corniculata,Creeping Woodsorrel,Plantae,53168
8906350,3954b08e-b604-40bd-a99e-69bfd019e094,2016/11/11 4:25 PM GMT,2016-11-11,2016-11-11 16:25:00 UTC,UTC,525176,shivani96,,2017-11-23 10:44:07 UTC,2017-11-23 10:44:07 UTC,casual,CC-BY-NC,https://www.inaturalist.org/observations/8906350,https://inaturalist-open-data.s3.amazonaws.com/photos/11987056/medium.jpeg,,,,0,0,true,,"Haldwani, Uttarakhand 263139, India",29.2182644,79.5129767,1733,,,,1733,,open,false,,,,Naini Tal,Uttaranchal,India,Uttarakhand,Nainital,Yellow trumpet flower,Tecoma stans,yellow trumpet flower,Plantae,48363
8916594,244f80ce-face-4f06-a051-dc203c2f1596,2017-11-24 2:44:51 PM IST,2017-11-24,2017-11-24 12:44:51 UTC,Jerusalem,617273,softy_smith,Prateek Smith Mandal,2017-11-24 09:18:50 UTC,2024-10-11 12:12:48 UTC,research,,https://www.inaturalist.org/observations/8916594,https://static.inaturalist.org/photos/12004638/medium.jpeg,,,,2,0,false,2,"Unnamed Road, Jagdalpur, Chhattisgarh 494001, India",19.06015822,82.03499013,10,,,,10,,,false,,,,Bastar,Chhattisgarh,India,Chhattisgarh,Bastar,Siam weed,Chromolaena odorata,Siam weed,Plantae,199400
8980631,a22ac7b0-9867-4aca-9518-08ad7d11c4b1,2005/07/19 7:18 PM CEST,2005-07-19,2005-07-19 17:18:00 UTC,Paris,185971,murielbendel,Muriel Bendel,2017-11-29 20:05:09 UTC,2023-08-29 12:31:26 UTC,research,CC-BY-SA,https://www.inaturalist.org/observations/8980631,https://inaturalist-open-data.s3.amazonaws.com/photos/12112925/medium.jpeg,,,,2,0,false,,"Nullatanni, Munnar, Kerala 685612, Indien",10.0863980852,77.0584948298,2246,,,,2246,,open,false,,,,Idukki,Kerala,India,Kerala,Idukki,Solanum viarum,Solanum viarum,tropical soda-apple,Plantae,169088
8998381,815c0bb2-da68-4dcf-bac6-828bdcd25c13,2017-11-26 11:26:32 AM IST,2017-11-26,2017-11-26 09:26:32 UTC,Jerusalem,63135,suhelq,Suhel Quader,2017-11-30 16:31:27 UTC,2019-07-18 09:45:25 UTC,research,CC-BY,https://www.inaturalist.org/observations/8998381,https://inaturalist-open-data.s3.amazonaws.com/photos/12127612/medium.jpeg,,,,3,0,false,2,"Unnamed Road, Indian Institute of Horticultural Research, Ivar Kandapura, Bengaluru, Karnataka 560089, India",13.1467847824,77.4931945801,,,,,,,,false,gps,gps,,Bangalore,Karnataka,India,Karnataka,Bangalore,common lantana,Lantana camara,common lantana,Plantae,50333
8998384,573c5f19-3f30-4c4c-a3f1-d85c87b9ede5,2017-11-26 11:24:45 AM IST,2017-11-26,2017-11-26 09:24:45 UTC,Jerusalem,63135,suhelq,Suhel Quader,2017-11-30 16:32:01 UTC,2021-08-31 14:06:29 UTC,research,CC-BY,https://www.inaturalist.org/observations/8998384,https://inaturalist-open-data.s3.amazonaws.com/photos/12127616/medium.jpeg,,,,2,0,false,2,"Unnamed Road, Indian Institute of Horticultural Research, Ivar Kandapura, Bengaluru, Karnataka 560089, India",13.1471633911,77.4934082031,,,,,,,,false,gps,gps,,Bangalore,Karnataka,India,Karnataka,Bangalore,Siam weed,Chromolaena odorata,Siam weed,Plantae,199400
9013905,3efe50e0-887e-4472-8bdb-8d83ced3847c,Thu Nov 30 2017 10:18:03 GMT+0530 (GMT+5:30),2017-11-30,2017-11-30 04:48:03 UTC,Chennai,506327,julie_sf,Julie,2017-12-02 03:58:16 UTC,2018-01-22 15:15:07 UTC,research,CC-BY-NC,https://www.inaturalist.org/observations/9013905,https://inaturalist-open-data.s3.amazonaws.com/photos/12325744/medium.jpeg,,,,1,0,false,3,"Hyderabad, IN-TG, IN",17.3848885982,78.4016810934,70,,,,70,,open,false,,,,Hyderabad,Telangana,India,Telangana,Hyderabad,Yellow trumpet flower,Tecoma stans,yellow trumpet flower,Plantae,48363
9015979,c206b6df-d09f-4c47-8acb-6990ec117624,Wed Nov 29 2017 13:31:43 GMT+0530 (GMT+5:30),2017-11-29,2017-11-29 08:01:43 UTC,Chennai,506327,julie_sf,Julie,2017-12-02 09:39:03 UTC,2019-08-04 04:38:41 UTC,research,CC-BY-NC,https://www.inaturalist.org/observations/9015979,https://inaturalist-open-data.s3.amazonaws.com/photos/12319003/medium.jpeg,,,,2,0,false,3,"Medchal, Medchal, TG, IN",17.3594965456,78.3008576309,36,,,,36,,,false,,,,Rangareddi,Telangana,India,Telangana,Ranga Reddy,Quail Grass,Celosia argentea,Quail Grass,Plantae,160259
9015981,f87242dd-9ac6-4868-a450-7d949fe7bfb4,Wed Nov 29 2017 13:48:51 GMT+0530 (GMT+5:30),2017-11-29,2017-11-29 08:18:51 UTC,Chennai,506327,julie_sf,Julie,2017-12-02 09:40:09 UTC,2020-12-04 19:10:11 UTC,research,CC-BY-NC,https://www.inaturalist.org/observations/9015981,https://inaturalist-open-data.s3.amazonaws.com/photos/12319037/medium.jpeg,,,,2,0,false,3,"Ranga Reddy, IN-TG, IN",17.3600689555,78.3013813828,60,,,,60,,,false,,,,Rangareddi,Telangana,India,Telangana,Ranga Reddy,Ipomoea carnea fistulosa,Ipomoea carnea fistulosa,,Plantae,236503
9127575,a73ef80d-eec9-4d10-bedf-b6aa19513aa2,2017/11/28 10:28 PM PST,2017-11-28,2017-11-29 06:28:00 UTC,Pacific Time (US & Canada),506327,julie_sf,Julie,2017-12-11 22:08:05 UTC,2023-09-01 22:28:09 UTC,needs_id,CC-BY-NC,https://www.inaturalist.org/observations/9127575,https://inaturalist-open-data.s3.amazonaws.com/photos/12334715/medium.jpeg,,,,0,0,false,,"Ranga Reddy, Telangana, India",17.360565733,78.299227953,31,,,,31,,,false,,,,Rangareddi,Telangana,India,Telangana,Ranga Reddy,mesquite,Neltuma juliflora,mesquite,Plantae,1493141
9127648,f98ff6a2-1c98-47eb-9395-0e2cfb5f42d4,2017/11/28 11:01 PM PST,2017-11-28,2017-11-29 07:01:00 UTC,Pacific Time (US & Canada),506327,julie_sf,Julie,2017-12-11 22:19:06 UTC,2020-05-15 19:41:45 UTC,research,CC-BY-NC,https://www.inaturalist.org/observations/9127648,https://inaturalist-open-data.s3.amazonaws.com/photos/12334840/medium.jpeg,,,,2,0,false,,"Ranga Reddy, Telangana, India",17.3605452528,78.2993781567,81,,,,81,,,false,,,,Rangareddi,Telangana,India,Telangana,Ranga Reddy,common lantana,Lantana camara,common lantana,Plantae,50333
9131167,3c3cfdef-c918-4857-bb8c-d1b171b2bdb4,2017/12/01 8:07 AM PST,2017-12-01,2017-12-01 16:07:00 UTC,Pacific Time (US & Canada),506327,julie_sf,Julie,2017-12-12 05:29:02 UTC,2020-06-07 05:01:34 UTC,research,CC-BY-NC,https://www.inaturalist.org/observations/9131167,https://inaturalist-open-data.s3.amazonaws.com/photos/12340826/medium.jpeg,,,,1,0,false,,"Madhapur, Hyderabad, Telangana, India",17.435408413,78.3916515112,15,,,,15,,,false,,,,Rangareddi,Telangana,India,Telangana,Ranga Reddy,common water hyacinth,Pontederia crassipes,common water hyacinth,Plantae,962637
9131216,e961de63-bf12-4882-a3a9-e58b0131bebb,2017/12/01 8:08 AM PST,2017-12-01,2017-12-01 16:08:00 UTC,Pacific Time (US & Canada),506327,julie_sf,Julie,2017-12-12 05:31:50 UTC,2019-08-04 04:38:36 UTC,research,CC-BY-NC,https://www.inaturalist.org/observations/9131216,https://inaturalist-open-data.s3.amazonaws.com/photos/12340863/medium.jpeg,,,,2,0,false,,"Madhapur, Hyderabad, Telangana, India",17.4357944767,78.3918607235,46,,,,46,,,false,,,,Rangareddi,Telangana,India,Telangana,Ranga Reddy,Quail Grass,Celosia argentea,Quail Grass,Plantae,160259
9131313,ce87f41a-3a6a-445d-a375-30efde3922cd,2017/12/01 7:54 AM PST,2017-12-01,2017-12-01 15:54:00 UTC,Pacific Time (US & Canada),506327,julie_sf,Julie,2017-12-12 05:41:32 UTC,2019-07-23 11:58:00 UTC,research,CC-BY-NC,https://www.inaturalist.org/observations/9131313,https://inaturalist-open-data.s3.amazonaws.com/photos/12340930/medium.jpeg,,,,2,0,false,,"Madhapur, Hyderabad, Telangana, India",17.4357944767,78.3920753002,31,,,,31,,,false,,,,Rangareddi,Telangana,India,Telangana,Ranga Reddy,castor bean,Ricinus communis,castor bean,Plantae,56739
9132317,2a2caeee-bfe1-49d4-a8ff-a7dfc63eb7f5,2017/12/04 2:06 PM PST,2017-12-04,2017-12-04 22:06:00 UTC,Pacific Time (US & Canada),506327,julie_sf,Julie,2017-12-12 09:48:22 UTC,2019-07-18 09:45:24 UTC,research,CC-BY-NC,https://www.inaturalist.org/observations/9132317,https://inaturalist-open-data.s3.amazonaws.com/photos/12342531/medium.jpeg,,,,2,0,false,,"Gulab Sagar, Jodhpur, Rajasthan 342001, India",26.3020540902,73.0230049789,4,,,,4,,,false,,,,Jodhpur,Rajasthan,India,Rajasthan,Jodhpur,common lantana,Lantana camara,common lantana,Plantae,50333
9189644,09c2673d-b724-4c63-8318-93fd5a9167a6,2017-12-17 2:34:04 PM IST,2017-12-17,2017-12-17 12:34:04 UTC,Jerusalem,579708,ravinaidu,Ravi Naidu,2017-12-18 06:01:14 UTC,2025-05-05 16:13:53 UTC,needs_id,CC-BY-NC,https://www.inaturalist.org/observations/9189644,https://inaturalist-open-data.s3.amazonaws.com/photos/12438445/medium.jpeg,,,,1,0,false,2,"Patan, Gujarat, India",21.8285017558,70.0328076258,528333,,,,528333,,open,false,gps,gps,,Jamnagar,Gujarat,India,Gujarat,Jamnagar,Prickly Pears,Opuntia elatior,Red-flower Pricklypear,Plantae,441415
9197372,22535cc6-03b2-4ca7-9992-4482f7cfff13,Tue Dec 19 2017 07:31:37 GMT+0530 (GMT+5:30),2017-12-19,2017-12-19 02:01:37 UTC,Chennai,733004,neilmarathe,,2017-12-19 02:02:27 UTC,2017-12-19 06:27:24 UTC,research,,https://www.inaturalist.org/observations/9197372,https://static.inaturalist.org/photos/12450779/medium.jpg,,,,2,0,false,3,"Mumbai City, IN-MH, IN",18.9571515424,72.8049421404,5,,,,5,,,false,,,,Greater Bombay,Maharashtra,India,Maharashtra,Mumbai City,common lantana,Lantana camara,common lantana,Plantae,50333
9197375,5572d41a-d14a-419a-a193-154cfbfb6536,Tue Dec 19 2017 07:32:24 GMT+0530 (GMT+5:30),2017-12-19,2017-12-19 02:02:24 UTC,Chennai,733004,neilmarathe,,2017-12-19 02:04:07 UTC,2017-12-19 06:27:23 UTC,research,,https://www.inaturalist.org/observations/9197375,https://static.inaturalist.org/photos/12450785/medium.jpg,,,,2,0,false,3,"Mumbai City, IN-MH, IN",18.9572955016,72.8050106206,5,,,,5,,,false,,,,Greater Bombay,Maharashtra,India,Maharashtra,Mumbai City,common lantana,Lantana camara,common lantana,Plantae,50333
9247034,bebd539e-80c6-4ffb-83a8-ba5e90beb229,2017/11/29 12:16 PM PST,2017-11-29,2017-11-29 20:16:00 UTC,Pacific Time (US & Canada),506327,julie_sf,Julie,2017-12-24 04:31:00 UTC,2017-12-28 20:15:59 UTC,research,CC-BY-NC,https://www.inaturalist.org/observations/9247034,https://inaturalist-open-data.s3.amazonaws.com/photos/12519214/medium.jpeg,,,This observation is of the white-flowered plant.,1,0,false,,"Ranga Reddy, Telangana, India",17.36023805,78.3014810085,31,,,,31,,,false,,,,Rangareddi,Telangana,India,Telangana,Ranga Reddy,Santa Maria feverfew,Parthenium hysterophorus,Santa Maria feverfew,Plantae,126424
9263743,c42d35cd-90d1-4b9c-9d9e-0ac32b0ff569,Tue Dec 26 2017 13:21:05 GMT+0530 (GMT+5:30),2017-12-26,2017-12-26 07:51:05 UTC,Chennai,100735,chandan,Chandan Pandey,2017-12-26 07:52:18 UTC,2017-12-27 17:15:20 UTC,research,,https://www.inaturalist.org/observations/9263743,https://static.inaturalist.org/photos/12548849/medium.jpg,,,,1,0,false,3,"Gandhi Krishi Vignan Kendra (University of Agricultural Sciences) - GKVK, Bengaluru, Karnataka, IN",13.0919563305,77.5758052525,5,,,,5,,,false,,,,Bangalore,Karnataka,India,Karnataka,Bangalore,Earpod Wattle,Acacia auriculiformis,Earpod Wattle,Plantae,52445
9292828,515df5b0-686f-4d0f-af9d-c253c75cf5fe,2017-12-29 2:42:45 PM IST,2017-12-29,2017-12-29 12:42:45 UTC,Jerusalem,734808,langtukterang,Langtuk Terang,2017-12-29 09:17:32 UTC,2017-12-29 09:18:28 UTC,casual,,https://www.inaturalist.org/observations/9292828,https://static.inaturalist.org/photos/12598246/medium.jpeg,,,,0,0,true,2,"Unnamed Road, Golaghat, Assam 782470, India",26.1348482487,93.7721551582,688,,,,688,,,false,gps,gps,,Karbi Anglong,Assam,India,Assam,Karbi Anglong,Golden dewdrop,Duranta erecta,skyflower,Plantae,162153
9301046,977e3ddd-e716-4b9f-a3ee-1926594732cd,2017-12-29 3:36:25 PM IST,2017-12-29,2017-12-29 13:36:25 UTC,Jerusalem,734808,langtukterang,Langtuk Terang,2017-12-30 03:42:55 UTC,2019-07-23 11:58:19 UTC,research,,https://www.inaturalist.org/observations/9301046,https://static.inaturalist.org/photos/12611924/medium.jpeg,,,,2,0,false,2,"Unnamed Road, Golaghat, Assam 782470, India",26.1347043719,93.7722141668,1376,,,,1376,,,false,gps,gps,,Karbi Anglong,Assam,India,Assam,Karbi Anglong,castor bean,Ricinus communis,castor bean,Plantae,56739
9318787,6c9d2e2f-0e07-4bd7-b6fc-afb48cf3df0a,2017-12-31 1:33:22 PM IST,2017-12-31,2017-12-31 11:33:22 UTC,Jerusalem,734808,langtukterang,Langtuk Terang,2017-12-31 08:07:34 UTC,2024-10-11 07:46:05 UTC,needs_id,,https://www.inaturalist.org/observations/9318787,https://static.inaturalist.org/photos/12636486/medium.jpeg,,,,1,0,false,2,"NH129, Golaghat, Assam 782470, India",26.1348674,93.7897092,2500,,,,2500,,,false,,,,Karbi Anglong,Assam,India,Assam,Karbi Anglong,Siam weed,Chromolaena odorata,Siam weed,Plantae,199400
9480124,9fb4c439-66bb-4990-bb16-26f16b0370ba,2018-01-15 12:05:51 PM GMT+05:30,2018-01-15,2018-01-15 06:35:51 UTC,Chennai,586103,amj145077,Ameya Joshi,2018-01-15 06:43:45 UTC,2019-10-06 09:44:29 UTC,research,CC-BY-NC,https://www.inaturalist.org/observations/9480124,https://inaturalist-open-data.s3.amazonaws.com/photos/12904745/medium.jpeg,,,Bears orange flowers. Grows upto average height. Has a wide distribution throughout the Indian subcontinent as well. Relies on Insects and birds for pollination.,1,0,false,2,"Pune, IN-MH, IN",18.5120410926,73.896991387,2064,,,,2064,,,false,gps,gps,,Pune,Maharashtra,India,Maharashtra,Pune,African tulip tree,Spathodea campanulata,African tulip tree,Plantae,126566
9507032,88212bc1-d92a-4595-b7f3-bdebdce37e6b,2017-10-02,2017-10-02,,Hawaii,679749,swanand,swanand kesari,2018-01-17 11:58:29 UTC,2018-12-06 06:16:52 UTC,research,CC-BY-NC,https://www.inaturalist.org/observations/9507032,https://inaturalist-open-data.s3.amazonaws.com/photos/12956026/medium.jpg,,,Maka,1,0,false,,"Saswad - Bopdev - Pune Rd, Askarwadi, Maharashtra 411048, India",18.410197,73.905044,448,,,,448,,,false,,manual,,Pune,Maharashtra,India,Maharashtra,Pune,Lagascea mollis,Lagascea mollis,Silkleaf,Plantae,164414
9597733,6ef64f53-e64e-46d5-870b-17d3516b1476,2017-12-16 11:22:49 am IST,2017-12-16,2017-12-16 09:22:49 UTC,Jerusalem,747888,arkeshshenoy,Arkesh Shenoy,2018-01-24 12:05:35 UTC,2021-05-20 19:33:07 UTC,research,,https://www.inaturalist.org/observations/9597733,https://static.inaturalist.org/photos/13095529/medium.jpeg,,,,1,0,false,2,"Ittina Souparnika Road, Kasavanahalli, Bengaluru, Karnataka 560035, India",12.9125043602,77.6794489101,86,,,,86,,,false,gps,gps,,Bangalore,Karnataka,India,Karnataka,Bangalore,Garden pink-sorrel,Oxalis latifolia,Garden pink-sorrel,Plantae,61839
9609211,8cf03175-b2b0-4877-8908-fc4a2f25e1bd,2017-12-24 8:54:16 am IST,2017-12-24,2017-12-24 06:54:16 UTC,Jerusalem,747888,arkeshshenoy,Arkesh Shenoy,2018-01-25 09:24:53 UTC,2019-08-23 15:26:07 UTC,research,,https://www.inaturalist.org/observations/9609211,https://static.inaturalist.org/photos/13111517/medium.jpeg,,,,1,0,false,2,"Bengaluru - Mangaluru Highway, Koppa, Karnataka 572142, India",12.9952041526,76.9005441293,86,,,,86,,,false,gps,gps,,Tumkur,Karnataka,India,Karnataka,Tumkur,calabur tree,Muntingia calabura,calabur tree,Plantae,165586
9609234,1e3b5cbe-044d-4560-89b1-825db5bb5801,2017-12-24 2:53:49 pm IST,2017-12-24,2017-12-24 12:53:49 UTC,Jerusalem,747888,arkeshshenoy,Arkesh Shenoy,2018-01-25 09:36:20 UTC,2019-08-03 11:51:28 UTC,research,,https://www.inaturalist.org/observations/9609234,https://static.inaturalist.org/photos/13111600/medium.jpeg,,,,2,0,false,2,"11-282/B, Kaikunja E Rd, B.C Road, Bantwal, Karnataka 574219, India",12.8778855795,75.0323905796,172,,,,172,,,false,gps,gps,,Dakshin Kannad,Karnataka,India,Karnataka,Dakshina Kannada,Coffee Senna,Senna occidentalis,Coffee Senna,Plantae,168847
9609258,64baeb6d-3475-4089-b401-fb03f724c6c7,2017-10-29 12:04:11 pm IST,2017-10-29,2017-10-29 10:04:11 UTC,Jerusalem,747888,arkeshshenoy,Arkesh Shenoy,2018-01-25 09:46:46 UTC,2019-07-18 09:45:06 UTC,casual,,https://www.inaturalist.org/observations/9609258,https://static.inaturalist.org/photos/13111671/medium.jpeg,,,,2,0,false,2,"Belur Nagasandra, Bellandur, Bengaluru, Karnataka, India",12.9311485291,77.6641693115,,,,,,,,false,gps,gps,,Bangalore,Karnataka,India,Karnataka,Bangalore,common lantana,Lantana camara,common lantana,Plantae,50333
9667850,8d6d0851-d4a0-4e9a-92ea-7e4edda6ebe4,2018-01-30 7:58:12 PM IST,2018-01-30,2018-01-30 17:58:12 UTC,Jerusalem,755822,raj6,Raj Rajeshwar,2018-01-30 14:29:20 UTC,2020-01-14 08:34:41 UTC,casual,,https://www.inaturalist.org/observations/9667850,https://static.inaturalist.org/photos/13211642/medium.jpeg,,,,1,0,true,2,"Meenakshi Rd, Hoshangabad, Madhya Pradesh 461001, India",22.7547914,77.7175557,110,,,,110,,,false,,,,Hoshangabad,Madhya Pradesh,India,Madhya Pradesh,Hoshangabad,Grande marguerite,Leucanthemum vulgare,oxeye daisy,Plantae,56057
9670583,64f4ea45-5329-4252-b932-3efde7089771,2018-01-28 12:58:01 pm IST,2018-01-28,2018-01-28 10:58:01 UTC,Jerusalem,747888,arkeshshenoy,Arkesh Shenoy,2018-01-30 19:34:38 UTC,2018-09-05 11:33:54 UTC,research,,https://www.inaturalist.org/observations/9670583,https://static.inaturalist.org/photos/13215862/medium.jpeg,,,,2,0,false,2,"Suncity Meridian, Block 08, Suncity Apartments, Iblur Village, Bellandur, Bengaluru, Karnataka 560102, India",12.9260492325,77.6645507813,,,,,,,,false,gps,gps,,Bangalore,Karnataka,India,Karnataka,Bangalore,trailing daisy,Sphagneticola trilobata,trailing daisy,Plantae,246102
9670603,830c28be-6405-4dce-a6a6-adadbd82eb5d,2018-01-28 12:52:39 pm IST,2018-01-28,2018-01-28 10:52:39 UTC,Jerusalem,747888,arkeshshenoy,Arkesh Shenoy,2018-01-30 19:37:14 UTC,2018-01-30 19:37:28 UTC,casual,,https://www.inaturalist.org/observations/9670603,https://static.inaturalist.org/photos/13215905/medium.jpeg,,,,0,0,true,2,"Galaxy, Block 09, Suncity Apartments, Iblur Village, Bellandur, Bengaluru, Karnataka 560102, India",12.9257688522,77.6645965576,,,,,,,open,false,gps,gps,,Bangalore,Karnataka,India,Karnataka,Bangalore,Yellow trumpet flower,Tecoma stans,yellow trumpet flower,Plantae,48363
9670654,b70b4fa6-f259-4d73-b4a6-6e4a3e62225f,2018-01-28 12:52:16 pm IST,2018-01-28,2018-01-28 10:52:16 UTC,Jerusalem,747888,arkeshshenoy,Arkesh Shenoy,2018-01-30 19:38:45 UTC,2018-01-30 19:38:53 UTC,needs_id,,https://www.inaturalist.org/observations/9670654,https://static.inaturalist.org/photos/13215932/medium.jpeg,,,,0,0,false,2,"Galaxy, Block 09, Suncity Apartments, Iblur Village, Bellandur, Bengaluru, Karnataka 560102, India",12.9257850647,77.6645507813,,,,,,,,false,gps,gps,,Bangalore,Karnataka,India,Karnataka,Bangalore,Common Sow-thistle,Sonchus oleraceus,Common Sow-thistle,Plantae,53294
9701864,529b0f69-cba2-495a-9337-ed269db51569,Sun Nov 26 2017 09:31:21 GMT+0530 (GMT+5:30),2017-11-26,2017-11-26 04:01:21 UTC,Chennai,752433,pinal,Pinal Patel,2018-02-02 12:38:03 UTC,2018-02-03 04:18:57 UTC,research,,https://www.inaturalist.org/observations/9701864,https://static.inaturalist.org/photos/13269782/medium.jpg,,,,1,0,false,3,"Dadasaheb Falke Film City, Mumbai, Maharashtra, IN",19.1634833333,72.8921883333,111,,,,111,,,false,,,,Greater Bombay,Maharashtra,India,Maharashtra,Mumbai Suburban,Sensitive Plant,Mimosa pudica,Sensitive Plant,Plantae,51921
9729880,a0705398-1254-4612-9427-802d9c0e5b71,2018-02-03 8:11:07 pm IST,2018-02-03,2018-02-03 18:11:07 UTC,Jerusalem,747888,arkeshshenoy,Arkesh Shenoy,2018-02-04 18:08:11 UTC,2018-02-05 15:32:11 UTC,research,,https://www.inaturalist.org/observations/9729880,https://static.inaturalist.org/photos/13312615/medium.jpeg,,,,4,0,false,2,"B-110, 6th Main Rd, Iblur Village, HSR Layout, Bengaluru, Karnataka 560102, India",12.9252319336,77.6654891968,,,,,,,,false,gps,gps,,Bangalore,Karnataka,India,Karnataka,Bangalore,tropical milkweed,Asclepias curassavica,tropical milkweed,Plantae,75602
9766453,300e98aa-92ef-4e9b-b8a9-cc2122a29476,2018/01/27 11:12 AM UTC,2018-01-27,,UTC,459076,bigredwombat,,2018-02-07 23:28:47 UTC,2019-11-05 14:32:28 UTC,needs_id,CC-BY-NC,https://www.inaturalist.org/observations/9766453,https://inaturalist-open-data.s3.amazonaws.com/photos/13376232/medium.jpg,,,,0,0,false,,"Binsar, Uttarakhand 263628, India",29.7053733,79.7551806,198,,,,198,,,false,,,,Bageshwar,Uttaranchal,India,Uttarakhand,Bageshwar,wattles,Acacia dealbata,Silver wattle,Plantae,53343
9943477,a01a89bc-1940-499d-94c6-f7798624f9bf,Mon Feb 19 2018 12:07:27 GMT+0530 (GMT+5:30),2018-02-19,2018-02-19 06:37:27 UTC,Chennai,20432,kuldeepsingh696,Kuldeep Singh,2018-02-21 06:35:54 UTC,2018-02-27 09:18:33 UTC,research,CC-BY-NC,https://www.inaturalist.org/observations/9943477,https://inaturalist-open-data.s3.amazonaws.com/photos/13648327/medium.jpg,,,,1,0,false,3,"Gurgaon, Gurugram, Haryana, IN",28.3818953341,77.0361476087,30,,,,30,,,false,,,,Gurgaon,Haryana,India,Haryana,Gurgaon,Common Sow-thistle,Sonchus oleraceus,Common Sow-thistle,Plantae,53294
9978335,8c4c9171-4d84-4bcd-aa9f-9ddb0f8f8cb0,2017/08/23 6:06 AM IST,2017-08-23,2017-08-23 03:06:00 UTC,Jerusalem,346436,rajibmaulick,Rajib Maulick,2018-02-24 17:31:08 UTC,2023-01-14 17:11:47 UTC,research,,https://www.inaturalist.org/observations/9978335,https://static.inaturalist.org/photos/13711305/medium.jpg,,"Ipomoea quamoclit, Ipomoea, Convolvulaceae, Solanales, Asterids, Eudicots, Angiosperms, Plantae",Ipomoea quamoclit/Plantae/Angiosperms/Eudicots/Asterids/Solanales/Convolvulaceae/Ipomoea/Durgapur/23/08/17,2,0,false,,"B-Zone, Durgapur, West Bengal, India",23.5676588,87.3165222,2987,,,,2987,,,false,,,,Barddhaman,West Bengal,India,West Bengal,Barddhaman,Cypress Vine,Ipomoea quamoclit,Cypress Vine,Plantae,126869
9986785,b455c652-d4a3-4e6a-b050-420612ae9881,Sun Feb 25 2018 10:29:57 GMT+0530 (GMT+5:30),2018-02-25,2018-02-25 04:59:57 UTC,Chennai,116867,nagendra_rao_teki,"Nagendra Rao, Teki",2018-02-25 05:15:34 UTC,2020-05-03 10:17:35 UTC,research,,https://www.inaturalist.org/observations/9986785,https://static.inaturalist.org/photos/13726736/medium.jpg,,,,1,0,false,3,"Madhira, , TG, IN",17.2159573107,80.8268718268,285,,,,285,,open,false,,,,Khammam,Telangana,India,Telangana,Khammam,Sensitive Plant,Mimosa pudica,Sensitive Plant,Plantae,51921
9986932,1379c3fc-44e3-4b26-b106-1ee3ecf6745a,Sun Feb 25 2018 10:32:58 GMT+0530 (GMT+5:30),2018-02-25,2018-02-25 05:02:58 UTC,Chennai,116867,nagendra_rao_teki,"Nagendra Rao, Teki",2018-02-25 05:29:25 UTC,2020-05-03 10:17:07 UTC,research,,https://www.inaturalist.org/observations/9986932,https://static.inaturalist.org/photos/13726938/medium.jpg,,,,3,0,false,3,"Madhira, , TG, IN",17.2201523592,80.8275906404,1552,,,,1552,,,false,,,,Khammam,Telangana,India,Telangana,Khammam,Coffee Senna,Senna occidentalis,Coffee Senna,Plantae,168847
9987015,13729ea6-d1e0-4bf4-86a8-b63de776d7c7,Sun Feb 25 2018 10:30:54 GMT+0530 (GMT+5:30),2018-02-25,2018-02-25 05:00:54 UTC,Chennai,116867,nagendra_rao_teki,"Nagendra Rao, Teki",2018-02-25 05:43:18 UTC,2024-01-09 12:42:19 UTC,research,,https://www.inaturalist.org/observations/9987015,https://static.inaturalist.org/photos/13727144/medium.jpg,,,,2,0,false,3,"Madhira, , TG, IN",17.2149649402,80.8270454368,146,,,,146,,,false,,,,Khammam,Telangana,India,Telangana,Khammam,Dwarf Morning Glory,Evolvulus nummularius,Dwarf Morning Glory,Plantae,83417
9987125,83520657-1ca9-4f34-9c35-3887a01e0294,Sat Jan 27 2018 15:18:57 GMT+0530 (GMT+5:30),2018-01-27,2018-01-27 09:48:57 UTC,Chennai,116867,nagendra_rao_teki,"Nagendra Rao, Teki",2018-02-25 06:01:10 UTC,2020-11-30 11:21:54 UTC,needs_id,,https://www.inaturalist.org/observations/9987125,https://static.inaturalist.org/photos/13727287/medium.jpg,,,,1,0,false,3,"Madhira, , TG, IN",17.2097713784,80.8283167706,3333,,,,3333,,,false,,,,Khammam,Telangana,India,Telangana,Khammam,morning-glories,Ipomoea carnea,Bush Morning Glory,Plantae,164081
9990571,e2ceeb62-9fb3-41c7-9826-fabfb180f4ea,2017/06/25 10:56 AM IST,2017-06-25,2017-06-25 07:56:00 UTC,Jerusalem,346436,rajibmaulick,Rajib Maulick,2018-02-25 17:04:10 UTC,2018-02-25 17:04:13 UTC,needs_id,,https://www.inaturalist.org/observations/9990571,https://static.inaturalist.org/photos/13732977/medium.jpg,,"Casuarina equisetifolia, Casuarina, Casuarinaceae, Fagales, Rosids, Eudicots, Angiosperms, Plantae",Belati Jhau/Casuarina equisetifolia/Plantae/Angiosperms/Eudicots/Rosids/Fagales/Casuarinaceae/Casuarina/Saltlake/25/06/17,0,0,false,,"Salt Lake City, Kolkata, West Bengal, India",22.5853083333,88.416595,,,,,,,,false,,,Kolkata and its Outskirts,North 24 Parganas,West Bengal,India,West Bengal,North 24 Parganas,beach she-oak,Casuarina equisetifolia,Beach Sheoak,Plantae,62888
10004801,5ec24655-dfa5-41d0-b6fc-863716bd3f05,2017/08/23 6:41 AM IST,2017-08-23,2017-08-23 03:41:00 UTC,Jerusalem,346436,rajibmaulick,Rajib Maulick,2018-02-26 15:54:56 UTC,2020-12-29 02:33:19 UTC,research,,https://www.inaturalist.org/observations/10004801,https://static.inaturalist.org/photos/13756822/medium.jpg,,"RUELLIA TUBEROSA, Ruellia, Acanthaceae, Lamiales, Asterids, Eudicots, Angiosperms, Plantae","minnieroot, fever root, snapdragon root and sheep potato/Ruellia tuberosa/Plantae/Angiosperms/Eudicots/Asterids/Lamiales/Acanthaceae/Ruellia//Durgapur/23/08/17",1,0,false,,"B-Zone, Durgapur, West Bengal, India",23.569785,87.3098316667,,,,,,,,false,,,,Barddhaman,West Bengal,India,West Bengal,Barddhaman,塊根蘆利草,Ruellia tuberosa,popping pod,Plantae,291119
10005765,d02faafc-e262-4bd7-8655-76d65f983cc0,2017/08/23 7:32 AM IST,2017-08-23,2017-08-23 04:32:00 UTC,Jerusalem,346436,rajibmaulick,Rajib Maulick,2018-02-26 16:59:51 UTC,2018-03-09 21:22:44 UTC,research,,https://www.inaturalist.org/observations/10005765,https://static.inaturalist.org/photos/13758117/medium.jpg,,"Heliotropium indicum, Heliotropium, Boraginaceae, Boraginales, Asterids, Eudicots, Angiosperms, Plantae",Hatishur/Indian Heliotrope/Heliotropium indicum/Plantae/Angiosperms/Eudicots/Asterids/Boraginales/Boraginaceae/Heliotropium/Durgapur/23/08/17,1,0,false,,"B-Zone, Durgapur, West Bengal, India",23.5704566667,87.3103283333,,,,,,,,false,,,,Barddhaman,West Bengal,India,West Bengal,Barddhaman,Cola de alacrán,Heliotropium indicum,Indian Heliotrope,Plantae,83492
10006106,927295d3-0d1d-4b9c-85b0-4f7b4cb70725,2017/08/23 7:23 AM IST,2017-08-23,2017-08-23 04:23:00 UTC,Jerusalem,346436,rajibmaulick,Rajib Maulick,2018-02-26 17:26:47 UTC,2020-05-02 14:41:45 UTC,research,,https://www.inaturalist.org/observations/10006106,https://static.inaturalist.org/photos/13758782/medium.jpg,,"Senna occidentalis, Senna, Cassieae, Caesalpinioideae, Fabaceae, Fabales, Rosids, Eudicots, Angiosperms, Plantae","Kalkashunda/Coffe Senna, Coffee weed/Senna occidentalis (L.) Link, 1829/Plantae/Angiosperms/Eudicots/Rosids/Fabales/Fabaceae/Caesalpinioideae/Cassieae/Senna//Durgapur/23/08/17",2,0,false,,"B-Zone, Durgapur, West Bengal, India",23.5707733333,87.3100366667,,,,,,,,false,,,,Barddhaman,West Bengal,India,West Bengal,Barddhaman,Coffee Senna,Senna occidentalis,Coffee Senna,Plantae,168847
10019696,50f14473-8d38-4b65-88d7-c12aa4a261c3,2017/10/09 9:58 AM IST,2017-10-09,2017-10-09 06:58:00 UTC,Jerusalem,346436,rajibmaulick,Rajib Maulick,2018-02-27 15:12:53 UTC,2018-02-27 15:19:44 UTC,research,,https://www.inaturalist.org/observations/10019696,https://static.inaturalist.org/photos/13777705/medium.jpg,,"SIDA ACUTA, Sida, Malvaceae, Malvales, Rosids, Eudicots, Angiosperms, Plantae","Ban Methi, Kureta, Urusia, Bite (Rema-Kalenga)/Sida acuta/Plantae/Angiosperms/Eudicots/Rosids/Malvales/Malvaceae/Sida/Durgapur/0910/17",1,0,false,,"B-Zone, Durgapur, West Bengal, India",23.5699383333,87.3091,,,,,,,,false,,,,Barddhaman,West Bengal,India,West Bengal,Barddhaman,Spinyhead Sida,Sida acuta,Spinyhead Sida,Plantae,168922
10021059,909d321d-37ca-4665-94a0-c9957717ab9c,2018/02/23 8:19 AM IST,2018-02-23,2018-02-23 06:19:00 UTC,Jerusalem,346436,rajibmaulick,Rajib Maulick,2018-02-27 17:32:11 UTC,2019-08-12 19:41:03 UTC,needs_id,,https://www.inaturalist.org/observations/10021059,https://static.inaturalist.org/photos/13779980/medium.jpeg,,"Acacia auriculiformis, Plantae, Angiosperms, Eudicots, Rosids, Fabales, Fabaceae, Acacia",Acacia auriculiformis/Plantae/Angiosperms/Eudicots/Rosids/Fabales/Fabaceae/Acacia///Durgapur/23/02/18,0,0,false,,"Dhabani, West Bengal, India",23.589362,87.3686661,2046,,,,2046,,open,false,,,,Barddhaman,West Bengal,India,West Bengal,Barddhaman,Earpod Wattle,Acacia auriculiformis,Earpod Wattle,Plantae,52445
10028464,476b48a9-8982-429d-b790-b44f21675e3e,Wed Feb 28 2018 10:01:48 GMT+0530 (GMT+5:30),2018-02-28,2018-02-28 04:31:48 UTC,Chennai,116867,nagendra_rao_teki,"Nagendra Rao, Teki",2018-02-28 04:44:09 UTC,2021-03-07 00:35:25 UTC,research,,https://www.inaturalist.org/observations/10028464,https://static.inaturalist.org/photos/13793263/medium.jpg,,,"Common plant grown all along agricultural field bunds, road sides, banks of water ponds. Quite adopted in several parts of south India. 
",4,0,false,3,"Chintalapudi, , AP, IN",17.0094121597,81.1878137825,274,,,,274,,,false,,,,West Godavari,Andhra Pradesh,India,Andhra Pradesh,West Godavari,Bush Morning Glory,Ipomoea carnea,Bush Morning Glory,Plantae,164081
10031426,4f01fc72-621b-4372-b8bd-7ed0f6c17f77,2017/12/31 10:12 AM IST,2017-12-31,2017-12-31 08:12:00 UTC,Jerusalem,346436,rajibmaulick,Rajib Maulick,2018-02-28 13:50:46 UTC,2019-04-16 09:31:50 UTC,research,,https://www.inaturalist.org/observations/10031426,https://static.inaturalist.org/photos/13798507/medium.jpeg,,"Chromolaena odorata, Plantae, Angiosperms, Eudicots, Asterids, Asterales, Asteraceae, Chromolaena","Siam weed, Assam lata
Chromolaena odorata
Plantae, Angiosperms, Eudicots, Asterids, Asterales, Asteraceae, Chromolaena
Durgapur/31/12/17",2,0,false,,"Durgapur, West Bengal, India",23.5204443,87.3119227,10654,,,,10654,,,false,,,,Barddhaman,West Bengal,India,West Bengal,Barddhaman,Chromolaena odorata,Chromolaena odorata,Siam weed,Plantae,199400
10032786,9e67dffc-ae00-45e2-9f6f-e51b63b1299c,2017/02/02 10:14 AM IST,2017-02-02,2017-02-02 08:14:00 UTC,Jerusalem,346436,rajibmaulick,Rajib Maulick,2018-02-28 16:53:55 UTC,2024-07-01 15:08:21 UTC,research,,https://www.inaturalist.org/observations/10032786,https://static.inaturalist.org/photos/13800658/medium.jpg,,"Ricinus communis, Plantae, Angiosperms, Eudicots, Rosids, Malpighiales, Euphorbiaceae, Acalyphoideae, Acalypheae, Ricininae, Ricinus","Castor oil plant/Ricinus communis-female/Plantae, Angiosperms, Eudicots, Rosids, Malpighiales, Euphorbiaceae, Acalyphoideae, Acalypheae, Ricininae, Ricinus/Durgapur/02/02/17",1,0,false,,"Malandighi, West Bengal, India",23.5616716,87.4021565,1153,,,,1153,,,false,,,,Barddhaman,West Bengal,India,West Bengal,Barddhaman,castor bean,Ricinus communis,castor bean,Plantae,56739
10041418,37647971-402d-4931-8d0f-19b8f0a74e76,2018-03-01 11:54:45 a.m. GMT+05:30,2018-03-01,2018-03-01 06:24:45 UTC,Chennai,771447,parmanand,Parmanand Banjare,2018-03-01 06:25:44 UTC,2018-03-08 12:32:41 UTC,research,,https://www.inaturalist.org/observations/10041418,https://static.inaturalist.org/photos/13815765/medium.jpeg,,,,2,0,false,2,"Baloda Bazar, Chhattisgarh, India",21.7420047,81.8297795,3299,,,,3299,,,false,,,,Baloda Bazar,Chhattisgarh,India,Chhattisgarh,Baloda Bazar,Mexican prickly poppy,Argemone mexicana,Mexican prickly poppy,Plantae,128533
10044546,55d86989-5651-4ab3-ac1e-95dd43d6456e,2017/02/02 10:15 AM IST,2017-02-02,2017-02-02 08:15:00 UTC,Jerusalem,346436,rajibmaulick,Rajib Maulick,2018-03-01 17:24:32 UTC,2019-11-07 02:38:22 UTC,casual,,https://www.inaturalist.org/observations/10044546,https://static.inaturalist.org/photos/13821427/medium.jpg,,"Eichhornia crassipes, Plantae, Angiosperms, Monocots, Commelinids, Commelinales, Pontederiaceae, Eichhornia","Comon water hyacinth/Eichhornia crassipes/Plantae, Angiosperms, Monocots, Commelinids, Commelinales, Pontederiaceae, Eichhornia//Durgapur/02/02/17",1,0,true,,"Malandighi, West Bengal, India",23.5616716,87.4021565,1153,,,,1153,,,false,,,,Barddhaman,West Bengal,India,West Bengal,Barddhaman,common water hyacinth,Pontederia crassipes,common water hyacinth,Plantae,962637
10051627,1e48909f-7c30-452c-905b-ddc1625ef90b,2017-02-28 09:28:26,2017-02-28,2017-02-28 19:28:26 UTC,Hawaii,11318,satishnikam,Satish Nikam,2018-03-02 04:52:20 UTC,2019-07-27 07:52:55 UTC,research,CC-BY-NC,https://www.inaturalist.org/observations/10051627,https://inaturalist-open-data.s3.amazonaws.com/photos/13834072/medium.jpg,,,,2,0,false,,Kurvande ,18.701228,73.388553,7623,,,,7623,,,false,,,,Raigarh,Maharashtra,India,Maharashtra,Raigarh,Tridax daisy,Tridax procumbens,Tridax daisy,Plantae,169944
10055770,f040f925-c1c5-45b5-9ca7-5e0ab7de03fe,2018/03/01 4:06 PM IST,2018-03-01,2018-03-01 14:06:00 UTC,Jerusalem,346436,rajibmaulick,Rajib Maulick,2018-03-02 18:16:42 UTC,2020-11-30 11:21:43 UTC,research,,https://www.inaturalist.org/observations/10055770,https://static.inaturalist.org/photos/13841471/medium.jpeg,,"Ipomoea carnea, Plantae, Angiosperms, Eudicots, Asterids, Solanales, Convolvulaceae, Ipomoea","Beshram-Ipomoea carnea/Plantae, Angiosperms, Eudicots, Asterids, Solanales, Convolvulaceae, Ipomoea/Durgapur/01/03/18",1,0,false,,"Bijra, West Bengal 713206, India",23.5770469,87.3438429,1327,,,,1327,,,false,,,,Barddhaman,West Bengal,India,West Bengal,Barddhaman,Amapola,Ipomoea carnea,Bush Morning Glory,Plantae,164081
10066242,d6f9b247-f0ea-4f5d-b57d-c96f215b1a06,2018-03-03 5:03:30 PM IST,2018-03-03,2018-03-03 15:03:30 UTC,Jerusalem,740339,shyamphartyal,SHYAM PHARTYAL,2018-03-03 12:33:27 UTC,2023-07-06 19:24:25 UTC,casual,CC-BY-NC,https://www.inaturalist.org/observations/10066242,https://inaturalist-open-data.s3.amazonaws.com/photos/13858561/medium.jpeg,,,Small size tree,0,0,true,2,"Madhi Colony St, Madhi Colony, Madhi Chauras, Naur, Uttarakhand 249161, India",30.2291107178,78.8017272949,,,,,,,open,false,gps,gps,,Pauri Garhwal,Uttaranchal,India,Uttarakhand,Garhwal,yellow trumpet flower,Tecoma stans,yellow trumpet flower,Plantae,48363
10079438,45ecb34b-b140-4505-851a-8a772be34e98,2018-03-03T17:36,2018-03-03,2018-03-03 06:36:00 UTC,Sydney,780008,sushil,,2018-03-04 03:57:13 UTC,2018-04-02 13:32:12 UTC,needs_id,CC-BY,https://www.inaturalist.org/observations/10079438,https://static.inaturalist.org/photos/13882388/medium.jpg,,,,1,0,false,111,"Kerala, IN",9.7570632079,76.4215267876,,,,,31227,obscured,,true,,,,Kottayam,Kerala,India,Kerala,Kottayam,Tuntomimosa,Mimosa pudica,Sensitive Plant,Plantae,51921
10080126,041b48cf-0f85-478f-b086-4d7726e8b807,2017-10-02 12:08:10 PM IST,2017-10-02,2017-10-02 09:08:10 UTC,Jerusalem,780328,charithshettigar,Charith shettigar,2018-03-04 04:47:48 UTC,2018-03-04 04:47:48 UTC,casual,,https://www.inaturalist.org/observations/10080126,,,,,0,0,false,2,"Dakshina Kannada, IN-KA, IN",12.9701547623,74.8187255859,,,,,,,,false,gps,gps,,Dakshin Kannad,Karnataka,India,Karnataka,Dakshina Kannada,water lettuce,Pistia stratiotes,water lettuce,Plantae,78589
10081468,7ef0e9d2-1919-4ace-944e-2cf2e50e95a2,2018-03-04 10:38:37 AM GMT+05:30,2018-03-04,2018-03-04 05:08:37 UTC,Chennai,633296,ajit,Ajit Ampalakkad,2018-03-04 06:57:15 UTC,2021-10-23 04:57:18 UTC,casual,CC0,https://www.inaturalist.org/observations/10081468,https://inaturalist-open-data.s3.amazonaws.com/photos/13885900/medium.jpeg,,,,1,0,true,2,"Kaikondrahalli Lake Trail, Valliyamma Layout, Harlur, Bengaluru, Karnataka 560103, India",12.9155265681,77.6740231365,258,,,,258,,,false,gps,gps,,Bangalore,Karnataka,India,Karnataka,Bangalore,tropical milkweed,Asclepias curassavica,tropical milkweed,Plantae,75602
10081524,540a0008-bfa6-4139-acc1-0e077d782e1d,2018-03-04 10:42:02 AM GMT+05:30,2018-03-04,2018-03-04 05:12:02 UTC,Chennai,633296,ajit,Ajit Ampalakkad,2018-03-04 07:09:01 UTC,2021-10-23 04:57:18 UTC,casual,CC0,https://www.inaturalist.org/observations/10081524,https://inaturalist-open-data.s3.amazonaws.com/photos/13885993/medium.jpeg,,,,0,0,true,2,"Kaikondrahalli Lake Trail, Valliyamma Layout, Harlur, Bengaluru, Karnataka 560103, India",12.9157177425,77.673844099,129,,,,129,,,false,gps,gps,,Bangalore,Karnataka,India,Karnataka,Bangalore,false daisy,Eclipta prostrata,false daisy,Plantae,76765
10081571,e0b2bc77-8978-4630-b6d9-072272f47086,2018-03-04 10:44:09 AM GMT+05:30,2018-03-04,2018-03-04 05:14:09 UTC,Chennai,633296,ajit,Ajit Ampalakkad,2018-03-04 07:18:06 UTC,2021-10-23 04:57:18 UTC,casual,CC0,https://www.inaturalist.org/observations/10081571,https://inaturalist-open-data.s3.amazonaws.com/photos/13886105/medium.jpeg,,,,0,0,true,2,"Kaikondrahalli Lake Trail, Valliyamma Layout, Harlur, Bengaluru, Karnataka 560103, India",12.9156301618,77.6739272475,258,,,,258,,,false,gps,gps,,Bangalore,Karnataka,India,Karnataka,Bangalore,Sessile Joyweed,Alternanthera sessilis,Sessile Joyweed,Plantae,158232
10098184,0d363a98-ca75-430a-919f-70b00d11cfa8,2017/10/22 10:01 AM UTC,2017-10-22,,UTC,633296,ajit,Ajit Ampalakkad,2018-03-05 11:47:18 UTC,2021-10-23 04:57:18 UTC,research,CC0,https://www.inaturalist.org/observations/10098184,https://inaturalist-open-data.s3.amazonaws.com/photos/13914997/medium.jpeg,,,,2,0,false,,Turahalli,12.8818436,77.5271645,209,,,,209,,,false,,,,Bangalore,Karnataka,India,Karnataka,Bangalore,Dwarf Morning Glory,Evolvulus nummularius,Dwarf Morning Glory,Plantae,83417
10153167,0438d830-a40f-4a63-9711-6b7754852fba,2018/03/04 3:30 PM IST,2018-03-04,2018-03-04 13:30:00 UTC,Jerusalem,346436,rajibmaulick,Rajib Maulick,2018-03-09 17:30:43 UTC,2023-12-19 00:40:48 UTC,research,,https://www.inaturalist.org/observations/10153167,https://static.inaturalist.org/photos/14010714/medium.jpeg,,"Yellow bells, Chandaprabha, Tecoma stans, Plantae, Angiosperms, Eudicots, Asterids, Lamiales, Bignoniaceae, Tecoma","Yellow bells, Chandaprabha/Tecoma stans/Plantae, Angiosperms, Eudicots, Asterids, Lamiales, Bignoniaceae, Tecoma/Durgapur/",1,0,false,,"B-Zone, Durgapur, West Bengal, India",23.5676588,87.3165222,2987,,,,2987,,open,false,,,,Barddhaman,West Bengal,India,West Bengal,Barddhaman,yellow trumpet flower,Tecoma stans,yellow trumpet flower,Plantae,48363
10181355,3a334e8e-2b3f-43ba-9b24-63fc44a963af,2017/07/23 9:04 AM IST,2017-07-23,2017-07-23 06:04:00 UTC,Jerusalem,346436,rajibmaulick,Rajib Maulick,2018-03-11 09:15:36 UTC,2023-12-06 16:39:24 UTC,research,,https://www.inaturalist.org/observations/10181355,https://static.inaturalist.org/photos/14058900/medium.jpg,,"Love-in-a-mist, Stinking passionflower, Jhumkolata, Angiosperms, Eudicots, Rosids, Malpighiales, Passifloraceae, Passiflora, Passiflora foetida, PLANTAE","Love-in-a-mist, Stinking passionflower/Jhumkolata/Passiflora foetida/Plantae, Angiosperms, Eudicots, Rosids, Malpighiales, Passifloraceae, Passiflora/Durgapur/23/07/17",2,1,false,,"Bardhaman, West Bengal, India",23.58912,87.3353483333,,,,,,,,false,,,,Barddhaman,West Bengal,India,West Bengal,Barddhaman,stinking passionflower,Passiflora foetida,stinking passionflower,Plantae,51448
10201569,b3c1898f-7482-429e-a9e9-ec3452408317,2018-03-11 11:24:00 AM GMT+05:30,2018-03-11,2018-03-11 05:54:00 UTC,Chennai,786940,mukeshsalvi,Mukesh Salvi,2018-03-12 13:17:48 UTC,2020-01-11 19:37:19 UTC,casual,CC-BY-NC,https://www.inaturalist.org/observations/10201569,https://inaturalist-open-data.s3.amazonaws.com/photos/14093938/medium.jpeg,,,,2,0,true,2,India,19.9100005788,72.7184612677,132084,,,,132084,,,false,gps,gps,,Palghar,Maharashtra,India,Maharashtra,Palghar,Turnera ulmifolia,Turnera ulmifolia,Yellow alder,Plantae,170055
10230990,80eccb58-3c2a-4b2a-b7a5-0403ae778587,2018/03/11 9:45 AM IST,2018-03-11,2018-03-11 07:45:00 UTC,Jerusalem,346436,rajibmaulick,Rajib Maulick,2018-03-14 13:23:35 UTC,2019-08-05 13:13:51 UTC,research,,https://www.inaturalist.org/observations/10230990,https://static.inaturalist.org/photos/14143871/medium.jpeg,,"Sticky nightshade, Swetrangani, Solanum sisymbriifolium, Plantae, Angiosperms, Eudicots, Asterids, Solanales, Solanaceae, Solanum, Durgapur","Sticky nightshade, Swetrangani,Solanum sisymbriifolium, Plantae, Angiosperms, Eudicots, Asterids, Solanales, Solanaceae, Solanum, Durgapur, Barddhaman, West Bengal, India, 09/05/18",1,0,false,,"Durgapur, West Bengal, India",23.5204443,87.3119227,10654,,,,10654,,,false,,,,Barddhaman,West Bengal,India,West Bengal,Barddhaman,Red Buffalo-bur,Solanum sisymbriifolium,Red Buffalo-bur,Plantae,79143
10257491,fb581705-debe-4c0e-8f9f-607bf5ce29d6,2018/03/14 9:42 AM IST,2018-03-14,2018-03-14 07:42:00 UTC,Jerusalem,346436,rajibmaulick,Rajib Maulick,2018-03-16 12:21:14 UTC,2019-08-06 19:54:58 UTC,research,,https://www.inaturalist.org/observations/10257491,https://static.inaturalist.org/photos/14192266/medium.jpeg,,"Lantana camara, Plantae, Angiosperms, Eudicots, Asterids, Lamiales, Verbenaceae, Lantana","Panchaphuli, Lantana camara/Plantae, Angiosperms, Eudicots, Asterids, Lamiales, Verbenaceae, Lantana//Durgapur/14/03/18",3,0,false,,"Bijra, West Bengal 713206, India",23.5770469,87.3438429,1327,,,,1327,,,false,,,,Barddhaman,West Bengal,India,West Bengal,Barddhaman,common lantana,Lantana camara,common lantana,Plantae,50333
10257497,1b6f5c09-8528-4d18-859d-48c7b12bf9ef,2018/03/14 10:33 AM IST,2018-03-14,2018-03-14 08:33:00 UTC,Jerusalem,346436,rajibmaulick,Rajib Maulick,2018-03-16 12:23:28 UTC,2024-10-09 17:07:30 UTC,research,,https://www.inaturalist.org/observations/10257497,https://static.inaturalist.org/photos/14192296/medium.jpeg,,"Oxalis corniculata, Plantae, Angiosperms, Eudicots, Rosids, Oxalidales, Oxalidaceae/Oxalis","Oxalis corniculataAngiosperms, Eudicots, Rosids, Oxalidales, Oxalidaceae/Oxalis/Durgapur/14/03/18",1,0,false,,"B-Zone, Durgapur, West Bengal, India",23.5676588,87.3165222,2987,,,,2987,,,false,,,,Barddhaman,West Bengal,India,West Bengal,Barddhaman,Oxalide corniculée,Oxalis corniculata,Creeping Woodsorrel,Plantae,53168
10338930,69999b64-ed31-44b7-b3aa-e39ed8ccf92b,2018/03/16 8:23 AM IST,2018-03-16,2018-03-16 06:23:00 UTC,Jerusalem,346436,rajibmaulick,Rajib Maulick,2018-03-21 07:28:01 UTC,2020-05-02 14:42:05 UTC,research,,https://www.inaturalist.org/observations/10338930,https://static.inaturalist.org/photos/14335096/medium.jpeg,,"Coffee weed, Kalkashundi, Senna occidentalis, Plantae, Angiosperms, Eudicots, Rosids. Fabales, Fabaceae, Caesalpinioideae, Cassieae, Senna","Coffee weed, Kalkashundi, Senna occidentalis, Plantae, Angiosperms, Eudicots, Rosids. Fabales, Fabaceae, Caesalpinioideae, Cassieae, Senna/Durgapur/16/03/18",3,0,false,,"Durgapur, West Bengal, India",23.5204443,87.3119227,10654,,,,10654,,,false,,,,Barddhaman,West Bengal,India,West Bengal,Barddhaman,Coffee Senna,Senna occidentalis,Coffee Senna,Plantae,168847
10339144,565117bd-c0e7-454c-94a1-258280194623,2018/03/12 7:33 AM IST,2018-03-12,2018-03-12 05:33:00 UTC,Jerusalem,346436,rajibmaulick,Rajib Maulick,2018-03-21 08:04:01 UTC,2019-08-06 19:54:51 UTC,research,,https://www.inaturalist.org/observations/10339144,https://static.inaturalist.org/photos/14335659/medium.jpeg,,"Lantana camara, Plantae, Angiosperms, Eudicots, Asterids, Lamiales, Verbenaceae, Lantana","Panchaphuli, Lantana camara/Plantae, Angiosperms, Eudicots, Asterids, Lamiales, Verbenaceae, Lantana//Durgapur/12/03/18",3,0,false,,"Bijra, West Bengal 713206, India",23.5770469,87.3438429,1327,,,,1327,,,false,,,,Barddhaman,West Bengal,India,West Bengal,Barddhaman,common lantana,Lantana camara,common lantana,Plantae,50333
10341453,3e10c607-bf96-4437-9215-12671f1cb705,Mon Mar 12 2018 08:20:28 GMT+0530 (GMT+5:30),2018-03-12,2018-03-12 02:50:28 UTC,Chennai,796765,syzygy,,2018-03-21 15:29:21 UTC,2020-03-17 21:26:35 UTC,casual,,https://www.inaturalist.org/observations/10341453,https://static.inaturalist.org/photos/14340002/medium.jpg,,,,2,0,true,3,"14th Cross Road 719, Bengaluru South, Karnataka, IN",12.9071883333,77.58007,5,,,,5,,,false,,,,Bangalore,Karnataka,India,Karnataka,Bangalore,Chinese Senna,Senna obtusifolia,American Sicklepod,Plantae,62915
10343524,e9a3409b-cda6-4129-bb3b-f2d15d3965a8,Wed Jun 10 2009 10:49:15 GMT+0530 (GMT+5:30),2009-06-10,2009-06-10 05:19:15 UTC,Chennai,659490,nilanjan,,2018-03-21 18:16:37 UTC,2018-03-21 18:19:29 UTC,casual,,https://www.inaturalist.org/observations/10343524,https://static.inaturalist.org/photos/14343394/medium.jpg,,,,0,0,true,3,"Kottayam, Ettumanoor, Kerala, IN",9.6685260013,76.5580023966,1210,,,,1210,,,false,,,,Kottayam,Kerala,India,Kerala,Kottayam,,Heliconia psittacorum,Parrot's Beak,Plantae,260753
10356698,5487bee7-6f66-421b-8726-7617cc801340,Sun Oct 14 2012 12:56:06 GMT+0530 (GMT+5:30),2012-10-14,2012-10-14 07:26:06 UTC,Chennai,659490,nilanjan,,2018-03-22 12:49:44 UTC,2018-09-19 20:38:21 UTC,research,,https://www.inaturalist.org/observations/10356698,https://static.inaturalist.org/photos/14366116/medium.jpg,,,,2,0,false,3,"Devikolam, Munnar, Kerala, IN",10.099469216,77.0503253431,45019,,,,45019,,,false,,,,Idukki,Kerala,India,Kerala,Idukki,Polka Dot Plant,Hypoestes phyllostachya,Polka Dot Plant,Plantae,164011
10388091,831819dd-f834-4040-bbc2-85804e651a8c,2017-10-15 11:55:52 AM GMT+05:30,2017-10-15,2017-10-15 06:25:52 UTC,Chennai,806427,allx,Moana,2018-03-24 07:37:16 UTC,2023-01-09 22:37:08 UTC,research,,https://www.inaturalist.org/observations/10388091,https://static.inaturalist.org/photos/14419826/medium.jpeg,,,,3,0,false,2,"NH3, Talogi, Kashawri, Himachal Pradesh 175138, Индия",31.9237899448,77.1252924576,192,,,,192,,,false,gps,gps,,Kullu,Himachal Pradesh,India,Himachal Pradesh,Kullu,Opuntia dillenii,Opuntia dillenii,Erect Pricklypear,Plantae,274370
10390393,e402b1b9-4e7f-491d-82a4-ad66cd537af5,2018-03-24 5:24:12 pm GMT+05:30,2018-03-24,2018-03-24 11:54:12 UTC,Chennai,791326,suyashsawant,Suyash Sawant,2018-03-24 14:03:37 UTC,2019-07-23 11:57:52 UTC,research,CC-BY-NC,https://www.inaturalist.org/observations/10390393,https://inaturalist-open-data.s3.amazonaws.com/photos/14423542/medium.jpeg,,,,2,0,false,2,"Unnamed Road, Mangalam, Tirupati, Andhra Pradesh 517507, India",13.6571732,79.486924,23,,,,23,,,false,,,,All Tirupati,Andhra Pradesh,India,Andhra Pradesh,Chittoor,castor bean,Ricinus communis,castor bean,Plantae,56739
10405834,d28c7e68-f5bb-4085-ae66-ad5b611e3f85,Sun Mar 25 2018 08:07:07 GMT+0530 (GMT+5:30),2018-03-25,2018-03-25 02:37:07 UTC,Chennai,808612,sachinkhanna,,2018-03-25 02:59:15 UTC,2024-01-16 19:39:39 UTC,casual,,https://www.inaturalist.org/observations/10405834,https://static.inaturalist.org/photos/14450489/medium.jpg,,,,0,0,true,3,"Green Hills, Devaprayag, Uttarakhand, IN",30.1362082875,78.3388945554,5,,,,5,,open,false,,,,Tehri Garhwal,Uttaranchal,India,Uttarakhand,Tehri Garhwal,,Duranta erecta,skyflower,Plantae,162153
10414767,0e8ff438-0769-4d4c-9eae-817bac912f7e,2018-03-25 11:54:06 AM GMT+05:30,2018-03-25,2018-03-25 06:24:06 UTC,Chennai,704719,dodi,,2018-03-25 17:03:06 UTC,2022-08-18 05:57:33 UTC,research,CC-BY-NC,https://www.inaturalist.org/observations/10414767,https://inaturalist-open-data.s3.amazonaws.com/photos/14465564/medium.jpeg,,,,2,0,false,2,"Old Vilachery Rd, Vinayagar Nagar, Pasumalai, Madurai, Tamil Nadu 625004, India",9.8929386139,78.0791091919,,,,,,,,false,,,,Madurai,Tamil Nadu,India,Tamil Nadu,Madurai,Tridax daisy,Tridax procumbens,Tridax daisy,Plantae,169944
10471229,9e8f956c-63d4-46b0-b27b-49aec2a82c0f,2018/03/17 2:17 PM IST,2018-03-17,2018-03-17 12:17:00 UTC,Jerusalem,346436,rajibmaulick,Rajib Maulick,2018-03-28 13:37:04 UTC,2021-09-30 08:59:19 UTC,research,,https://www.inaturalist.org/observations/10471229,https://static.inaturalist.org/photos/14555045/medium.jpeg,,"Singapore Daidy, Bhimra, Sphagneticola trilobata, Plantae, Angiosperms, Eudicots, Asterids, Asterales, Asteraceae, Sphagneticola, Central Park, Saltlake","Singapore Daidy, Bhimra, Sphagneticola trilobata, Plantae, Angiosperms, Eudicots, Asterids, Asterales, Asteraceae, Sphagneticola, Central Park, Saltlake/17/03/18",2,0,false,,"Central Park, Sector III, Salt Lake City, Kolkata, West Bengal, India",22.5867597,88.4149401,852,,,,852,,,false,,,Kolkata and its Outskirts,North 24 Parganas,West Bengal,India,West Bengal,North 24 Parganas,Sphagneticola trilobata,Sphagneticola trilobata,trailing daisy,Plantae,246102
10489119,efb8c177-42ad-441a-9a65-f96fe66fe0eb,2018/03/17 2:59 PM IST,2018-03-17,2018-03-17 12:59:00 UTC,Jerusalem,346436,rajibmaulick,Rajib Maulick,2018-03-29 13:56:13 UTC,2022-09-20 18:29:04 UTC,research,,https://www.inaturalist.org/observations/10489119,https://static.inaturalist.org/photos/14585857/medium.jpeg,,"Blue morning glory, Oceanblue morning glory, Blue dawn flower, Ipomoea indica, Plantae, Angiosperms, Eudicots, Asterids, Solanales, Convolvulaceae, Ipomoea, Central Park, Saltlake, Kolkata","Blue morning glory, Oceanblue morning glory, Blue dawn flower, Ipomoea indica, Plantae, Angiosperms, Eudicots, Asterids, Solanales, Convolvulaceae, Ipomoea, Central Park, Saltlake, Kolkata, 17/03/18",2,0,false,,"Central Park, Sector III, Salt Lake City, Kolkata, West Bengal, India",22.5867597,88.4149401,852,,,,852,,,false,,,Kolkata and its Outskirts,North 24 Parganas,West Bengal,India,West Bengal,North 24 Parganas,oceanblue morning glory,Ipomoea indica,oceanblue morning glory,Plantae,77496
10489295,deaa145e-37cd-4e67-bf37-27a54a9b658b,2018/03/17 3:50 PM IST,2018-03-17,2018-03-17 13:50:00 UTC,Jerusalem,346436,rajibmaulick,Rajib Maulick,2018-03-29 14:14:26 UTC,2020-01-17 17:36:10 UTC,needs_id,,https://www.inaturalist.org/observations/10489295,https://static.inaturalist.org/photos/14586118/medium.jpeg,,"Copper leaf, smooth joyweed, Sanguinarea, Alternanthera ficoidea, Plantae, Angiosperms, Eudicots, Core eudicots, Caryophyllales, Amaranthaceae, Gomphrenoideae, Alternanthera, Central Park, Saltlake, Kolkata","Copper leaf, smooth joyweed, Sanguinarea, Alternanthera ficoidea, Plantae, Angiosperms, Eudicots, Core eudicots, Caryophyllales, Amaranthaceae, Gomphrenoideae, Alternanthera, Central Park, Saltlake, Kolkata, 17/03/18",1,1,false,,"Central Park, Sector III, Salt Lake City, Kolkata, West Bengal, India",22.5867597,88.4149401,852,,,,852,,,false,,,Kolkata and its Outskirts,North 24 Parganas,West Bengal,India,West Bengal,North 24 Parganas,Alternanthera ficoidea,Alternanthera ficoidea,sanguinaria,Plantae,279260
10508535,5d50e3ca-3cd8-4eda-a43d-a3fbba92d0a3,2018-03-30 9:46:47 PM IST,2018-03-30,2018-03-30 18:46:47 UTC,Jerusalem,740339,shyamphartyal,SHYAM PHARTYAL,2018-03-30 16:18:56 UTC,2023-07-06 18:52:52 UTC,research,CC-BY-NC,https://www.inaturalist.org/observations/10508535,https://inaturalist-open-data.s3.amazonaws.com/photos/14619270/medium.jpeg,,,Invasive species ,1,0,false,2,"Ranikhet Rd, Turiya Suyal, Uttarakhand 263645, India",29.5983651,79.4484627,20,,,,20,,,false,,,,Almora,Uttaranchal,India,Uttarakhand,Almora,common lantana,Lantana camara,common lantana,Plantae,50333
10518567,b62e43fa-eff4-4a0d-9db0-28d8fde80b9d,2017/11/11 1:48 AM EST,2017-11-11,2017-11-11 06:48:00 UTC,Eastern Time (US & Canada),505286,navin_sasikumar,Navin Sasikumar,2018-03-31 01:30:36 UTC,2023-07-06 19:02:01 UTC,research,CC-BY,https://www.inaturalist.org/observations/10518567,https://inaturalist-open-data.s3.amazonaws.com/photos/14637710/medium.jpeg,,,,2,0,false,,"Palakkad, Kerala, India",10.5318561253,76.6216272648,657,,,,657,,,false,,,,Palakkad,Kerala,India,Kerala,Palakkad,African tulip tree,Spathodea campanulata,African tulip tree,Plantae,126566
10573194,387ef881-bfb7-4db2-806f-bc15b573b542,2018/03/17 2:34 PM IST,2018-03-17,2018-03-17 12:34:00 UTC,Jerusalem,346436,rajibmaulick,Rajib Maulick,2018-04-02 17:46:28 UTC,2018-04-06 16:54:59 UTC,research,,https://www.inaturalist.org/observations/10573194,https://static.inaturalist.org/photos/14733529/medium.jpeg,,"blue porterweed, blue snake weed, bastard vervain, Stachytarpheta jamaicensis/Plantae, Angiosperms, Eudicots, Asterids, Lamiales, Verbenaceae, Stachytarpheta, Central Park, Saltlake","blue porterweed, blue snake weed, bastard vervain, Stachytarpheta jamaicensis/Plantae, Angiosperms, Eudicots, Asterids, Lamiales, Verbenaceae, Stachytarpheta, Central Park, Saltlake, 17/03/18",3,0,false,,"Central Park, Sector III, Salt Lake City, Kolkata, West Bengal, India",22.5867597,88.4149401,852,,,,852,,,false,,,Kolkata and its Outskirts,North 24 Parganas,West Bengal,India,West Bengal,North 24 Parganas,Blue Porterweed,Stachytarpheta jamaicensis,Blue Porterweed,Plantae,169322
10592640,4c7fa09b-12c0-41f0-93c8-cd8c015345ba,2018/03/17 3:04 PM IST,2018-03-17,2018-03-17 13:04:00 UTC,Jerusalem,346436,rajibmaulick,Rajib Maulick,2018-04-03 15:38:49 UTC,2023-12-06 16:35:11 UTC,research,,https://www.inaturalist.org/observations/10592640,https://static.inaturalist.org/photos/14767102/medium.jpeg,,"Love-in-a-mist, Stinking passionflower, Jhumkolata, Passiflora foetida, Plantae, Angiosperms, Eudicots, Rosids, Malpighiales, Passifloraceae, Passiflora, Central Park, Saltlake","Love-in-a-mist, Stinking passionflower, Jhumkolata, Passiflora foetida, Plantae, Angiosperms, Eudicots, Rosids, Malpighiales, Passifloraceae, Passiflora, Central Park, Saltlake/17/03/17",2,1,false,,"Central Park, Sector III, Salt Lake City, Kolkata, West Bengal, India",22.5867597,88.4149401,852,,,,852,,,false,,,Kolkata and its Outskirts,North 24 Parganas,West Bengal,India,West Bengal,North 24 Parganas,stinking passionflower,Passiflora foetida,stinking passionflower,Plantae,51448
10609790,169d27bf-f61c-486d-894d-5ea022041a9f,2018-04-04 1:36:39 pm GMT+05:30,2018-04-04,2018-04-04 08:06:39 UTC,Chennai,827328,braj,Braj Kishore,2018-04-04 08:11:20 UTC,2020-11-23 09:56:35 UTC,casual,,https://www.inaturalist.org/observations/10609790,https://static.inaturalist.org/photos/14796299/medium.jpeg,,,,1,0,false,2,"Mumbai City, IN-MH, IN",18.92769745,72.8207344,4,,,,4,,,false,gps,gps,,Greater Bombay,Maharashtra,India,Maharashtra,Mumbai City,trailing daisy,Sphagneticola trilobata,trailing daisy,Plantae,246102
10672410,45b7fd35-61c0-4817-8e63-168f184b4145,Fri Apr 06 2018 18:06:27 GMT+0500 (GMT+5),2018-04-06,2018-04-06 13:06:27 UTC,Ekaterinburg,824739,drmuhammadnaeemkhawaja,Dr. Muhammad Naeem Khawaja,2018-04-07 04:10:25 UTC,2019-03-07 06:49:40 UTC,research,,https://www.inaturalist.org/observations/10672410,https://static.inaturalist.org/photos/14899174/medium.jpg,,,,2,0,false,3,", , , ",34.3434,73.49195,10,,,,10,,,false,,,,Azad Kashmir,Azad Kashmir,Pakistan,Azad Kashmir,Azad Kashmir,castor bean,Ricinus communis,castor bean,Plantae,56739
10703920,9c5edc83-149e-415b-b3ee-39cae4da215f,2018-04-08 9:34:24 pm GMT+05:30,2018-04-08,2018-04-08 16:04:24 UTC,Chennai,663239,sajeevs,Sajeev S,2018-04-08 16:04:34 UTC,2019-08-23 15:26:05 UTC,research,,https://www.inaturalist.org/observations/10703920,https://static.inaturalist.org/photos/14950198/medium.jpeg,,,,2,0,false,2,"Old Mc, Kerala 691533, India",8.8890692,76.8667797,20,,,,20,,,false,,,,Kollam,Kerala,India,Kerala,Kollam,calabur tree,Muntingia calabura,calabur tree,Plantae,165586
10706331,41613ee8-5595-4dba-a1aa-9a158dd23195,2018/03/18 8:27 AM IST,2018-03-18,2018-03-18 06:27:00 UTC,Jerusalem,346436,rajibmaulick,Rajib Maulick,2018-04-08 17:46:56 UTC,2018-04-08 17:49:17 UTC,needs_id,,https://www.inaturalist.org/observations/10706331,https://static.inaturalist.org/photos/14954047/medium.jpeg,,"Bushy lippia, Bushy mat grass, Bon karpur, Lippia alba, Plantae, Angiosperms, Eudicots, Asterids, Lamiales, Verbenaceae, Lippia, Jaguli Grassland, Nadia","Bushy lippia, Bushy mat grass, Bon karpur, Lippia alba, Plantae, Angiosperms, Eudicots, Asterids, Lamiales, Verbenaceae, Lippia, Jaguli Grassland, Nadia, West Bengal, 18/03/18",0,0,false,,"IISER-K Connector Road, Haringhata Farm, West Bengal 741249, India",22.9536118,88.535943,203,,,,203,,,false,,,Kolkata and its Outskirts,Nadia,West Bengal,India,West Bengal,Nadia,Bushy Lippia,Lippia alba,Bushy Lippia,Plantae,223926
10727455,40b379e5-717f-4a4a-b633-3b95a8ad16ad,2018/03/18 8:35 AM IST,2018-03-18,2018-03-18 06:35:00 UTC,Jerusalem,346436,rajibmaulick,Rajib Maulick,2018-04-09 12:44:47 UTC,2019-08-06 04:29:08 UTC,research,,https://www.inaturalist.org/observations/10727455,https://static.inaturalist.org/photos/14988133/medium.jpeg,,"Foreign tamarind, Jilapi, Pithecellobium dulce, Plantae, Angiosperms, Eudicots, Rosids, Fabales, Fabaceae, Pithecellobium, Jaguli Grassland, Nadia","Foreign tamarind, Jilapi, Pithecellobium dulce, Plantae, Angiosperms, Eudicots, Rosids, Fabales, Fabaceae, Pithecellobium, Jaguli Grassland, Nadia, West Bengal, 18/03/18",1,0,false,,"Haringhata Farm, West Bengal 741249, India",22.955044,88.537466,203,,,,203,,,false,,,Kolkata and its Outskirts,Nadia,West Bengal,India,West Bengal,Nadia,Blackbead,Pithecellobium dulce,Madras thorn,Plantae,166920
10727755,d9bd4144-0e3f-4feb-a64c-f54b4834dc42,2018/03/18 9:42 AM IST,2018-03-18,2018-03-18 07:42:00 UTC,Jerusalem,346436,rajibmaulick,Rajib Maulick,2018-04-09 13:13:07 UTC,2018-04-09 15:45:45 UTC,research,,https://www.inaturalist.org/observations/10727755,https://static.inaturalist.org/photos/14988954/medium.jpeg,,"Ban Methi, Kureta, Urusia, Sida acuta, Plantae, Angiosperms, Eudicots, Rosids, Malvales, Malvaceae, Sida, Jaguli grassland, Nadia","Ban Methi, Kureta, Urusia, Sida acuta, Plantae, Angiosperms, Eudicots, Rosids, Malvales, Malvaceae, Sida, Jaguli grassland, Nadia, West Bengal, 1803/18",1,0,false,,"Haringhata Farm, West Bengal 741249, India",22.955044,88.537466,203,,,,203,,,false,,,Kolkata and its Outskirts,Nadia,West Bengal,India,West Bengal,Nadia,Spinyhead Sida,Sida acuta,Spinyhead Sida,Plantae,168922
10749147,399ee204-1941-48d3-8392-aba72fca46ea,Sun Apr 08 2018 13:51:12 GMT+0530 (GMT+5:30),2018-04-08,2018-04-08 08:21:12 UTC,Chennai,612368,ameetmandavia,Ameet Mandavia,2018-04-10 10:27:31 UTC,2024-07-25 19:11:27 UTC,research,CC-BY,https://www.inaturalist.org/observations/10749147,https://inaturalist-open-data.s3.amazonaws.com/photos/15025258/medium.jpg,,,,1,0,false,3,"Ranikhet Road, Corbet National Park, Uttarakhand, IN",29.460025,79.1454,10,,,,10,,,false,,,,Naini Tal,Uttaranchal,India,Uttarakhand,Nainital,downy thorn-apple,Datura innoxia,downy thorn-apple,Plantae,161639
10749181,eb4d191e-1a70-4e05-b396-ea17a7192c89,Mon Apr 09 2018 15:43:14 GMT+0530 (GMT+5:30),2018-04-09,2018-04-09 10:13:14 UTC,Chennai,612368,ameetmandavia,Ameet Mandavia,2018-04-10 10:31:18 UTC,2025-04-02 01:04:51 UTC,research,CC-BY,https://www.inaturalist.org/observations/10749181,https://inaturalist-open-data.s3.amazonaws.com/photos/15025301/medium.jpg,,,,2,0,false,3,"Corbbet National Park Lansdowne, Lansdowne, Uttarakhand, IN",29.5908633333,78.8811116667,5,,,,5,,,false,,,,Pauri Garhwal,Uttaranchal,India,Uttarakhand,Garhwal,hemp,Cannabis sativa,Cannabis,Plantae,75997
10806039,df93185e-65da-4dfc-8053-95bafb6984b4,2018-03-10 10:46:31 AM GMT+05:30,2018-03-10,2018-03-10 05:16:31 UTC,Chennai,755917,ashwini3,Ashwini Chouhan,2018-04-12 10:58:23 UTC,2021-09-21 15:06:01 UTC,research,,https://www.inaturalist.org/observations/10806039,https://static.inaturalist.org/photos/15426941/medium.jpeg,,,,2,0,false,2,"Purani Toli, Jashpur Nagar, Chhattisgarh 496331, India",22.8827285767,84.1367492676,,,,,,,,false,gps,gps,,Jashpur,Chhattisgarh,India,Chhattisgarh,Jashpur,Yellow alder,Turnera ulmifolia,Yellow alder,Plantae,170055
10809393,6a05d6f3-48bb-4979-b4ef-2c3f98b56e8a,2018-04-12 8:06:16 AM IST,2018-04-12,2018-04-12 05:06:16 UTC,Jerusalem,759124,sushilthomas,Sushil Thomas David,2018-04-12 13:25:30 UTC,2021-11-07 10:28:00 UTC,research,,https://www.inaturalist.org/observations/10809393,https://static.inaturalist.org/photos/15411948/medium.jpeg,,,,1,0,false,2,"Venmoney Chengannur Rd, Kodukulanji, Kerala 689508, India",9.2693533683,76.612543948,172,,,,172,,open,false,gps,gps,,Alappuzha,Kerala,India,Kerala,Alappuzha,Sensitive Plant,Mimosa pudica,Sensitive Plant,Plantae,51921
10816342,56ef2245-2dec-4f01-b1c8-ac52201aae34,2018/03/04 3:40 PM IST,2018-03-04,2018-03-04 13:40:00 UTC,Jerusalem,346436,rajibmaulick,Rajib Maulick,2018-04-12 16:44:39 UTC,2018-04-23 05:33:07 UTC,research,,https://www.inaturalist.org/observations/10816342,https://static.inaturalist.org/photos/15149726/medium.jpeg,,"Parthenium hysterophorus, Plantae, Angiosperms, Eudicots, Asterids, Asterales, Asteraceae, Parthenium, Durgapur","Parthenium hysterophorus, Plantae, Angiosperms, Eudicots, Asterids, Asterales, Asteraceae, Parthenium, Durgapur, 04/03/18",1,0,false,,"B-Zone, Durgapur, West Bengal, India",23.5676588,87.3165222,2987,,,,2987,,,false,,,,Barddhaman,West Bengal,India,West Bengal,Barddhaman,Santa Maria feverfew,Parthenium hysterophorus,Santa Maria feverfew,Plantae,126424
10880319,9ec0cbe4-8177-48f9-99e3-c482b6090e2e,Fri Apr 13 2018 18:13:00 GMT+0530 (GMT+5:30),2018-04-13,2018-04-13 12:43:00 UTC,Chennai,612368,ameetmandavia,Ameet Mandavia,2018-04-14 01:25:00 UTC,2024-07-25 19:11:27 UTC,research,CC-BY,https://www.inaturalist.org/observations/10880319,https://inaturalist-open-data.s3.amazonaws.com/photos/15302427/medium.jpg,,,,2,0,false,3,"Naini Tal, Naini Tal, Uttarakhand, IN",29.4251,79.4164666667,1699,,,,1699,,,false,,,,Naini Tal,Uttaranchal,India,Uttarakhand,Nainital,castor bean,Ricinus communis,castor bean,Plantae,56739
10948418,3f699fc5-dff8-4f89-8fa9-65ff45114ff9,2018-04-08 4:59:10 pm IST,2018-04-08,2018-04-08 13:59:10 UTC,Jerusalem,747888,arkeshshenoy,Arkesh Shenoy,2018-04-15 06:23:02 UTC,2020-06-11 21:46:32 UTC,research,,https://www.inaturalist.org/observations/10948418,https://static.inaturalist.org/photos/15398500/medium.jpeg,,,,1,0,false,2,"Iblur Village, Bellandur, Bengaluru, Karnataka, India",12.925362587,77.6613082886,,,,,,,,false,gps,gps,,Bangalore,Karnataka,India,Karnataka,Bangalore,White leadtree,Leucaena leucocephala,White leadtree,Plantae,47447
10962984,d604d621-2443-45e0-9e3f-68fb7bb7f520,Sun Apr 15 2018 13:56:34 GMT+0530 (GMT+5:30),2018-04-15,2018-04-15 08:26:34 UTC,Chennai,612368,ameetmandavia,Ameet Mandavia,2018-04-15 14:33:37 UTC,2024-07-25 19:11:27 UTC,needs_id,CC-BY,https://www.inaturalist.org/observations/10962984,https://inaturalist-open-data.s3.amazonaws.com/photos/15428525/medium.jpg,,,,0,0,false,3,"Barah Patthar Road, Naini Tal, Uttarakhand, IN",29.3888583333,79.4412533333,10,,,,10,,,false,,,,Naini Tal,Uttaranchal,India,Uttarakhand,Nainital,,Erigeron karvinskianus,Mexican Fleabane,Plantae,76923
11068783,38726c3e-021b-4f5b-add6-7c9f0ab59bc9,2018-04-09 3:43:57 PM IST,2018-04-09,2018-04-09 12:43:57 UTC,Jerusalem,579708,ravinaidu,Ravi Naidu,2018-04-17 15:33:42 UTC,2022-02-27 09:39:09 UTC,casual,CC-BY-NC,https://www.inaturalist.org/observations/11068783,https://inaturalist-open-data.s3.amazonaws.com/photos/15619832/medium.jpeg,,,,1,0,true,2,"F-3, Uttarakhand, India",29.5908336639,78.8805541992,,,,,,,,false,gps,gps,,Pauri Garhwal,Uttaranchal,India,Uttarakhand,Garhwal,Marijuana,Cannabis sativa,Cannabis,Plantae,75997
11203991,34ab0a58-09f6-4752-b838-9a56e94e634f,2017/12/08 7:46 AM CET,2017-12-08,2017-12-08 06:46:00 UTC,Paris,291972,axeira,Antonio Xeira,2018-04-20 07:19:27 UTC,2023-07-14 11:57:57 UTC,research,CC-BY-NC,https://www.inaturalist.org/observations/11203991,https://inaturalist-open-data.s3.amazonaws.com/photos/15884011/medium.jpg,,,,1,0,false,,"Chorao, Goa, India",15.558305,73.8883366667,5,,,,5,,,false,,,,North Goa,Goa,India,Goa,North Goa,Sensitive Plant,Mimosa pudica,Sensitive Plant,Plantae,51921
11204086,e99e9e76-3fce-480d-b05a-efab6e913403,2017/12/08 9:58 AM CET,2017-12-08,2017-12-08 08:58:00 UTC,Paris,291972,axeira,Antonio Xeira,2018-04-20 07:23:20 UTC,2023-07-14 11:57:57 UTC,research,CC-BY-NC,https://www.inaturalist.org/observations/11204086,https://inaturalist-open-data.s3.amazonaws.com/photos/15884342/medium.jpg,,iNaturalist,,2,0,false,,"Chorao, Goa, India",15.5132355138,73.8703536987,2881,,,,2881,,,false,,,,North Goa,Goa,India,Goa,North Goa,Coral Bells,Antigonon leptopus,Coral Vine,Plantae,48380
11204529,bbbc2b63-3260-4ea0-a24d-f6a6b3f1ddc4,2017/12/12 11:43 AM CET,2017-12-12,2017-12-12 10:43:00 UTC,Paris,291972,axeira,Antonio Xeira,2018-04-20 07:43:10 UTC,2024-12-24 15:44:34 UTC,research,CC-BY-NC,https://www.inaturalist.org/observations/11204529,https://inaturalist-open-data.s3.amazonaws.com/photos/15884827/medium.jpg,,iNaturalist,,1,0,false,,"Chorao, Goa, India",15.5132355138,73.8703536987,488,,,,488,,,false,,,,North Goa,Goa,India,Goa,North Goa,Xanana,Turnera subulata,Cuban Buttercup,Plantae,327909
11204530,d9a21539-890b-4856-a3a1-cb5aab0f2f56,2017/12/12 11:44 AM CET,2017-12-12,2017-12-12 10:44:00 UTC,Paris,291972,axeira,Antonio Xeira,2018-04-20 07:43:11 UTC,2023-07-14 11:57:57 UTC,research,CC-BY-NC,https://www.inaturalist.org/observations/11204530,https://inaturalist-open-data.s3.amazonaws.com/photos/15884832/medium.jpg,,,,2,0,false,,"Chorao, Goa, India",15.5132355138,73.8703536987,488,,,,488,,,false,,,,North Goa,Goa,India,Goa,North Goa,Marvel of Peru,Mirabilis jalapa,Marvel of Peru,Plantae,50616
11204780,834c4201-fe5e-4d07-b53a-89dda22f8cf3,2017/12/13 7:29 AM CET,2017-12-13,2017-12-13 06:29:00 UTC,Paris,291972,axeira,Antonio Xeira,2018-04-20 07:53:36 UTC,2023-07-14 11:57:57 UTC,research,CC-BY-NC,https://www.inaturalist.org/observations/11204780,https://inaturalist-open-data.s3.amazonaws.com/photos/15885733/medium.jpg,,iNaturalist,,2,0,false,,"Usgao-Ganjem VP, Goa, India",15.4360642447,74.1086786985,2178,,,,2178,,,false,,,,North Goa,Goa,India,Goa,North Goa,Candelabra Bush,Senna alata,Candelabra Bush,Plantae,81515
11212985,64ae4fb4-0fd9-4425-946f-4b7cee5ac345,2018/04/10 1:03 PM IST,2018-04-10,2018-04-10 10:03:00 UTC,Jerusalem,346436,rajibmaulick,Rajib Maulick,2018-04-20 13:47:32 UTC,2019-04-09 04:51:44 UTC,research,,https://www.inaturalist.org/observations/11212985,https://static.inaturalist.org/photos/15903785/medium.jpeg,,"Brazilian Bachelor's Button, Brazilian Button Flower, Larkdaisy, Porcupine Flower, Centratherum punctatum, Plantae, Angiosperms, Eudicots, Asterids, Asterales, Asteraceae, Vernonieae, Centratherum, Central Park, Saltlake, Kolkata","Brazilian Bachelor's Button, Brazilian Button Flower, Larkdaisy, Porcupine Flower,  Centratherum punctatum, Plantae, Angiosperms, Eudicots, Asterids, Asterales, Asteraceae, Vernonieae, Centratherum, Central Park, Saltlake, Kolkata, West Bengal, 10/04/18",1,0,false,,"Central Park, Sector III, Salt Lake City, Kolkata, West Bengal, India",22.5867597,88.4149401,852,,,,852,,,false,,,Kolkata and its Outskirts,North 24 Parganas,West Bengal,India,West Bengal,North 24 Parganas,Brazilian bachelor's button,Centratherum punctatum,Brazilian bachelor's button,Plantae,160297
11267649,a57fe593-d3ea-48ca-bc3d-04e7f1b9a93c,2008/05/12 10:45 AM CDT,2008-05-12,2008-05-12 15:45:00 UTC,Central Time (US & Canada),657525,mshepherd210,Mark Shepherd,2018-04-21 15:02:13 UTC,2021-11-07 10:28:02 UTC,research,,https://www.inaturalist.org/observations/11267649,https://static.inaturalist.org/photos/16015351/medium.jpeg,,,,1,0,false,,"Pune, Maharashtra, India",18.5204303,73.8567437,18744,,,,18744,,open,false,,,,Pune,Maharashtra,India,Maharashtra,Pune,Sensitive Plant,Mimosa pudica,Sensitive Plant,Plantae,51921
11295782,fe357bd7-1acc-4fdd-8b0d-65d5408ff477,Thu Mar 29 2018 15:09:24 GMT+0530 (GMT+5:30),2018-03-29,2018-03-29 09:39:24 UTC,Chennai,867048,andygonzarvis,,2018-04-22 01:06:03 UTC,2018-04-23 01:19:19 UTC,research,,https://www.inaturalist.org/observations/11295782,https://static.inaturalist.org/photos/16070317/medium.jpg,,,,1,0,false,3,"Alibaug, Alibagh, Maharashtra, IN",18.607155,72.9045716667,10,,,,10,,,false,,,,Raigarh,Maharashtra,India,Maharashtra,Raigarh,common lantana,Lantana camara,common lantana,Plantae,50333
11307342,2d8ad37f-c1af-4421-8f6c-73c236f2ccfe,Sun Apr 22 2018 12:05:10 GMT+0530 (GMT+5:30),2018-04-22,2018-04-22 06:35:10 UTC,Chennai,868402,upasana_tiku123,,2018-04-22 06:35:56 UTC,2024-10-07 22:20:35 UTC,research,,https://www.inaturalist.org/observations/11307342,https://static.inaturalist.org/photos/16093723/medium.jpg,,,,2,0,false,3,"Akasi Path, Guwahati, Assam, IN",26.1676508468,91.7802777608,10,,,,10,,,false,,,,Kamrup Metropolitan,Assam,India,Assam,Kamrup Metropolitan,creeping woodsorrel,Oxalis corniculata,Creeping Woodsorrel,Plantae,53168
11311921,b7a710e7-202e-42aa-93c4-1f94cb45db9b,Fri Jan 26 2018 18:26:27 GMT+0530 (GMT+5:30),2018-01-26,2018-01-26 12:56:27 UTC,Chennai,870116,aairamitra,,2018-04-22 10:01:23 UTC,2019-10-06 09:38:16 UTC,research,,https://www.inaturalist.org/observations/11311921,https://static.inaturalist.org/photos/16102770/medium.jpg,,,,2,0,false,3,"Gandhinagar, Gandhinagar, Gujarat, IN",23.1455148404,72.6499287819,27823,,,,27823,,,false,,,,Gandhinagar,Gujarat,India,Gujarat,Gandhinagar,African tulip tree,Spathodea campanulata,African tulip tree,Plantae,126566
11314036,aa97be17-a1de-44c9-9800-9afd2f93c59b,Sun Apr 22 2018 17:17:25 GMT+0530 (GMT+5:30),2018-04-22,2018-04-22 11:47:25 UTC,Chennai,869043,amitbhalerao,Amit Bhalerao,2018-04-22 11:50:03 UTC,2019-08-23 15:26:06 UTC,research,,https://www.inaturalist.org/observations/11314036,https://static.inaturalist.org/photos/16106716/medium.jpg,,,,1,0,false,3,"White Field, Bengaluru South, Karnataka, IN",12.9851920903,77.717217682,5,,,,5,,,false,,,,Bangalore,Karnataka,India,Karnataka,Bangalore,calabur tree,Muntingia calabura,calabur tree,Plantae,165586
11315116,958a6a41-249f-4a97-9d28-4bda4a503b4f,Sun Apr 22 2018 18:09:56 GMT+0530 (GMT+5:30),2018-04-22,2018-04-22 12:39:56 UTC,Chennai,869043,amitbhalerao,Amit Bhalerao,2018-04-22 12:40:20 UTC,2020-04-25 02:28:51 UTC,casual,,https://www.inaturalist.org/observations/11315116,https://static.inaturalist.org/photos/16108668/medium.jpg,,,,2,0,true,3,"White Field, Bengaluru South, Karnataka, IN",12.985414546,77.7168797237,5,,,,5,,,false,,,,Bangalore,Karnataka,India,Karnataka,Bangalore,Caladium bicolor,Caladium bicolor,Heart of Jesus,Plantae,283377
11328245,2eb08b16-4907-43a4-9cf8-e7ce1d7e13a6,Wed Dec 06 2017 16:34:50 GMT+0530 (GMT+5:30),2017-12-06,2017-12-06 11:04:50 UTC,Chennai,876595,shantanupathak,Shantanu Pathak,2018-04-22 18:21:59 UTC,2019-12-16 16:08:06 UTC,research,,https://www.inaturalist.org/observations/11328245,https://static.inaturalist.org/photos/16131149/medium.jpg,,,,3,0,false,3,"Hudi, Bengaluru South, Karnataka, IN",12.9902966667,77.7276466667,5,,,,5,,,false,,,,Bangalore,Karnataka,India,Karnataka,Bangalore,Candlebush,Senna alata,Candelabra Bush,Plantae,81515
11338748,4a94bb06-ad84-43cc-8fce-3c14576c1994,Sun Apr 22 2018 18:04:45 GMT+0530 (GMT+5:30),2018-04-22,2018-04-22 12:34:45 UTC,Chennai,877324,ankitaryan,,2018-04-22 22:07:18 UTC,2019-07-26 17:24:37 UTC,research,,https://www.inaturalist.org/observations/11338748,https://static.inaturalist.org/photos/16149151/medium.jpg,,,,2,0,false,3,"Indian Institute of Technology Roorkee, Roorkee, Uttarakhand, IN",29.8698283333,77.89627,5,,,,5,,,false,,,,Haridwar,Uttaranchal,India,Uttarakhand,Hardwar,hemp,Cannabis sativa,Cannabis,Plantae,75997
11354816,cf6f606c-fa81-44a5-9d99-26f3c1f837e5,Mon Apr 23 2018 11:01:27 GMT+0530 (GMT+5:30),2018-04-23,2018-04-23 05:31:27 UTC,Chennai,882646,vikram2,Vikram Sharma,2018-04-23 05:31:40 UTC,2022-02-16 00:01:01 UTC,casual,,https://www.inaturalist.org/observations/11354816,https://static.inaturalist.org/photos/16177571/medium.jpg,,,I wonder what strain is this?,0,0,true,3,"Navagraha Road, Guwahati, Assam, IN",26.1894270731,91.7606030871,10,,,,10,,,false,,,,Kamrup Metropolitan,Assam,India,Assam,Kamrup Metropolitan,hemp,Cannabis sativa spontanea,Ruderalis Marijuana,Plantae,239732
11356948,386837a4-ab3a-479c-a6f3-8bce66df48c8,Mon Apr 23 2018 13:13:22 GMT+0530 (GMT+5:30),2018-04-23,2018-04-23 07:43:22 UTC,Chennai,875067,sinbadchongtham,sinbad chongtham,2018-04-23 08:39:02 UTC,2018-04-23 16:57:40 UTC,research,,https://www.inaturalist.org/observations/11356948,https://static.inaturalist.org/photos/16181229/medium.jpg,,,,1,0,false,3,"Uripok, Imphal West I, Manipur, IN",24.8115086094,93.9277879,65,,,,65,,,false,,,,West Imphal,Manipur,India,Manipur,Imphal West,Hemp,Cannabis sativa,Cannabis,Plantae,75997
11385962,71cbc311-4826-458d-9234-4ec61f8b9124,2017-06-01 5:05:00 PM GMT+05:30,2017-06-01,2017-06-01 11:35:00 UTC,Kolkata,864847,soumya_p,Soumya Patra,2018-04-24 07:08:40 UTC,2022-09-01 17:11:42 UTC,research,CC-BY-NC,https://www.inaturalist.org/observations/11385962,https://inaturalist-open-data.s3.amazonaws.com/photos/16228664/medium.jpeg,,,,1,0,false,2,"Kadam Deuli Dam, Kadamdeuli, West Bengal 722173, India",23.1062615216,86.8587346002,516,,,,516,,,false,gps,gps,,Bankura,West Bengal,India,West Bengal,Bankura,Siam weed,Chromolaena odorata,Siam weed,Plantae,199400
11387191,2f5db37a-ea09-4511-84f4-7b4c9d877f35,2018-04-24 3:46:58 PM GMT+05:30,2018-04-24,2018-04-24 10:16:58 UTC,Chennai,864847,soumya_p,Soumya Patra,2018-04-24 10:17:46 UTC,2020-10-11 07:41:25 UTC,research,CC-BY-NC,https://www.inaturalist.org/observations/11387191,https://inaturalist-open-data.s3.amazonaws.com/photos/16230657/medium.jpeg,,,,1,0,false,2,"Bankura, IN-WB, IN",23.2100887889,87.0544873923,30724,,,,30724,obscured,,true,gps,manual,,Bankura,West Bengal,India,West Bengal,Bankura,Marvel of Peru,Mirabilis jalapa,Marvel of Peru,Plantae,50616
11410468,65008acf-bfee-42f3-ac95-cf4b7106a398,2018-04-25 8:07:06 am GMT+05:30,2018-04-25,2018-04-25 02:37:06 UTC,Chennai,895733,ajaytomer,ajay tomer,2018-04-25 02:39:25 UTC,2018-04-25 02:39:53 UTC,casual,,https://www.inaturalist.org/observations/11410468,https://static.inaturalist.org/photos/16269146/medium.jpeg,,,,0,0,true,2,"Stadium Rd, Housing Board Colony, Bhiwani, Haryana 127021, India",28.8078211143,76.1401622596,6,,,,6,,,false,,,,Bhiwani,Haryana,India,Haryana,Bhiwani,Sprenger's Asparagus,Asparagus densiflorus,Sprenger's Asparagus,Plantae,127598
11440770,9a9e89d9-f2fa-4eba-aba4-fc16a915cd56,Fri Apr 20 2018 16:57:05 GMT+0530 (GMT+5:30),2018-04-20,2018-04-20 11:27:05 UTC,Chennai,901607,chetanaamancharla,Chetana Amancharla,2018-04-26 03:04:43 UTC,2018-04-29 16:35:28 UTC,research,,https://www.inaturalist.org/observations/11440770,https://static.inaturalist.org/photos/16319251/medium.jpg,,,,2,0,false,3,"Rishikesh Road, Devaprayag, Uttarakhand, IN",30.114,78.4314716667,10,,,,10,,,false,,,,Tehri Garhwal,Uttaranchal,India,Uttarakhand,Tehri Garhwal,tropical milkweed,Asclepias curassavica,tropical milkweed,Plantae,75602
11475680,bdb2740f-bbd8-4a02-be34-1c62887fcd4f,Fri Apr 27 2018 10:07:51 GMT+0530 (GMT+5:30),2018-04-27,2018-04-27 04:37:51 UTC,Chennai,883339,jhackman1,,2018-04-27 04:42:51 UTC,2019-07-18 09:44:55 UTC,research,,https://www.inaturalist.org/observations/11475680,https://static.inaturalist.org/photos/16378220/medium.jpg,,,,2,0,false,3,"Banaras Hindu University, Varanasi, Uttar Pradesh, IN",25.2687570267,82.9976975732,5,,,,5,,,false,,,,Varanasi,Uttar Pradesh,India,Uttar Pradesh,Varanasi,common lantana,Lantana camara,common lantana,Plantae,50333
11475857,fe766a1d-b53a-4ef2-aff8-11479227f99a,2018-04-27 10:18:04 AM IST,2018-04-27,2018-04-27 07:18:04 UTC,Jerusalem,64062,nandkishordudhe,Nandkishor,2018-04-27 04:48:28 UTC,2018-04-27 05:15:22 UTC,needs_id,CC-BY-NC,https://www.inaturalist.org/observations/11475857,https://inaturalist-open-data.s3.amazonaws.com/photos/16378579/medium.jpeg,,,,0,0,false,2,"12, Chhatrapati Shivaji Maharaj Marg, Fort, Mumbai, Maharashtra 400001, India",18.9229416667,72.8340966667,6,,,,6,,,false,,,,Greater Bombay,Maharashtra,India,Maharashtra,Mumbai City,,Leucaena leucocephala,White leadtree,Plantae,47447
11482792,b4a48946-79cf-43df-9234-3666ff0c41e9,Fri Apr 27 2018 16:15:22 GMT+0530 (GMT+5:30),2018-04-27,2018-04-27 10:45:22 UTC,Chennai,908643,dylan100,Dylan Given,2018-04-27 10:46:18 UTC,2019-08-06 19:54:32 UTC,research,,https://www.inaturalist.org/observations/11482792,https://static.inaturalist.org/photos/16390073/medium.jpg,,,,2,0,false,3,"Siliguri, Siliguri, West Bengal, IN",26.769290152,88.4168574774,5,,,,5,,,false,,,,Darjiling,West Bengal,India,West Bengal,Darjiling,common lantana,Lantana camara,common lantana,Plantae,50333
11482863,de08eeab-fbce-4410-96ff-ce67ee3bc91d,Fri Apr 27 2018 16:18:37 GMT+0530 (GMT+5:30),2018-04-27,2018-04-27 10:48:37 UTC,Chennai,908643,dylan100,Dylan Given,2018-04-27 10:49:32 UTC,2018-04-28 12:05:00 UTC,research,,https://www.inaturalist.org/observations/11482863,https://static.inaturalist.org/photos/16390195/medium.jpg,,,,1,0,false,3,"Siliguri, Siliguri, West Bengal, IN",26.769918669,88.4159000964,5,,,,5,,,false,,,,Darjiling,West Bengal,India,West Bengal,Darjiling,Santa Maria feverfew,Parthenium hysterophorus,Santa Maria feverfew,Plantae,126424
11563939,682e4cdf-9aa9-4b9a-b3e8-ffe0711f3549,2018-04-28 6:53:43 AM GMT+05:30,2018-04-28,2018-04-28 01:23:43 UTC,Chennai,907638,priyadarshini,Priyadarshini Dilip Supekar,2018-04-28 01:40:42 UTC,2018-04-28 01:40:42 UTC,casual,,https://www.inaturalist.org/observations/11563939,,,,10-15,0,0,false,2,"Mumbai Suburban, IN-MH, IN",19.1682536295,72.9533010721,10,,,,10,,,false,,,,Greater Bombay,Maharashtra,India,Maharashtra,Mumbai Suburban,castor bean,Ricinus communis,castor bean,Plantae,56739
11564010,72dd538d-54d5-4a94-9ea2-7837e801bf4e,2018-04-28 7:03:17 AM GMT+05:30,2018-04-28,2018-04-28 01:33:17 UTC,Chennai,907638,priyadarshini,Priyadarshini Dilip Supekar,2018-04-28 01:41:07 UTC,2018-04-28 01:41:07 UTC,casual,,https://www.inaturalist.org/observations/11564010,,,,6-7,0,0,false,2,"Mulund Goregaon Link Rd, Nahur East, Mulund East, Mumbai, Maharashtra 400080, India",19.154666,72.9566717,21,,,,21,,,false,,,,Greater Bombay,Maharashtra,India,Maharashtra,Mumbai Suburban,castor bean,Ricinus communis,castor bean,Plantae,56739
11574982,0d382eda-1182-4ce5-9042-7cd77fbaf856,2018-04-28 8:22:18 AM IST,2018-04-28,2018-04-28 05:22:18 UTC,Jerusalem,64062,nandkishordudhe,Nandkishor,2018-04-28 03:37:54 UTC,2018-04-28 07:10:17 UTC,needs_id,CC-BY-NC,https://www.inaturalist.org/observations/11574982,https://inaturalist-open-data.s3.amazonaws.com/photos/16532224/medium.jpeg,,,,0,0,false,2,"Mulund - Airoli Rd, Mulund East, Mumbai, Maharashtra 400081, India",19.1538237,72.967648,1299,,,,1299,,,false,,,,Greater Bombay,Maharashtra,India,Maharashtra,Mumbai Suburban,,Leucaena leucocephala,White leadtree,Plantae,47447
11577443,7b62dd71-d16f-445a-9362-af826c2cf9eb,2018-04-28 9:16:33 AM IST,2018-04-28,2018-04-28 06:16:33 UTC,Jerusalem,64062,nandkishordudhe,Nandkishor,2018-04-28 04:10:16 UTC,2023-01-09 22:41:13 UTC,research,CC-BY-NC,https://www.inaturalist.org/observations/11577443,https://inaturalist-open-data.s3.amazonaws.com/photos/16536393/medium.jpeg,,,,4,0,false,2,"Mulund - Airoli Rd, Mulund East, Mumbai, Maharashtra 400081, India",19.1419783333,72.9634566667,6,,,,6,,,false,,,,Greater Bombay,Maharashtra,India,Maharashtra,Mumbai Suburban,castor bean,Ricinus communis,castor bean,Plantae,56739
11581899,06190291-0613-46ae-95cb-f9242312faf6,2018-04-28 9:49:18 AM IST,2018-04-28,2018-04-28 06:49:18 UTC,Jerusalem,64062,nandkishordudhe,Nandkishor,2018-04-28 05:20:59 UTC,2018-04-28 10:01:50 UTC,needs_id,CC-BY-NC,https://www.inaturalist.org/observations/11581899,https://inaturalist-open-data.s3.amazonaws.com/photos/16543467/medium.jpeg,,,,0,0,false,2,"Mumbai Suburban, IN-MH, IN",19.144275,72.9635133333,6,,,,6,,,false,,,,Greater Bombay,Maharashtra,India,Maharashtra,Mumbai Suburban,,Leucaena leucocephala,White leadtree,Plantae,47447
11583273,3da03e77-a903-4613-a3fc-c7188aab8c93,2018-04-28 8:05:34 AM GMT+05:30,2018-04-28,2018-04-28 02:35:34 UTC,Chennai,907638,priyadarshini,Priyadarshini Dilip Supekar,2018-04-28 05:49:34 UTC,2019-05-16 17:26:40 UTC,research,,https://www.inaturalist.org/observations/11583273,https://static.inaturalist.org/photos/16545632/medium.jpeg,,,,2,0,false,2,"Unnamed Road, Mulund East, Mumbai, Maharashtra 400042, India",19.1490728594,72.9614663869,8,,,,8,,,false,,,,Greater Bombay,Maharashtra,India,Maharashtra,Mumbai Suburban,Blackbead,Pithecellobium dulce,Madras thorn,Plantae,166920
11583515,1c8c6449-d77a-4e09-b6b4-0df3fd1a46e7,2018-04-28 8:23:20 AM GMT+05:30,2018-04-28,2018-04-28 02:53:20 UTC,Chennai,907638,priyadarshini,Priyadarshini Dilip Supekar,2018-04-28 05:56:49 UTC,2019-05-05 09:15:50 UTC,research,,https://www.inaturalist.org/observations/11583515,https://static.inaturalist.org/photos/16546036/medium.jpeg,,,,2,0,false,2,"Unnamed Road, Mulund East, Mumbai, Maharashtra 400042, India",19.1483901534,72.9628019594,9,,,,9,,,false,,,,Greater Bombay,Maharashtra,India,Maharashtra,Mumbai Suburban,White leadtree,Leucaena leucocephala,White leadtree,Plantae,47447
11585946,ec321d6c-bbec-44a4-834a-98c197c0d378,2018-04-28 9:39:54 AM GMT+05:30,2018-04-28,2018-04-28 04:09:54 UTC,Chennai,907638,priyadarshini,Priyadarshini Dilip Supekar,2018-04-28 07:08:25 UTC,2019-07-23 11:56:48 UTC,research,,https://www.inaturalist.org/observations/11585946,https://static.inaturalist.org/photos/16549972/medium.jpeg,,,,2,0,false,2,"Unnamed Road, Mulund East, Mumbai, Maharashtra 400042, India",19.141957378,72.9634993337,11,,,,11,,,false,,,,Greater Bombay,Maharashtra,India,Maharashtra,Mumbai Suburban,castor bean,Ricinus communis,castor bean,Plantae,56739
11589845,750ed79c-a4fe-4175-a3c0-44684d938137,Mon Apr 23 2018 16:50:33 GMT+0530 (GMT+5:30),2018-04-23,2018-04-23 11:20:33 UTC,Chennai,915296,megsaurus,,2018-04-28 09:30:01 UTC,2019-07-26 17:41:56 UTC,research,,https://www.inaturalist.org/observations/11589845,https://static.inaturalist.org/photos/16555542/medium.jpg,,,A pretty little garden cosmos that I spotted at Bannerghatta national park!,2,0,false,3,"Tharalu, Anekal Bangaluru, Karnataka, IN",12.79952,77.57563,5,,,,5,,,false,,,,Bangalore,Karnataka,India,Karnataka,Bangalore,garden cosmos,Cosmos bipinnatus,garden cosmos,Plantae,68562
11591153,4316ea82-cfea-4364-a1bc-1b773c94f601,Sat Apr 28 2018 15:53:39 GMT+0530 (GMT+5:30),2018-04-28,2018-04-28 10:23:39 UTC,Chennai,908643,dylan100,Dylan Given,2018-04-28 10:24:34 UTC,2018-09-04 07:32:09 UTC,research,,https://www.inaturalist.org/observations/11591153,https://static.inaturalist.org/photos/16557715/medium.jpg,,,,2,0,false,3,"Siliguri, Siliguri, West Bengal, IN",26.77271188,88.4158219824,31,,,,31,,,false,,,,Darjiling,West Bengal,India,West Bengal,Darjiling,Indian Heliotrope,Heliotropium indicum,Indian Heliotrope,Plantae,83492
11597630,8f3fc24e-2272-4481-b948-c7fd22c7e532,2018/03/04 3:51 PM IST,2018-03-04,2018-03-04 13:51:00 UTC,Jerusalem,346436,rajibmaulick,Rajib Maulick,2018-04-28 13:16:14 UTC,2019-08-06 19:56:42 UTC,research,,https://www.inaturalist.org/observations/11597630,https://static.inaturalist.org/photos/16567200/medium.jpeg,,"Coatbuttons. tridaxdaisy, Tridax procumbens, Plantae, Angiosperms, Eudicots, Asterids, Asterales, Asteraceae, Heliantheae, Tridax, Durgapur","Coatbuttons. tridaxdaisy, Tridax procumbens, Plantae, Angiosperms, Eudicots, Asterids, Asterales, Asteraceae, Heliantheae, Tridax, Durgapur, Barddhaman, West Bengal, India, 04/03/18",3,0,false,,"B-Zone, Durgapur, West Bengal, India",23.5676588,87.3165222,2987,,,,2987,,,false,,,,Barddhaman,West Bengal,India,West Bengal,Barddhaman,Tridax daisy,Tridax procumbens,Tridax daisy,Plantae,169944
11605367,9b45096e-8787-479b-af30-5715b30b938f,2018-04-28 7:12:41 PM IST,2018-04-28,2018-04-28 16:12:41 UTC,Jerusalem,914758,roystonanillobo,Royston Anil Lobo,2018-04-28 14:32:07 UTC,2019-07-27 07:52:36 UTC,research,,https://www.inaturalist.org/observations/11605367,https://static.inaturalist.org/photos/16577993/medium.jpeg,,,,2,0,false,2,"WING-A, Modi Patel Road, Narayan Nagar, Bhayandar West, Mira Bhayandar, Maharashtra 401101, India",19.307888031,72.852684021,,,,,,,,false,gps,gps,,Greater Bombay,Maharashtra,India,Maharashtra,Thane,Tridax daisy,Tridax procumbens,Tridax daisy,Plantae,169944
11700099,97da8256-0dd1-49c2-8e1e-8f64ba825f79,Sun Apr 29 2018 07:16:42 GMT+0530 (GMT+5:30),2018-04-29,2018-04-29 01:46:42 UTC,Chennai,871464,drjwalu4u,,2018-04-29 01:47:49 UTC,2018-05-03 14:18:47 UTC,research,,https://www.inaturalist.org/observations/11700099,https://static.inaturalist.org/photos/16724427/medium.jpg,,,,1,0,false,3,"Athwa, Surat, Gujarat, IN",21.1284507858,72.733075535,5,,,,5,,,false,,,,Surat,Gujarat,India,Gujarat,Surat,common lantana,Lantana camara,common lantana,Plantae,50333
11704884,8278f370-fcba-4fbf-9ddb-795984d7c2b8,Sun Apr 29 2018 08:06:22 GMT+0530 (GMT+5:30),2018-04-29,2018-04-29 02:36:22 UTC,Chennai,871464,drjwalu4u,,2018-04-29 02:37:20 UTC,2019-03-03 12:46:49 UTC,research,,https://www.inaturalist.org/observations/11704884,https://static.inaturalist.org/photos/16732217/medium.jpg,,,,1,0,false,3,"Lake, Surat, Gujarat, IN",21.1271514651,72.7352142614,5,,,,5,,,false,,,,Surat,Gujarat,India,Gujarat,Surat,Blue Porterweed,Stachytarpheta jamaicensis,Blue Porterweed,Plantae,169322
11706123,89cd58ae-f97c-4b9d-b08b-ed02ab486150,2015/06/04 11:06 AM CDT,2015-06-04,2015-06-04 16:06:00 UTC,Central Time (US & Canada),858503,rrash,Ryan Rash,2018-04-29 02:53:15 UTC,2019-10-06 09:36:50 UTC,research,CC-BY-NC,https://www.inaturalist.org/observations/11706123,https://inaturalist-open-data.s3.amazonaws.com/photos/16733017/medium.jpg,,,,1,0,false,,"Kannan Devan Hills, Kerala, India",10.157387603,77.1046068825,199,,,,199,,,false,,,,Idukki,Kerala,India,Kerala,Idukki,African tulip tree,Spathodea campanulata,African tulip tree,Plantae,126566
11735734,be00a322-be56-4c64-a3b3-b9f75ad97820,Sun Apr 29 2018 18:25:39 GMT+0530 (GMT+5:30),2018-04-29,2018-04-29 12:55:39 UTC,Chennai,901607,chetanaamancharla,Chetana Amancharla,2018-04-29 12:56:07 UTC,2020-06-07 05:01:44 UTC,research,,https://www.inaturalist.org/observations/11735734,https://static.inaturalist.org/photos/16782391/medium.jpg,,,,2,0,false,3,"Saroor Nagar Road, Hayathnagar, TG, IN",17.3556935135,78.5297956691,10,,,,10,,,false,,,,Rangareddi,Telangana,India,Telangana,Ranga Reddy,common water hyacinth,Pontederia crassipes,common water hyacinth,Plantae,962637
11765656,d6fb16f3-ca16-456a-9a54-ec5bf0e41df4,2018-04-29 10:38:22 AM IST,2018-04-29,2018-04-29 07:38:22 UTC,Jerusalem,908028,wonderviewer,,2018-04-29 17:36:42 UTC,2019-02-24 15:53:08 UTC,research,CC-BY-NC,https://www.inaturalist.org/observations/11765656,https://inaturalist-open-data.s3.amazonaws.com/photos/16826480/medium.jpeg,,,This is an ornamental plant commonly used in garden for hedges and it's beautiful flowers which attract butterfly.,1,0,false,2,"2, WG Union Rd, Azad Nagar, Colaba, Mumbai, Maharashtra 400005, India",18.9106197357,72.8237075806,,,,,,,,false,gps,gps,,Greater Bombay,Maharashtra,India,Maharashtra,Mumbai City,skyflower,Duranta erecta,skyflower,Plantae,162153
11788988,fd370b29-0974-4f2a-b96a-4fd44a7772f4,Mon Apr 23 2018 16:50:16 GMT+0530 (GMT+5:30),2018-04-23,2018-04-23 11:20:16 UTC,Chennai,915296,megsaurus,,2018-04-29 20:47:39 UTC,2019-07-26 17:41:57 UTC,research,,https://www.inaturalist.org/observations/11788988,https://static.inaturalist.org/photos/16862114/medium.jpg,,,,2,0,false,3,"Tharalu, Anekal Bangaluru, Karnataka, IN",12.7994916667,77.5757616667,10,,,,10,,,false,,,,Bangalore,Karnataka,India,Karnataka,Bangalore,garden cosmos,Cosmos bipinnatus,garden cosmos,Plantae,68562
11789075,cd204975-9a90-495f-907a-fd209930507e,Mon Apr 23 2018 16:50:10 GMT+0530 (GMT+5:30),2018-04-23,2018-04-23 11:20:10 UTC,Chennai,915296,megsaurus,,2018-04-29 20:48:31 UTC,2019-07-26 17:41:58 UTC,research,,https://www.inaturalist.org/observations/11789075,https://static.inaturalist.org/photos/16862414/medium.jpg,,,,2,0,false,3,"Tharalu, Anekal Bangaluru, Karnataka, IN",12.7994916667,77.5757616667,10,,,,10,,,false,,,,Bangalore,Karnataka,India,Karnataka,Bangalore,garden cosmos,Cosmos bipinnatus,garden cosmos,Plantae,68562
11832684,e7cf2a41-df6d-496d-a5b5-2921c6168e86,,,,UTC,910262,sonalikadam,Sonali Kadam,2018-04-30 02:19:11 UTC,2020-04-25 02:29:34 UTC,casual,,https://www.inaturalist.org/observations/11832684,https://static.inaturalist.org/photos/16930946/medium.jpeg,,,,2,0,true,2,"Gokul Shirgaon, Maharashtra, India",16.6529191978,74.2637596223,5,,,,5,,,false,gps,gps,,Kolhapur,Maharashtra,India,Maharashtra,Kolhapur,Caladium bicolor,Caladium bicolor,Heart of Jesus,Plantae,283377
11833822,3358f8b2-ada3-4a59-9112-044d32c97f0a,2018-04-25 9:00:45 AM GMT+05:30,2018-04-25,2018-04-25 03:30:45 UTC,Chennai,910262,sonalikadam,Sonali Kadam,2018-04-30 02:29:24 UTC,2018-04-30 23:47:54 UTC,research,,https://www.inaturalist.org/observations/11833822,https://static.inaturalist.org/photos/16933474/medium.jpeg,,,,1,0,false,2,"Gokul Shirgaon, Maharashtra, India",16.6528955412,74.2639654687,5,,,,5,,,false,gps,gps,,Kolhapur,Maharashtra,India,Maharashtra,Kolhapur,Sensitive Plant,Mimosa pudica,Sensitive Plant,Plantae,51921
11846634,5b589063-c5f8-49a8-9902-1a7d35bc55d8,2018-04-30 9:45:05 AM GMT+05:30,2018-04-30,2018-04-30 04:15:05 UTC,Chennai,907638,priyadarshini,Priyadarshini Dilip Supekar,2018-04-30 04:19:45 UTC,2018-04-30 04:19:45 UTC,casual,,https://www.inaturalist.org/observations/11846634,,,,6-7,0,0,false,2,"Mumbai Suburban, IN-MH, IN",19.1681836825,72.8761617467,13,,,,13,,,false,,,,Greater Bombay,Maharashtra,India,Maharashtra,Mumbai Suburban,castor bean,Ricinus communis,castor bean,Plantae,56739
11851187,3a8990a9-11f8-44fd-86a6-951c9fb8a9f2,2018-04-30 10:23:04 AM GMT+05:30,2018-04-30,2018-04-30 04:53:04 UTC,Chennai,907638,priyadarshini,Priyadarshini Dilip Supekar,2018-04-30 05:12:39 UTC,2019-07-18 09:44:57 UTC,research,,https://www.inaturalist.org/observations/11851187,https://static.inaturalist.org/photos/16961019/medium.jpeg,,,,2,0,false,2,"Unnamed Road, Film City Complex, Aarey Colony, Goregaon East, Mumbai, Maharashtra 400065, India",19.1633666446,72.8921581898,23,,,,23,,,false,,,,Greater Bombay,Maharashtra,India,Maharashtra,Mumbai Suburban,common lantana,Lantana camara,common lantana,Plantae,50333
11851358,b4fbe406-2ab2-4ee0-91f6-b80d2a928cc0,2018-04-30 10:29:06 AM GMT+05:30,2018-04-30,2018-04-30 04:59:06 UTC,Chennai,907638,priyadarshini,Priyadarshini Dilip Supekar,2018-04-30 05:15:35 UTC,2018-05-03 13:54:55 UTC,research,,https://www.inaturalist.org/observations/11851358,https://static.inaturalist.org/photos/16961299/medium.jpeg,,,,1,0,false,2,"Unnamed Road, Film City Complex, Aarey Colony, Goregaon East, Mumbai, Maharashtra 400065, India",19.1634773696,72.8920566011,18,,,,18,,,false,,,,Greater Bombay,Maharashtra,India,Maharashtra,Mumbai Suburban,Sensitive Plant,Mimosa pudica,Sensitive Plant,Plantae,51921
11851657,ee036f4e-7bd5-4fec-ad4e-bb9d237b5285,2018-04-30 10:34:50 AM GMT+05:30,2018-04-30,2018-04-30 05:04:50 UTC,Chennai,907638,priyadarshini,Priyadarshini Dilip Supekar,2018-04-30 05:21:00 UTC,2018-04-30 07:51:18 UTC,research,,https://www.inaturalist.org/observations/11851657,https://static.inaturalist.org/photos/16961672/medium.jpeg,,,,1,0,false,2,"Unnamed Road, Film City Complex, Aarey Colony, Goregaon East, Mumbai, Maharashtra 400065, India",19.1635220032,72.8923244867,10,,,,10,,,false,,,,Greater Bombay,Maharashtra,India,Maharashtra,Mumbai Suburban,castor bean,Ricinus communis,castor bean,Plantae,56739
11854882,cb872e91-191a-47aa-b214-abd3ef3c5482,Mon Apr 30 2018 11:52:43 GMT+0530 (GMT+5:30),2018-04-30,2018-04-30 06:22:43 UTC,Chennai,905637,vilinalangonjam,Vilina Langonjam,2018-04-30 06:22:52 UTC,2019-07-18 09:44:50 UTC,research,,https://www.inaturalist.org/observations/11854882,https://static.inaturalist.org/photos/16966535/medium.jpg,,,,3,0,false,3,"Chanchipur (Imphal West Ii), Imphal West II, Manipur, IN",24.7582696225,93.9226159781,5054,,,,5054,,,false,,,,West Imphal,Manipur,India,Manipur,Imphal West,common lantana,Lantana camara,common lantana,Plantae,50333
11859184,d0e21dbf-e0f2-43be-b2a8-5ab34b7e7661,2018-04-30 1:35:20 PM GMT+05:30,2018-04-30,2018-04-30 08:05:20 UTC,Chennai,903097,rajdeosingh,Rajdeo Singh,2018-04-30 08:05:53 UTC,2018-04-30 08:05:53 UTC,casual,,https://www.inaturalist.org/observations/11859184,,,,,0,0,true,2,"Hornbill House, Colaba Causeway, Kala Ghoda, Fort, Mumbai, Maharashtra 400001, India",18.92626609,72.8335159,9,,,,9,,open,false,,,,Greater Bombay,Maharashtra,India,Maharashtra,Mumbai City,yellow trumpet flower,Tecoma stans,yellow trumpet flower,Plantae,48363
11890348,8d3c8dba-2aa9-44a5-9569-27b7a535524d,2018/04/15 9:32 AM IST,2018-04-15,2018-04-15 06:32:00 UTC,Jerusalem,346436,rajibmaulick,Rajib Maulick,2018-04-30 16:23:50 UTC,2018-04-30 19:11:37 UTC,research,,https://www.inaturalist.org/observations/11890348,https://static.inaturalist.org/photos/17020007/medium.jpeg,,"Cinderella Weed, Nodeweed, Synedrella nodiflora, Plantae, Angiosperms, Eudicots, Asterids, Asterales, Asteraceae, Heliantheae, Synedrella, Rabindrasarovar","Cinderella Weed, Nodeweed, Synedrella nodiflora, Plantae, Angiosperms, Eudicots, Asterids, Asterales, Asteraceae, Heliantheae, Synedrella, Rabindrasarovar, Kolkata, West Bengal, India, 15/04/18",1,0,false,,"Rabindra Sarovar Lake, Dhakuria, Rabindra Sarobar, Kolkata, West Bengal 700045",22.5109511,88.3561094,882,,,,882,,,false,,,Kolkata and its Outskirts,Kolkata,West Bengal,India,West Bengal,Kolkata,Synedrella,Synedrella nodiflora,Nodeweed,Plantae,169500
11983533,2821bce4-d5e2-4a48-aa95-9c6d2cc55157,Tue May 01 2018 17:33:03 GMT+0530 (GMT+5:30),2018-05-01,2018-05-01 12:03:03 UTC,Chennai,929916,saianjan,Aditya Akella,2018-05-01 12:04:51 UTC,2023-12-03 10:58:36 UTC,research,,https://www.inaturalist.org/observations/11983533,https://static.inaturalist.org/photos/17277446/medium.jpg,,,,1,0,false,3,"Gopinath Nagar, Kakinada, AP, IN",16.9981145525,82.2365998036,165,,,,165,,open,false,,,,East Godavari,Andhra Pradesh,India,Andhra Pradesh,East Godavari,yellow trumpet flower,Tecoma stans,yellow trumpet flower,Plantae,48363
12085725,d14468db-7a53-48a1-a9e1-5f1adf293935,2018-05-03 7:13:27 am GMT+05:30,2018-05-03,2018-05-03 01:43:27 UTC,Chennai,935308,anirudhmittal,anirudh mittal,2018-05-03 10:49:28 UTC,2018-05-03 10:49:44 UTC,needs_id,,https://www.inaturalist.org/observations/12085725,https://static.inaturalist.org/photos/17333033/medium.jpeg,,,,0,0,false,2,"7/4, Thiru Nagar Colony, Gandhi Nagar, Vadapalani, Chennai, Tamil Nadu 600026, India",13.0584901,80.208182,23,,,,23,,,false,,,,Chennai,Tamil Nadu,India,Tamil Nadu,Chennai,Mexican sunflower,Tithonia diversifolia,Mexican sunflower,Plantae,132451
12087217,8fef1216-7b75-4f3c-905e-c3a1d5d81a48,2016-10-08 1:17:11 PM GMT+05:30,2016-10-08,2016-10-08 07:47:11 UTC,Chennai,935415,souravranjanpradhan,sourav ranjan pradhan,2018-05-03 12:31:10 UTC,2023-03-04 18:03:11 UTC,research,,https://www.inaturalist.org/observations/12087217,https://static.inaturalist.org/photos/17335606/medium.jpeg,,,,2,0,false,2,"Rimuli Ichinda Rd, Badanai, Odisha 758047, India",21.9580878157,85.6351899728,86,,,,86,,,false,gps,gps,,Keonjhar,Odisha,India,Odisha,Kendujhar,Leonotis nepetifolia,Leonotis nepetifolia,lion's ear,Plantae,141634
12087297,d9f88233-6a68-4222-baae-9b4eeda0182e,2016-10-08 12:40:44 PM GMT+05:30,2016-10-08,2016-10-08 07:10:44 UTC,Chennai,935415,souravranjanpradhan,sourav ranjan pradhan,2018-05-03 12:37:31 UTC,2020-12-04 19:09:19 UTC,research,,https://www.inaturalist.org/observations/12087297,https://static.inaturalist.org/photos/17335747/medium.jpeg,,,,2,0,false,2,"Rimuli Ichinda Rd, Parsora, Odisha 758047, India",21.9645256698,85.6235887483,344,,,,344,,,false,gps,gps,,Keonjhar,Odisha,India,Odisha,Kendujhar,Bush Morning Glory,Ipomoea carnea,Bush Morning Glory,Plantae,164081
12116628,62dc3954-654a-4260-aac6-6e91f50b3bbe,Sat Apr 14 2018 08:54:07 GMT+0530 (GMT+5:30),2018-04-14,2018-04-14 03:24:07 UTC,Chennai,936973,akilan,,2018-05-04 02:26:28 UTC,2018-06-25 13:56:44 UTC,research,,https://www.inaturalist.org/observations/12116628,https://static.inaturalist.org/photos/17382347/medium.jpg,,,,3,0,false,3,"Vibhutipura, Bengaluru South, Karnataka, IN",12.977,77.689505,5,,,,5,,,false,,,,Bangalore,Karnataka,India,Karnataka,Bangalore,stinking passionflower,Passiflora foetida,stinking passionflower,Plantae,51448
12149384,d227baa2-32a9-4af7-a6de-ccef1d0aa42b,Sat May 05 2018 08:26:46 GMT+0530 (GMT+5:30),2018-05-05,2018-05-05 02:56:46 UTC,Chennai,936973,akilan,,2018-05-05 02:59:10 UTC,2019-04-29 10:35:52 UTC,research,,https://www.inaturalist.org/observations/12149384,https://static.inaturalist.org/photos/17437234/medium.jpg,,,,1,0,false,3,"Vibhutipura, Bengaluru South, Karnataka, IN",12.9767404078,77.6898219344,10,,,,10,,,false,,,,Bangalore,Karnataka,India,Karnataka,Bangalore,downy thorn-apple,Datura innoxia,downy thorn-apple,Plantae,161639
12149460,47fdc17a-1037-4554-83c1-e95af3b50471,Sat May 05 2018 08:31:36 GMT+0530 (GMT+5:30),2018-05-05,2018-05-05 03:01:36 UTC,Chennai,936973,akilan,,2018-05-05 03:02:28 UTC,2019-07-18 09:44:48 UTC,research,,https://www.inaturalist.org/observations/12149460,https://static.inaturalist.org/photos/17437450/medium.jpg,,,,2,0,false,3,"Vibhutipura, Bengaluru South, Karnataka, IN",12.9749273602,77.6917761751,5,,,,5,,,false,,,,Bangalore,Karnataka,India,Karnataka,Bangalore,common lantana,Lantana camara,common lantana,Plantae,50333
12154260,68377919-2599-425f-a648-76d786c9fddf,Sat May 05 2018 14:14:40 GMT+0530 (GMT+5:30),2018-05-05,2018-05-05 08:44:40 UTC,Chennai,890522,jasro,Jaganth Jas,2018-05-05 09:55:56 UTC,2019-07-27 07:52:30 UTC,research,,https://www.inaturalist.org/observations/12154260,https://static.inaturalist.org/photos/17445899/medium.jpg,,,,2,0,false,3,"Agastiswaram, Nagercoil, Tamil Nadu, IN",8.1552599867,77.4078736987,16,,,,16,,,false,,,,Kanniyakumari,Tamil Nadu,India,Tamil Nadu,Kanniyakumari,Tridax daisy,Tridax procumbens,Tridax daisy,Plantae,169944
12183619,c09da6b4-d098-4a27-b180-99785faf10f0,2018-05-05 1:22:04 PM IST,2018-05-05,2018-05-05 10:22:04 UTC,Jerusalem,579708,ravinaidu,Ravi Naidu,2018-05-06 02:47:47 UTC,2018-09-04 07:32:17 UTC,research,CC-BY-NC,https://www.inaturalist.org/observations/12183619,https://inaturalist-open-data.s3.amazonaws.com/photos/17495334/medium.jpeg,,,,2,0,false,2,"494001, India",18.8586120605,81.9580535889,,,,,,,,false,gps,gps,,Bastar,Chhattisgarh,India,Chhattisgarh,Bastar,Indian Heliotrope,Heliotropium indicum,Indian Heliotrope,Plantae,83492
12191536,69909dee-f36e-49fe-bc9c-5b2af71f40c6,Sun May 06 2018 17:47:25 GMT+0530 (GMT+5:30),2018-05-06,2018-05-06 12:17:25 UTC,Chennai,870726,sruthi2,Sruthi Rajendran,2018-05-06 12:17:34 UTC,2024-12-29 16:07:35 UTC,casual,,https://www.inaturalist.org/observations/12191536,https://static.inaturalist.org/photos/17509650/medium.jpg,,,,0,0,true,3,"Porani, Pollachi, Tamil Nadu, IN",10.8047611304,77.0250416286,8,,,,8,,,false,,,,Coimbatore,Tamil Nadu,India,Tamil Nadu,Coimbatore,,Kalanchoe pinnata,Air Plant,Plantae,164333
12320355,087307cf-9eb2-4285-b008-8ea47b725da4,2018/05/09 7:41 AM IST,2018-05-09,2018-05-09 04:41:00 UTC,Jerusalem,346436,rajibmaulick,Rajib Maulick,2018-05-10 13:05:01 UTC,2019-04-16 09:44:59 UTC,research,,https://www.inaturalist.org/observations/12320355,https://static.inaturalist.org/photos/17732536/medium.jpeg,,"Mexican poppy, Siyal-Kanta, Argemone mexicana, Plantae, Angiosperms, Eudicots, Ranunculales, Papaveraceae, Argemone, Durgapur","Mexican poppy, Siyal-Kanta, Argemone mexicana/Plantae, Angiosperms, Eudicots, Ranunculales, Papaveraceae, Argemone/Durgapur/09/05/18",2,0,false,,"Bijra, West Bengal 713206, India",23.5770469,87.3438429,1327,,,,1327,,,false,,,,Barddhaman,West Bengal,India,West Bengal,Barddhaman,Argemone mexicana,Argemone mexicana,Mexican prickly poppy,Plantae,128533
12320624,91461384-4d53-446d-8c29-1247eaeafc58,2018/05/09 7:43 AM IST,2018-05-09,2018-05-09 04:43:00 UTC,Jerusalem,346436,rajibmaulick,Rajib Maulick,2018-05-10 13:17:37 UTC,2019-08-05 13:13:44 UTC,research,,https://www.inaturalist.org/observations/12320624,https://static.inaturalist.org/photos/17732991/medium.jpeg,,"Sticky nightshade, Swetrangani, Solanum sisymbriifolium, Plantae, Angiosperms, Eudicots, Asterids, Solanales, Solanaceae, Solanum, Durgapur","Sticky nightshade, Swetrangani, Solanum sisymbriifolium, Plantae, Angiosperms, Eudicots, Asterids, Solanales, Solanaceae, Solanum, Durgapur, Barddhaman, West Bengal, India, 09/05/18",1,0,false,,"Bijra, West Bengal 713206, India",23.5770469,87.3438429,1327,,,,1327,,,false,,,,Barddhaman,West Bengal,India,West Bengal,Barddhaman,Red Buffalo-bur,Solanum sisymbriifolium,Red Buffalo-bur,Plantae,79143
12322938,aefd9b57-5298-4a41-8599-e509255f60c4,2017-12-31 6:01:23 PM GMT+05:30,2017-12-31,2017-12-31 12:31:23 UTC,Chennai,934925,vishakha2,Vishakha Suvarna,2018-05-10 14:59:48 UTC,2018-09-05 11:46:45 UTC,casual,,https://www.inaturalist.org/observations/12322938,https://static.inaturalist.org/photos/17736948/medium.jpeg,,,,1,0,true,2,"Sector 23, Kharghar, Navi Mumbai, Maharashtra 410210, India",19.0576721562,73.0670746788,688,,,,688,,,false,gps,gps,,Raigarh,Maharashtra,India,Maharashtra,Raigarh,trailing daisy,Sphagneticola trilobata,trailing daisy,Plantae,246102
12326218,49a514cd-7f24-433c-98bf-65192323e436,2018/05/09 7:35 AM IST,2018-05-09,2018-05-09 04:35:00 UTC,Jerusalem,346436,rajibmaulick,Rajib Maulick,2018-05-10 16:56:00 UTC,2020-04-03 10:51:48 UTC,research,,https://www.inaturalist.org/observations/12326218,https://static.inaturalist.org/photos/17742560/medium.jpeg,,"Roundleaf Bindweed, Agracejo rastrero, Akhuparni, Musakarni, Evolvulus nummularius, Plantae, Angiosperms, Eudicots, Asterids, Solanales, Cresseae, Convolvulaceae, Evolvulus, Durgapur","Roundleaf Bindweed, Agracejo rastrero, Akhuparni, Musakarni, Evolvulus nummularius, Plantae, Angiosperms, Eudicots, Asterids, Solanales, Cresseae, Convolvulaceae, Evolvulus, Durgapur, Barddhaman, West Bengal, India, 09/05/18",1,0,false,,"Bijra, West Bengal 713206, India",23.5770469,87.3438429,1327,,,,1327,,,false,,,,Barddhaman,West Bengal,India,West Bengal,Barddhaman,Evolvulus nummularius,Evolvulus nummularius,Dwarf Morning Glory,Plantae,83417
12348591,ebb72850-7e4b-47b3-a33b-de446958508a,2018/05/09 7:18 AM IST,2018-05-09,2018-05-09 04:18:00 UTC,Jerusalem,346436,rajibmaulick,Rajib Maulick,2018-05-11 12:34:53 UTC,2018-05-11 15:33:04 UTC,research,,https://www.inaturalist.org/observations/12348591,https://static.inaturalist.org/photos/17782613/medium.jpeg,,"Sweet Broom Weed, Sweet Broom Wort, Bon Dhonya, Scoparia dulcis, Plantae, Angiosperms, Eudicots, Asterids, Lamiales, Plantaginaceae, Scoparia, Durgapur","Sweet Broom Weed, Sweet Broom Wort, Bon Dhonya, Scoparia dulcis, Plantae, Angiosperms, Eudicots, Asterids, Lamiales, Plantaginaceae, Scoparia, Durgapur, Barddhaman, West Bengal, India, 09/05/18",1,0,false,,"Bijra, West Bengal 713206, India",23.5770469,87.3438429,1327,,,,1327,,,false,,,,Barddhaman,West Bengal,India,West Bengal,Barddhaman,licorice weed,Scoparia dulcis,licorice weed,Plantae,317963
12369867,31e7f4d8-61a0-4043-9061-93031be38b1b,2018-05-11 11:39:02 AM IST,2018-05-11,2018-05-11 08:39:02 UTC,Jerusalem,955144,nuthan,Nuthan Ramesh,2018-05-12 02:24:40 UTC,2018-05-22 04:42:14 UTC,research,,https://www.inaturalist.org/observations/12369867,https://static.inaturalist.org/photos/17820926/medium.jpeg,,,,1,0,false,2,"Manasa Gangothiri, Mysuru, Karnataka 570006, India",12.3113728289,76.6221720725,172,,,,172,,,false,gps,gps,,Mysore,Karnataka,India,Karnataka,Mysore,puncture vine,Tribulus terrestris,puncture vine,Plantae,64238
12374494,ccd9e109-9b89-4bbf-83d1-aa2d6eb2b403,2018-05-12 9:26:09 am GMT+05:30,2018-05-12,2018-05-12 03:56:09 UTC,Chennai,956687,sunreetabhattacharya,Sunreeta Bhattacharya,2018-05-12 08:47:58 UTC,2018-05-12 08:49:14 UTC,casual,,https://www.inaturalist.org/observations/12374494,https://static.inaturalist.org/photos/17829295/medium.jpg,,,"I took this picture because it reminded me of a Monet frame, but i spotted a name tag to this curious berry tree, which fills the air with a ripe aroma of jackfruit. The little calabur berries are edible I learnt.",0,0,true,2,"Rajiv Gandhi Nagar, Kodigehalli, Bengaluru, Karnataka, India",13.0711517334,77.5800170898,,,,,,,,false,gps,gps,,Bangalore,Karnataka,India,Karnataka,Bangalore,calabur tree,Muntingia calabura,calabur tree,Plantae,165586
12377282,0dd013d0-5745-467f-90fa-101cbbd4fed7,2018-05-12 6:10:00 PM GMT+05:30,2018-05-12,2018-05-12 12:40:00 UTC,Chennai,604203,munazza,Munazza Mirkar,2018-05-12 12:45:28 UTC,2020-09-06 17:59:14 UTC,research,,https://www.inaturalist.org/observations/12377282,https://static.inaturalist.org/photos/17834117/medium.jpg,,,,2,0,false,2,"Tahsildar Office, Teli Aali, Rajiwada, Ratnagiri, Maharashtra 415612, India",16.9901312597,73.2959277928,3669,,,,3669,,,false,gps,gps,,Ratnagiri,Maharashtra,India,Maharashtra,Ratnagiri,Marvel of Peru,Mirabilis jalapa,Marvel of Peru,Plantae,50616
12409417,f0ab9e1a-5fa3-4161-a69a-a05c41ed399a,2018-05-13 2:30:08 PM GMT+05:30,2018-05-13,2018-05-13 09:00:08 UTC,Chennai,864847,soumya_p,Soumya Patra,2018-05-13 09:32:57 UTC,2020-03-08 08:59:50 UTC,research,CC-BY-NC,https://www.inaturalist.org/observations/12409417,https://inaturalist-open-data.s3.amazonaws.com/photos/17889852/medium.jpeg,,,,1,0,false,2,"Jagatpur, West Bengal, India",23.0736356022,86.8424653262,8256,,,,8256,,,false,gps,gps,,Bankura,West Bengal,India,West Bengal,Bankura,Jatropha gossypiifolia,Jatropha gossypiifolia,Bellyache Bush,Plantae,119099
12418653,036a3781-b248-40a7-b858-5a18e5406b42,2018/05/09 6:45 AM IST,2018-05-09,2018-05-09 03:45:00 UTC,Jerusalem,346436,rajibmaulick,Rajib Maulick,2018-05-13 17:16:09 UTC,2023-12-31 17:54:46 UTC,research,,https://www.inaturalist.org/observations/12418653,https://static.inaturalist.org/photos/17905210/medium.jpeg,,"Ban Tulsi, Croton bonplandianus, Plantae, Angiosperms, Eudicots, Rosids, Malpighiales, Euphorbiaceae, Crotonoideae, Crotoneae, Croton, Durgapur","Ban Tulsi, Croton bonplandianus, Plantae, Angiosperms, Eudicots, Rosids, Malpighiales, Euphorbiaceae, Crotonoideae, Crotoneae, Croton, Durgapur, Barddhaman, west Bengal, India, 09/05/18",1,0,false,,"Vidyasagar Ave, B-Zone, Durgapur, West Bengal 713205, India",23.570138,87.3093789,232,,,,232,,,false,,,,Barddhaman,West Bengal,India,West Bengal,Barddhaman,Bonpland's croton,Croton bonplandianus,Bonpland's croton,Plantae,427405
12419592,7451314e-9d1f-4c26-aa26-e84da6b8d138,2018-05-11 11:39:12 AM IST,2018-05-11,2018-05-11 08:39:12 UTC,Jerusalem,955144,nuthan,Nuthan Ramesh,2018-05-13 17:43:07 UTC,2020-06-11 21:47:38 UTC,research,,https://www.inaturalist.org/observations/12419592,https://static.inaturalist.org/photos/17907079/medium.jpeg,,,,1,0,false,2,"Microbiology, Manasa Gangothiri, Mysuru, Karnataka 570006, India",12.3112886445,76.6220838949,86,,,,86,,open,false,gps,gps,,Mysore,Karnataka,India,Karnataka,Mysore,Sensitive Plant,Mimosa pudica,Sensitive Plant,Plantae,51921
12419729,be91796c-fe34-40de-a4ae-bafa95520c19,2018-04-10 9:27:45 PM IST,2018-04-10,2018-04-10 18:27:45 UTC,Jerusalem,955144,nuthan,Nuthan Ramesh,2018-05-13 17:46:46 UTC,2022-08-24 07:55:09 UTC,research,,https://www.inaturalist.org/observations/12419729,https://static.inaturalist.org/photos/17907924/medium.jpeg,,,,2,0,false,2,"Microbiology, Manasa Gangothiri, Mysuru, Karnataka 570006, India",12.3112873342,76.6220745072,43,,,,43,,,false,gps,gps,,Mysore,Karnataka,India,Karnataka,Mysore,Hierba del toro,Tridax procumbens,Tridax daisy,Plantae,169944
12451930,39024c70-d007-4c84-aec2-83a886fa588a,2018/05/08 8:37 AM IST,2018-05-08,2018-05-08 05:37:00 UTC,Jerusalem,346436,rajibmaulick,Rajib Maulick,2018-05-14 16:10:11 UTC,2018-09-11 22:48:19 UTC,research,,https://www.inaturalist.org/observations/12451930,https://static.inaturalist.org/photos/17962850/medium.jpeg,,"False Daisy, Trailing eclipta, Keshud, Bhringaraj, Eclipta prostrata, Plantae, Angiosperms, Eudicots, Asterids, Asterales, Asteraceae, Eclipta, Durgapur","False Daisy, Trailing eclipta, Keshud, Bhringaraj, Eclipta prostrata, Plantae, Angiosperms, Eudicots, Asterids, Asterales, Asteraceae, Eclipta, Durgapur, Barddhaman, West Bengal, India, 08/05/18",1,0,false,,"B-Zone, Durgapur, West Bengal, India",23.5676588,87.3165222,2987,,,,2987,,,false,,,,Barddhaman,West Bengal,India,West Bengal,Barddhaman,false daisy,Eclipta prostrata,false daisy,Plantae,76765
12454536,0f9f9839-81ec-4061-8e2b-db01d9f506d2,2018/05/08 8:26 AM IST,2018-05-08,2018-05-08 05:26:00 UTC,Jerusalem,346436,rajibmaulick,Rajib Maulick,2018-05-14 17:34:10 UTC,2018-12-03 04:07:25 UTC,research,,https://www.inaturalist.org/observations/12454536,https://static.inaturalist.org/photos/17967528/medium.jpeg,,"Purslane, Nunia Sag, Portulaca oleracea, Plantae, Angiosperms, Eudicots, Caryophyllales, Portulacaceae, Portulaca, Durgapur","Purslane, Nunia Sag, Portulaca oleracea, Plantae, Angiosperms, Eudicots, Caryophyllales, Portulacaceae, Portulaca, Durgapur, Barddhaman, West Bengal, India, 08/05/18",1,0,false,,"Bijra, West Bengal 713206, India",23.5770469,87.3438429,1327,,,,1327,,,false,,,,Barddhaman,West Bengal,India,West Bengal,Barddhaman,Common purslane,Portulaca oleracea,Common Purslane,Plantae,58991
12474302,4abc8278-4329-4058-b845-eb88c1aea055,2018-05-10 10:39:45 am IST,2018-05-10,2018-05-10 07:39:45 UTC,Jerusalem,747888,arkeshshenoy,Arkesh Shenoy,2018-05-15 07:01:22 UTC,2018-05-15 07:36:23 UTC,research,,https://www.inaturalist.org/observations/12474302,https://static.inaturalist.org/photos/18001178/medium.jpeg,,,,1,0,false,2,"Chinna Veerampattinam, Puducherry, India",11.8816051483,79.8199310303,,,,,,,,false,gps,gps,,Puducherry,Puducherry,India,Puducherry,Puducherry,Sensitive Plant,Mimosa pudica,Sensitive Plant,Plantae,51921
12474631,803846f3-c167-43e6-87c5-780e84e51987,2018/05/08 8:26 AM IST,2018-05-08,2018-05-08 05:26:00 UTC,Jerusalem,346436,rajibmaulick,Rajib Maulick,2018-05-15 07:40:22 UTC,2018-05-15 07:46:38 UTC,needs_id,,https://www.inaturalist.org/observations/12474631,https://static.inaturalist.org/photos/18001752/medium.jpeg,,"Globe Amaranth, Gomphrena celosioides, Plantae, Angiosperms, Eudicots, Core eudicots, Caryophyllales, Amaranthaceae, Gomphrena, Durgapur","Globe Amaranth, Gomphrena celosioides, Plantae, Angiosperms, Eudicots, Core eudicots, Caryophyllales, Amaranthaceae, Gomphrena, Durgapur, Barddhaman, West Bengal, India, 08/05/18",0,0,false,,"B-Zone, Durgapur, West Bengal, India",23.5676588,87.3165222,2987,,,,2987,,,false,,,,Barddhaman,West Bengal,India,West Bengal,Barddhaman,Prostrate Globe-Amaranth,Gomphrena celosioides,prostrate globe-amaranth,Plantae,569876
12474681,8952fe96-deb9-46a5-9b78-8cd5502a47d7,2018/05/08 8:25 AM IST,2018-05-08,2018-05-08 05:25:00 UTC,Jerusalem,346436,rajibmaulick,Rajib Maulick,2018-05-15 07:48:08 UTC,2018-06-03 20:57:49 UTC,research,,https://www.inaturalist.org/observations/12474681,https://static.inaturalist.org/photos/18001872/medium.jpeg,,"Malvastrum coromandelianum, Plantae, Malvales, Malvaceae, Malvoideae, Malveae, Malvastrum, Durgapur","Malvastrum coromandelianum, Plantae, Malvales, Malvaceae, Malvoideae, Malveae, Malvastrum, Durgapur, Barddhaman, West Bengal, India, 08/05/18",1,0,false,,"B-Zone, Durgapur, West Bengal, India",23.5676588,87.3165222,2987,,,,2987,,,false,,,,Barddhaman,West Bengal,India,West Bengal,Barddhaman,three-lobe false mallow,Malvastrum coromandelianum,three-lobe false mallow,Plantae,165115
12483704,13abd8c6-7a7e-4bac-9766-44f872a4a386,2018-05-15 7:04:02 PM IST,2018-05-15,2018-05-15 16:04:02 UTC,Jerusalem,740339,shyamphartyal,SHYAM PHARTYAL,2018-05-15 16:16:53 UTC,2023-07-06 20:30:49 UTC,research,CC-BY-NC,https://www.inaturalist.org/observations/12483704,https://inaturalist-open-data.s3.amazonaws.com/photos/18016850/medium.jpeg,,,,2,0,false,2,"Sangam Vihar Rd, Madhi Chauras, Maino, Uttarakhand 249161, India",30.2314281464,78.8046569824,,,,,,,,false,gps,gps,,Pauri Garhwal,Uttaranchal,India,Uttarakhand,Garhwal,Mexican prickly poppy,Argemone mexicana,Mexican prickly poppy,Plantae,128533
12534848,51ea6ea1-32e4-4c3d-a869-3d7aab165b5b,2018-05-17 8:55:18 am GMT+05:30,2018-05-17,2018-05-17 03:25:18 UTC,Chennai,935308,anirudhmittal,anirudh mittal,2018-05-17 03:30:23 UTC,2021-11-07 10:28:03 UTC,research,,https://www.inaturalist.org/observations/12534848,https://static.inaturalist.org/photos/18104652/medium.jpeg,,,,2,0,false,2,"673579, India",11.8227739334,76.0951461792,,,,,,,open,false,gps,gps,,Wayanad,Kerala,India,Kerala,Wayanad,Sensitive Plant,Mimosa pudica,Sensitive Plant,Plantae,51921
12539663,2d92bce5-58bf-4e0d-86c7-42d2dfca3745,2018-05-17 3:47:37 PM GMT+05:30,2018-05-17,2018-05-17 10:17:37 UTC,Chennai,864847,soumya_p,Soumya Patra,2018-05-17 10:37:25 UTC,2020-10-11 07:41:23 UTC,research,CC-BY-NC,https://www.inaturalist.org/observations/12539663,https://inaturalist-open-data.s3.amazonaws.com/photos/18112373/medium.jpeg,,,,2,0,false,2,"Bankura, IN-WB, IN",23.2985074617,87.1920481701,30724,,,,30724,obscured,,true,gps,manual,,Bankura,West Bengal,India,West Bengal,Bankura,Indian Heliotrope,Heliotropium indicum,Indian Heliotrope,Plantae,83492
12539711,b41dbec9-e057-434a-8f26-c88bd5a55113,2018-05-17 3:44:42 PM GMT+05:30,2018-05-17,2018-05-17 10:14:42 UTC,Chennai,864847,soumya_p,Soumya Patra,2018-05-17 10:43:07 UTC,2020-10-11 07:41:23 UTC,research,CC-BY-NC,https://www.inaturalist.org/observations/12539711,https://inaturalist-open-data.s3.amazonaws.com/photos/18112446/medium.jpeg,,,,1,0,false,2,"Bankura, IN-WB, IN",23.2653194367,87.1160154064,30724,,,,30724,obscured,,true,gps,manual,,Bankura,West Bengal,India,West Bengal,Bankura,Bushy Lippia,Lippia alba,Bushy Lippia,Plantae,223926
12539762,6b45224b-a493-4770-b837-8628e6f5a754,2018-05-17 3:46:47 PM GMT+05:30,2018-05-17,2018-05-17 10:16:47 UTC,Chennai,864847,soumya_p,Soumya Patra,2018-05-17 10:51:48 UTC,2023-12-31 14:52:06 UTC,research,CC-BY-NC,https://www.inaturalist.org/observations/12539762,https://inaturalist-open-data.s3.amazonaws.com/photos/18112554/medium.jpeg,,,,1,0,false,2,"Bankura, IN-WB, IN",23.3881326247,87.006232794,30724,,,,30724,obscured,,true,gps,manual,,Bankura,West Bengal,India,West Bengal,Bankura,Bonpland's croton,Croton bonplandianus,Bonpland's croton,Plantae,427405
12539959,51ccc0ad-72fe-4862-9370-c8e1ed0c059e,2018-05-17 3:44:59 PM GMT+05:30,2018-05-17,2018-05-17 10:14:59 UTC,Chennai,864847,soumya_p,Soumya Patra,2018-05-17 11:15:32 UTC,2020-10-11 07:41:23 UTC,research,CC-BY-NC,https://www.inaturalist.org/observations/12539959,https://inaturalist-open-data.s3.amazonaws.com/photos/18112927/medium.jpeg,,,,1,0,false,2,"Bankura, IN-WB, IN",23.3860741497,87.001565178,30724,,,,30724,obscured,open,true,gps,manual,,Bankura,West Bengal,India,West Bengal,Bankura,false daisy,Eclipta prostrata,false daisy,Plantae,76765
12600774,1ff59cc3-4321-4ec3-9607-4dbca7c3b224,Sat May 19 2018 17:21:02 GMT+0530 (GMT+5:30),2018-05-19,2018-05-19 11:51:02 UTC,Chennai,868037,outofurimagination,,2018-05-19 11:52:04 UTC,2019-11-07 12:55:14 UTC,research,,https://www.inaturalist.org/observations/12600774,https://static.inaturalist.org/photos/18216574/medium.jpg,,,,1,0,false,3,"Chamoli, Gopeshwar, Uttarakhand, IN",30.4136518808,79.3175859378,30,,,,30,,,false,,,,Chamoli,Uttaranchal,India,Uttarakhand,Chamoli,sticky snakeroot,Ageratina adenophora,Crofton Weed,Plantae,64114
12602260,cf84e121-6e27-4a12-938e-47471122b4db,2018-05-19 6:14:38 PM GMT+05:30,2018-05-19,2018-05-19 12:44:38 UTC,Chennai,971877,ranjeet,Ranjeet Mahtani,2018-05-19 13:31:08 UTC,2019-07-16 13:02:57 UTC,research,,https://www.inaturalist.org/observations/12602260,https://static.inaturalist.org/photos/18219148/medium.jpeg,,,,2,0,false,2,"11A, Carmichael Rd, Haji Ali, Malviya Nagar, Tardeo, Mumbai, Maharashtra 400026, India",18.97598011,72.80982594,6,,,,6,,open,false,,,,Greater Bombay,Maharashtra,India,Maharashtra,Mumbai City,yellow trumpet flower,Tecoma stans,yellow trumpet flower,Plantae,48363
12634669,cb92d4fd-1b6e-4500-8ad5-2f2455c64ad1,2016-11-25 18:13:49,2016-11-25,2016-11-26 04:13:49 UTC,Hawaii,11318,satishnikam,Satish Nikam,2018-05-20 11:11:51 UTC,2024-10-17 21:22:28 UTC,research,CC-BY-NC,https://www.inaturalist.org/observations/12634669,https://inaturalist-open-data.s3.amazonaws.com/photos/18275796/medium.jpg,,,,2,0,false,,Kurvande ,18.701228,73.388553,7623,,,,7623,,,false,,,,Raigarh,Maharashtra,India,Maharashtra,Raigarh,creeping woodsorrel,Oxalis corniculata,Creeping Woodsorrel,Plantae,53168
12673495,d3c51724-b213-4cbf-8dcf-c490a6163eb4,Mon May 21 2018 17:37:38 GMT+0530 (GMT+5:30),2018-05-21,2018-05-21 12:07:38 UTC,Chennai,100735,chandan,Chandan Pandey,2018-05-21 12:08:07 UTC,2019-07-23 11:56:32 UTC,research,,https://www.inaturalist.org/observations/12673495,https://static.inaturalist.org/photos/18342822/medium.jpg,,,,2,0,false,3,"Janta Road, Jamshedpur, Jharkhand, IN",22.830378036,86.224205168,5,,,,5,,,false,,,,Purba Singhbhum,Jharkhand,India,Jharkhand,Purbi Singhbhum,castor bean,Ricinus communis,castor bean,Plantae,56739
12673557,a680f982-27bd-407c-a0bd-fc79b83cd661,Mon May 21 2018 17:40:29 GMT+0530 (GMT+5:30),2018-05-21,2018-05-21 12:10:29 UTC,Chennai,100735,chandan,Chandan Pandey,2018-05-21 12:10:53 UTC,2020-05-02 14:44:19 UTC,research,,https://www.inaturalist.org/observations/12673557,https://static.inaturalist.org/photos/18342893/medium.jpg,,,,3,0,false,3,"Janta Road, Jamshedpur, Jharkhand, IN",22.8302903613,86.223658165,10,,,,10,,,false,,,,Purba Singhbhum,Jharkhand,India,Jharkhand,Purbi Singhbhum,Candlebush,Senna alata,Candelabra Bush,Plantae,81515
12709227,8d5beadb-cfd6-4e30-a2ce-19b5910e6a96,2018/05/09 8:44 AM IST,2018-05-09,2018-05-09 05:44:00 UTC,Jerusalem,346436,rajibmaulick,Rajib Maulick,2018-05-22 15:24:07 UTC,2020-12-29 02:31:51 UTC,research,,https://www.inaturalist.org/observations/12709227,https://static.inaturalist.org/photos/18402883/medium.jpeg,,"Potpoti, minnieroot, fever root, snapdragon root, sheep potato, Ruellia tuberosa, Plantae, Angiosperms, Eudicots, Asterids, Lamiales, Acanthaceae, Ruellia, Durgapur","Potpoti, minnieroot, fever root, snapdragon root, sheep potato, Ruellia tuberosa, Plantae, Angiosperms, Eudicots, Asterids, Lamiales, Acanthaceae, Ruellia, Durgapur, B-Zone, Barddhaman, West Bengal, 09/05/18",1,0,false,,"Vidyasagar Ave, B-Zone, Durgapur, West Bengal 713205, India",23.570138,87.3093789,232,,,,232,,,false,,,,Barddhaman,West Bengal,India,West Bengal,Barddhaman,塊根蘆利草,Ruellia tuberosa,popping pod,Plantae,291119
12756749,90264b78-be08-4d6a-8f4e-e676f0fac66d,2018-05-24 6:47:54 AM GMT+05:30,2018-05-24,2018-05-24 01:17:54 UTC,Chennai,744298,sreeja,Sreeja Rachaveelpula,2018-05-24 01:18:45 UTC,2020-06-25 02:41:50 UTC,research,,https://www.inaturalist.org/observations/12756749,https://static.inaturalist.org/photos/18483960/medium.jpeg,,,,2,0,false,2,"Sahara Rd Number 3, Sahara Estate, Mansoorabad, Hyderabad, Telangana 500070, India",17.3495366667,78.5696933333,7,,,,7,,,false,,,,Rangareddi,Telangana,India,Telangana,Ranga Reddy,Popping Pod,Ruellia tuberosa,popping pod,Plantae,291119
12761960,2e4836fc-592f-4757-9de5-b54a46458508,2018/04/11 6:43 AM IST,2018-04-11,2018-04-11 03:43:00 UTC,Jerusalem,346436,rajibmaulick,Rajib Maulick,2018-05-24 05:11:12 UTC,2019-07-25 17:26:25 UTC,research,,https://www.inaturalist.org/observations/12761960,https://static.inaturalist.org/photos/18492825/medium.jpeg,,"Bon tamak, Nicotiana plumbaginifolia, Plantae, Angiosperms, Eudicots, Asterids, Solanales, Solanaceae, Nicotiana, Durgapur","Bon tamak, Nicotiana plumbaginifolia, Plantae, Angiosperms, Eudicots, Asterids, Solanales, Solanaceae, Nicotiana, Durgapur, Barddhaman, West Bengal, India, 11/04/18",1,0,false,,"B-Zone, Durgapur, West Bengal, India",23.5676588,87.3165222,2987,,,,2987,,,false,,,,Barddhaman,West Bengal,India,West Bengal,Barddhaman,Tex-Mex tobacco,Nicotiana plumbaginifolia,Tex-Mex tobacco,Plantae,165705
12795667,01f61384-e932-417a-9689-6c1bdd7243d4,2018/05/25 8:50 AM IST,2018-05-25,2018-05-25 05:50:00 UTC,Jerusalem,346436,rajibmaulick,Rajib Maulick,2018-05-25 12:12:09 UTC,2019-04-16 09:33:17 UTC,research,,https://www.inaturalist.org/observations/12795667,https://static.inaturalist.org/photos/18552000/medium.jpeg,,"Siam weed, Assam lata, Chromolaena odorata, Plantae, Angiosperms, Eudicots, Asterids, Asterales, Asteraceae, Chromolaena, Durgapur","Siam weed, Assam lata, Chromolaena odorata, Plantae, Angiosperms, Eudicots, Asterids, Asterales, Asteraceae, Chromolaena, Durgapur/25/05/18",2,0,false,,"Deul Road, Bistupur, West Bengal 713212, India",23.6131735,87.440435,203,,,,203,,,false,,,,Barddhaman,West Bengal,India,West Bengal,Barddhaman,Chromolaena odorata,Chromolaena odorata,Siam weed,Plantae,199400
12800928,a037ee61-888e-4bc3-b942-936a969a5313,2018/05/25 10:03 AM IST,2018-05-25,2018-05-25 07:03:00 UTC,Jerusalem,346436,rajibmaulick,Rajib Maulick,2018-05-25 15:55:49 UTC,2018-05-26 14:55:21 UTC,research,,https://www.inaturalist.org/observations/12800928,https://static.inaturalist.org/photos/18560610/medium.jpeg,,"Wild Tamarind, Subabul, Leucaena leucocephala, Plantae, Angiosperms, Eudicots, Rosids, Fabales, Fabaceae, Caesalpinioideae, Mimosoid clade, Leucaena, Durgapur","Wild Tamarind, Subabul, Leucaena leucocephala, Plantae, Angiosperms, Eudicots, Rosids, Fabales, Fabaceae, Caesalpinioideae, Mimosoid clade, Leucaena, Durgapur, Barddhaman, West Bengal, India, 25/05/18",1,0,false,,"Deul Road, Bistupur, West Bengal 713212, India",23.6131735,87.440435,203,,,,203,,,false,,,,Barddhaman,West Bengal,India,West Bengal,Barddhaman,White leadtree,Leucaena leucocephala,White leadtree,Plantae,47447
12824974,3379b9f6-25a4-4d0a-a3da-f5decf181880,2018/05/25 8:05 AM IST,2018-05-25,2018-05-25 05:05:00 UTC,Jerusalem,346436,rajibmaulick,Rajib Maulick,2018-05-26 13:39:50 UTC,2019-03-21 13:02:33 UTC,research,,https://www.inaturalist.org/observations/12824974,https://static.inaturalist.org/photos/18602766/medium.jpeg,,"Bellyache Bush, Cotton-leaf physic nut, Plantae, Angiosperms, Eudicots, Rosids, Malpighiales, Euphorbiaceae, Jatropha, Durgapur, Jatropha gossypifolia, Lal Bheranda","Bellyache Bush, Cotton-leaf physic nut, Lal bheranda, Jatropha gossypifolia, Plantae, Angiosperms, Eudicots, Rosids, Malpighiales, Euphorbiaceae, Jatropha, Durgapur, Barddhaman, West Bengal, India, 25/05/18",1,0,false,,"Deul Road, Bistupur, West Bengal 713212, India",23.6131735,87.440435,203,,,,203,,,false,,,,Barddhaman,West Bengal,India,West Bengal,Barddhaman,Bellyache Bush,Jatropha gossypiifolia,Bellyache Bush,Plantae,119099
12883083,cc1d745e-d1fe-4a13-ad62-e02277b6920d,2018-05-27 4:48:34 PM IST,2018-05-27,2018-05-27 13:48:34 UTC,Jerusalem,579708,ravinaidu,Ravi Naidu,2018-05-28 04:15:40 UTC,2024-10-19 03:33:57 UTC,research,CC-BY-NC,https://www.inaturalist.org/observations/12883083,https://inaturalist-open-data.s3.amazonaws.com/photos/18704122/medium.jpeg,,,,1,0,false,2,"School Gali, Jagdalpur, Chhattisgarh 494001, India",19.0663203004,82.0397029576,12,,,,12,,,false,,,,Bastar,Chhattisgarh,India,Chhattisgarh,Bastar,Santa Maria feverfew,Parthenium hysterophorus,Santa Maria feverfew,Plantae,126424
12890536,c83491db-4cef-4f02-9608-fdd0f8d464c4,2018-05-27 1:51:43 PM GMT+05:30,2018-05-27,2018-05-27 08:21:43 UTC,Chennai,991348,hemanth,Hemanth MV,2018-05-28 13:50:27 UTC,2019-11-08 00:45:48 UTC,casual,,https://www.inaturalist.org/observations/12890536,https://static.inaturalist.org/photos/18717123/medium.jpg,,,Its a medicinal plant.,1,0,true,2,"Nadupalli, Karnataka 563103, India",13.1227779388,78.173614502,,,,,,,,false,gps,gps,,Kolar,Karnataka,India,Karnataka,Kolar,Air Plant,Kalanchoe pinnata,Air Plant,Plantae,164333
12918252,b68ab1f9-2213-4b39-80fb-5653043386db,Tue May 29 2018 10:31:17 GMT+0530 (GMT+5:30),2018-05-29,2018-05-29 05:01:17 UTC,Chennai,993476,namanpareek,Naman Pareek,2018-05-29 05:03:40 UTC,2019-07-26 17:23:48 UTC,research,,https://www.inaturalist.org/observations/12918252,https://static.inaturalist.org/photos/18765818/medium.jpg,,,,3,0,false,3,"Jansath, , Uttar Pradesh, IN",29.486301248,77.9895539303,10,,,,10,,,false,,,,Bijnor,Uttar Pradesh,India,Uttar Pradesh,Bijnor,hemp,Cannabis sativa,Cannabis,Plantae,75997
12918267,26038e1e-f9bb-4c11-b0f6-c595b35887ae,Tue May 29 2018 10:31:50 GMT+0530 (GMT+5:30),2018-05-29,2018-05-29 05:01:50 UTC,Chennai,993476,namanpareek,Naman Pareek,2018-05-29 05:04:30 UTC,2019-07-26 17:23:49 UTC,research,,https://www.inaturalist.org/observations/12918267,https://static.inaturalist.org/photos/18765831/medium.jpg,,,,3,0,false,3,"Jansath, , Uttar Pradesh, IN",29.4862740906,77.9897183833,5,,,,5,,,false,,,,Bijnor,Uttar Pradesh,India,Uttar Pradesh,Bijnor,hemp,Cannabis sativa,Cannabis,Plantae,75997
12927579,8aa7198d-5f91-4875-b5be-bdb087064fd3,2018/05/22 3:03 PM IST,2018-05-22,2018-05-22 12:03:00 UTC,Jerusalem,346436,rajibmaulick,Rajib Maulick,2018-05-29 16:26:18 UTC,2018-06-03 22:00:58 UTC,research,,https://www.inaturalist.org/observations/12927579,https://static.inaturalist.org/photos/18782853/medium.jpg,,"Malvastrum coromandelianum, Plantae, Malvales, Malvaceae, Malvoideae, Malveae, Malvastrum, Durgapur","Malvastrum coromandelianum, Plantae, Malvales, Malvaceae, Malvoideae, Malveae, Malvastrum, Durgapur, Barddhaman, West Bengal, India, 22/05/18",1,0,false,,"Industrial Area, Durgapur, West Bengal, India",23.54555175,87.2559362778,,,,,,,,false,,,,Barddhaman,West Bengal,India,West Bengal,Barddhaman,three-lobe false mallow,Malvastrum coromandelianum,three-lobe false mallow,Plantae,165115
12949839,abc9cfa3-dc66-437b-ae86-c2e65c9291d0,2018-05-27 9:39:52 AM IST,2018-05-27,2018-05-27 06:39:52 UTC,Jerusalem,995417,indukrishnakumar,Indu Krishnakumar,2018-05-30 11:55:37 UTC,2019-07-23 11:56:31 UTC,research,,https://www.inaturalist.org/observations/12949839,https://static.inaturalist.org/photos/18822384/medium.jpeg,,,,3,0,false,2,"5th Main Rd, Royal County, 1st Phase, Gottigere, Bengaluru, Karnataka 560083, India",12.8598814011,77.5773086548,,,,,,,,false,gps,gps,,Bangalore,Karnataka,India,Karnataka,Bangalore,castor bean,Ricinus communis,castor bean,Plantae,56739
12949846,e2fe002e-fb9f-4ad6-ba55-113bddeb13a5,2018-05-27 9:23:12 AM IST,2018-05-27,2018-05-27 06:23:12 UTC,Jerusalem,995417,indukrishnakumar,Indu Krishnakumar,2018-05-30 11:56:11 UTC,2018-06-25 08:51:43 UTC,research,,https://www.inaturalist.org/observations/12949846,https://static.inaturalist.org/photos/18872139/medium.jpeg,,,,2,0,false,2,"5th Main Rd, Royal County, 1st Phase, Gottigere, Bengaluru, Karnataka 560083, India",12.8596992493,77.5777435303,,,,,,,,false,gps,gps,,Bangalore,Karnataka,India,Karnataka,Bangalore,stinking passionflower,Passiflora foetida,stinking passionflower,Plantae,51448
12955636,6f567fca-cc01-4cad-90c0-5fcc3e887b75,2010/07/15 5:50 AM HST,2010-07-15,2010-07-15 15:50:00 UTC,Hawaii,521220,drbh2o,Matt,2018-05-30 15:51:41 UTC,2023-07-06 21:22:30 UTC,research,CC-BY-NC,https://www.inaturalist.org/observations/12955636,https://inaturalist-open-data.s3.amazonaws.com/photos/18832179/medium.jpg,,,,1,0,false,,"Jeemanagalam, Hosur, TamilNadu, Tamil Nadu 635103, India",12.8015695,77.8563792,209,,,,209,,,false,,,,Krishnagiri,Tamil Nadu,India,Tamil Nadu,Krishnagiri,Sensitive Plant,Mimosa pudica,Sensitive Plant,Plantae,51921
12978253,46912eb9-635e-42a9-ab97-e877140dcd25,2018-05-27 9:11:30 AM IST,2018-05-27,2018-05-27 06:11:30 UTC,Jerusalem,995417,indukrishnakumar,Indu Krishnakumar,2018-05-31 10:54:02 UTC,2019-07-18 09:44:47 UTC,research,,https://www.inaturalist.org/observations/12978253,https://static.inaturalist.org/photos/18872150/medium.jpeg,,,,2,0,false,2,"2nd St Rd, Royal County, 1st Phase, Gottigere, Bengaluru, Karnataka 560083, India",12.8597126007,77.5762863159,,,,,,,,false,gps,gps,,Bangalore,Karnataka,India,Karnataka,Bangalore,common lantana,Lantana camara,common lantana,Plantae,50333
12990603,219762fd-dd5a-4592-aa5c-9200e245e707,Sat Jan 27 2018 10:47:34 GMT+0530 (GMT+5:30),2018-01-27,2018-01-27 05:17:34 UTC,Chennai,998326,nikhil9,Nikhil Labhsetwar,2018-05-31 20:09:33 UTC,2020-07-02 01:29:59 UTC,research,,https://www.inaturalist.org/observations/12990603,https://static.inaturalist.org/photos/18893834/medium.jpg,,,,2,0,false,3,"Malattaru River, Gudiyattam, Tamil Nadu, IN",12.945275,78.6623916667,5,,,,5,,,false,,,,Vellore,Tamil Nadu,India,Tamil Nadu,Vellore,薊罌粟,Argemone mexicana,Mexican prickly poppy,Plantae,128533
13005924,4ff55a12-8da8-49dc-abc4-4516b6d7fc69,Fri Jun 01 2018 13:47:28 GMT+0530 (GMT+5:30),2018-06-01,2018-06-01 08:17:28 UTC,Chennai,922244,srinivasbalachander,Srinivas Balachander,2018-06-01 08:17:33 UTC,2018-09-05 11:48:33 UTC,casual,,https://www.inaturalist.org/observations/13005924,https://static.inaturalist.org/photos/18920571/medium.jpg,,,,1,0,true,3,"Bangalore, IN-KA, IN",12.9389069695,77.594298916,30,,,,30,,,false,,,,Bangalore,Karnataka,India,Karnataka,Bangalore,trailing daisy,Sphagneticola trilobata,trailing daisy,Plantae,246102
13007506,f7629136-c80a-4b81-a59b-0a5b709728c9,Fri Jun 01 2018 16:36:58 GMT+0500 (GMT+5),2018-06-01,2018-06-01 11:36:58 UTC,Ekaterinburg,824739,drmuhammadnaeemkhawaja,Dr. Muhammad Naeem Khawaja,2018-06-01 11:37:20 UTC,2018-10-22 03:31:58 UTC,research,,https://www.inaturalist.org/observations/13007506,https://static.inaturalist.org/photos/18967311/medium.jpg,,,,2,0,false,3,", , , ",34.358882024,73.4884249885,5,,,,5,,,false,,,,Azad Kashmir,Azad Kashmir,Pakistan,Azad Kashmir,Azad Kashmir,Paper mulberry,Broussonetia papyrifera,Paper mulberry,Plantae,128032
13037516,ff82f076-998e-473d-8818-6d3f69ea77f5,2018/05/28 11:09 AM IST,2018-05-28,2018-05-28 08:09:00 UTC,Jerusalem,346436,rajibmaulick,Rajib Maulick,2018-06-02 13:43:35 UTC,2020-12-23 15:07:01 UTC,research,,https://www.inaturalist.org/observations/13037516,https://static.inaturalist.org/photos/18975738/medium.jpeg,,"Sweet Broom Weed, Sweet Broom Wort, Bon Dhonya, Scoparia dulcis, Plantae, Angiosperms, Eudicots, Asterids, Lamiales, Plantaginaceae, Scoparia, Durgapur","Sweet Broom Weed, Sweet Broom Wort, Bon Dhonya, Scoparia dulcis, Plantae, Angiosperms, Eudicots, Asterids, Lamiales, Plantaginaceae, Scoparia, Durgapur, Barddhaman, West Bengal, India, 28/05/18",1,0,false,,"B-Zone, Durgapur, West Bengal, India",23.5676588,87.3165222,2987,,,,2987,,,false,,,,Barddhaman,West Bengal,India,West Bengal,Barddhaman,licorice weed,Scoparia dulcis,licorice weed,Plantae,317963
13132830,204aa153-9184-4fc4-9d95-749a2153ac37,Tue Jun 05 2018 08:33:25 GMT+0530 (GMT+5:30),2018-06-05,2018-06-05 03:03:25 UTC,Chennai,999822,sukhminder,,2018-06-05 03:04:21 UTC,2018-06-05 03:04:35 UTC,needs_id,,https://www.inaturalist.org/observations/13132830,https://static.inaturalist.org/photos/19150075/medium.jpg,,,,0,0,false,3,"Loca Aam Bagan Railway Colony, Bardhaman, West Bengal, IN",23.2443482476,87.8698355333,5,,,,5,,,false,,,,Barddhaman,West Bengal,India,West Bengal,Barddhaman,,Robinia pseudoacacia,black locust,Plantae,56088
13136629,974821d4-ccd8-4afa-a05e-ae31e4d527b1,Thu May 31 2018 15:59:45 GMT+0530 (GMT+5:30),2018-05-31,2018-05-31 10:29:45 UTC,Chennai,1007806,dinesh_kumar_anandan,,2018-06-05 07:01:27 UTC,2019-11-27 21:49:32 UTC,casual,,https://www.inaturalist.org/observations/13136629,https://static.inaturalist.org/photos/19157402/medium.jpg,,,,1,0,true,3,"Salem, Ayothiapattinam, Tamil Nadu, IN",11.669055,78.2325966667,,,,,,,,false,,,,Salem,Tamil Nadu,India,Tamil Nadu,Salem,Heart of Jesus,Caladium bicolor,Heart of Jesus,Plantae,283377
13178509,99aa3e85-3558-48e8-a0f5-298a6b6d6be9,2018/06/03 9:26 AM IST,2018-06-03,2018-06-03 06:26:00 UTC,Jerusalem,346436,rajibmaulick,Rajib Maulick,2018-06-06 16:47:48 UTC,2018-06-06 16:50:21 UTC,needs_id,,https://www.inaturalist.org/observations/13178509,https://static.inaturalist.org/photos/19256194/medium.jpeg,,"Carpet grass, Axonopus compressus, Plantae, Angiosperms, Monocots, Commelinids, Poales, Poaceae, Axonopus, Durgapur","Carpet grass, Axonopus compressus, Plantae, Angiosperms, Monocots, Commelinids, Poales, Poaceae, Axonopus, Durgapur, Barddhaman, West Bengal, India, 03/06/18",0,0,false,,"Bistupur, West Bengal, India",23.593815,87.4256816667,,,,,,,,false,,,,Barddhaman,West Bengal,India,West Bengal,Barddhaman,Broadleaf Carpetgrass,Axonopus compressus,broadleaf carpetgrass,Plantae,159110
13208150,8b1e5d65-3a54-46f7-b712-bfcfcd85a80d,Thu Jun 07 2018 22:21:45 GMT+0530 (GMT+5:30),2018-06-07,2018-06-07 16:51:45 UTC,Chennai,875813,mvkeerthi,,2018-06-07 16:51:54 UTC,2019-08-09 07:08:58 UTC,casual,,https://www.inaturalist.org/observations/13208150,https://static.inaturalist.org/photos/19312573/medium.jpg,,,A lovely invitation for summer by mother Nature ,0,0,true,3,"ADS Marg, Mumbai, Maharashtra, IN",19.1181719912,72.9031233645,1,,,,1,,,false,,,,Greater Bombay,Maharashtra,India,Maharashtra,Mumbai Suburban,,Acacia dealbata,Silver wattle,Plantae,53343
13225627,98d7e38e-e71a-4c1b-8381-317bd824e70e,2018-06-08 1:29:15 PM IST,2018-06-08,2018-06-08 10:29:15 UTC,Jerusalem,1012587,akshitseth,Akshit Seth,2018-06-08 08:00:14 UTC,2020-04-25 02:31:03 UTC,casual,,https://www.inaturalist.org/observations/13225627,https://static.inaturalist.org/photos/19344057/medium.jpeg,,,Near palolem beach.,2,0,true,2,"South Goa, IN-GA, IN",15.0108333333,74.0276583333,8,,,,8,,,false,,,,South Goa,Goa,India,Goa,South Goa,Banderilla sudamericana,Caladium bicolor,Heart of Jesus,Plantae,283377
13254095,769af336-17e7-4da6-8285-b9a7c3445bfd,Sat Jun 09 2018 09:59:03 GMT+0530 (GMT+5:30),2018-06-09,2018-06-09 04:29:03 UTC,Chennai,936973,akilan,,2018-06-09 07:24:58 UTC,2019-11-07 02:38:36 UTC,research,,https://www.inaturalist.org/observations/13254095,https://static.inaturalist.org/photos/19395857/medium.jpg,,,,1,0,false,3,"Vibhutipura, Bengaluru South, Karnataka, IN",12.976931599,77.68960258,5,,,,5,,,false,,,,Bangalore,Karnataka,India,Karnataka,Bangalore,common water hyacinth,Pontederia crassipes,common water hyacinth,Plantae,962637
13255026,2e8df2ee-6048-4fac-949d-2c4f0efeadf1,2018-06-09 1:21:15 PM GMT+05:30,2018-06-09,2018-06-09 07:51:15 UTC,Chennai,1001007,susmitabera,Susmita Bera,2018-06-09 09:05:39 UTC,2018-06-09 09:10:33 UTC,needs_id,,https://www.inaturalist.org/observations/13255026,https://static.inaturalist.org/photos/19397386/medium.jpeg,,,Plant with yellow coloured flower,0,0,false,2,"Adampur, West Bengal 721148, India",22.55372,87.80906,10,,,,10,,,false,,,,West Midnapore,West Bengal,India,West Bengal,Pashchim Medinipur,sweet acacia,Vachellia farnesiana,Sweet acacia,Plantae,79472
13257067,031dd759-1edd-4b25-bf4e-f64fa5d17532,Sat Jun 09 2018 10:27:49 GMT+0530 (GMT+5:30),2018-06-09,2018-06-09 04:57:49 UTC,Chennai,936973,akilan,,2018-06-09 12:20:50 UTC,2018-06-12 15:29:18 UTC,needs_id,,https://www.inaturalist.org/observations/13257067,https://static.inaturalist.org/photos/19401366/medium.jpg,,,,0,0,false,3,"Vishwajith Layout Road, Bengaluru South, Karnataka, IN",12.9755966667,77.68438,5,,,,5,,,false,,,,Bangalore,Karnataka,India,Karnataka,Bangalore,,Sida acuta,Spinyhead Sida,Plantae,168922
13294612,2a87601d-1cdc-4802-a560-1ca9c7ebf4b9,Sat Jun 09 2018 11:24:06 GMT+0530 (GMT+5:30),2018-06-09,2018-06-09 05:54:06 UTC,Chennai,936973,akilan,,2018-06-10 13:30:58 UTC,2024-10-11 12:57:07 UTC,research,,https://www.inaturalist.org/observations/13294612,https://static.inaturalist.org/photos/19467022/medium.jpg,,,,1,0,false,3,"Karnataka, IN",12.9589945127,77.7784021154,10,,,,31057,obscured,,true,,,,Bangalore,Karnataka,India,Karnataka,Bangalore,creeping woodsorrel,Oxalis corniculata,Creeping Woodsorrel,Plantae,53168
13296202,db10dad1-a2fa-4877-8b12-4bedef35c1c6,2018-06-10 7:46:33 am GMT+05:30,2018-06-10,2018-06-10 02:16:33 UTC,Chennai,951127,aniruddha_singhamahapatra,Aniruddha Singhamahapatra,2018-06-10 14:35:45 UTC,2020-05-02 14:44:58 UTC,research,CC-BY-NC,https://www.inaturalist.org/observations/13296202,https://static.inaturalist.org/photos/19470003/medium.jpeg,,,,1,0,false,2,"Unnamed Road, Kadma, West Bengal 722151, India",22.9883690162,87.0061866939,129,,,,129,,,false,gps,gps,,Bankura,West Bengal,India,West Bengal,Bankura,Sickle Senna,Senna tora,Sickle Senna,Plantae,168855
13299235,07f727e5-6dca-4f27-bbfb-5b386a2fd661,2018-06-10 2:39:27 PM GMT+05:30,2018-06-10,2018-06-10 09:09:27 UTC,Chennai,1001007,susmitabera,Susmita Bera,2018-06-10 15:54:48 UTC,2019-07-27 07:59:18 UTC,research,,https://www.inaturalist.org/observations/13299235,https://static.inaturalist.org/photos/19475173/medium.jpeg,,,Plant,2,0,false,2,"Bhatra, West Bengal, India",23.1483956244,86.9821074978,11271095,,,,11271095,,open,false,gps,gps,,Bankura,West Bengal,India,West Bengal,Bankura,false daisy,Eclipta prostrata,false daisy,Plantae,76765
13327064,52a61f93-8769-4193-aed8-5a0a3163beda,2018-06-11 11:00:41 AM GMT+05:30,2018-06-11,2018-06-11 05:30:41 UTC,Chennai,1001007,susmitabera,Susmita Bera,2018-06-11 07:33:35 UTC,2019-07-30 19:42:35 UTC,research,,https://www.inaturalist.org/observations/13327064,https://static.inaturalist.org/photos/19524713/medium.jpeg,,,Drought avoiding plants. First found in Mexico and now it can be found in many parts of world,1,0,false,2,"Babunpara, Faridpur, West Bengal 721148, India",22.5607677,87.8123717,2585,,,,2585,,,false,,,,West Midnapore,West Bengal,India,West Bengal,Pashchim Medinipur,Mexican prickly poppy,Argemone mexicana,Mexican prickly poppy,Plantae,128533
13327202,5e831e31-b3b7-455b-ba89-ffbb405978ad,2018-06-11 11:00:56 AM GMT+05:30,2018-06-11,2018-06-11 05:30:56 UTC,Chennai,1001007,susmitabera,Susmita Bera,2018-06-11 07:47:44 UTC,2021-08-28 12:37:34 UTC,research,,https://www.inaturalist.org/observations/13327202,https://static.inaturalist.org/photos/20062149/medium.jpeg,,,Parthenium,1,0,false,2,"Babunpara, Faridpur, West Bengal 721148, India",22.5607677,87.8123717,2585,,,,2585,,,false,,,,West Midnapore,West Bengal,India,West Bengal,Pashchim Medinipur,Santa Maria feverfew,Parthenium hysterophorus,Santa Maria feverfew,Plantae,126424
13328380,e8115202-f106-412d-9497-4bed4f3f30c1,2018-02-24 10:21:49 AM IST,2018-02-24,2018-02-24 08:21:49 UTC,Jerusalem,63135,suhelq,Suhel Quader,2018-06-11 10:17:51 UTC,2019-08-06 04:29:08 UTC,research,CC-BY,https://www.inaturalist.org/observations/13328380,https://inaturalist-open-data.s3.amazonaws.com/photos/19527406/medium.jpeg,,,,2,0,false,2,"Chittoor, IN-AP, IN",13.635928154,78.4507141113,,,,,,,,false,gps,gps,,Chittoor,Andhra Pradesh,India,Andhra Pradesh,Chittoor,Blackbead,Pithecellobium dulce,Madras thorn,Plantae,166920
13365177,889eebd2-8510-47e3-b439-3efca4cc1637,Sat Jun 09 2018 10:05:39 GMT+0530 (GMT+5:30),2018-06-09,2018-06-09 04:35:39 UTC,Chennai,936973,akilan,,2018-06-12 15:21:03 UTC,2020-12-04 19:09:08 UTC,research,,https://www.inaturalist.org/observations/13365177,https://static.inaturalist.org/photos/19593386/medium.jpg,,,,2,0,false,3,"4th Cross Road, Bengaluru South, Karnataka, IN",12.9747616667,77.6916883333,5,,,,5,,,false,,,,Bangalore,Karnataka,India,Karnataka,Bangalore,Bush Morning Glory,Ipomoea carnea,Bush Morning Glory,Plantae,164081
13365490,9d183b73-5d89-442f-a9a2-0e8e69b385fb,Sat Jun 09 2018 09:36:19 GMT+0530 (GMT+5:30),2018-06-09,2018-06-09 04:06:19 UTC,Chennai,936973,akilan,,2018-06-12 15:31:15 UTC,2018-06-16 05:38:17 UTC,research,,https://www.inaturalist.org/observations/13365490,https://static.inaturalist.org/photos/19593765/medium.jpg,,,,1,0,false,3,"Vertur Kere, Bengaluru South, Karnataka, IN",12.9717466667,77.6867616667,5,,,,5,,,false,,,,Bangalore,Karnataka,India,Karnataka,Bangalore,Santa Maria feverfew,Parthenium hysterophorus,Santa Maria feverfew,Plantae,126424
13365649,61cba5a6-7e12-42b5-9cd6-faf1882d856f,Sat Jun 09 2018 09:34:40 GMT+0530 (GMT+5:30),2018-06-09,2018-06-09 04:04:40 UTC,Chennai,936973,akilan,,2018-06-12 15:39:58 UTC,2019-07-23 11:56:29 UTC,research,,https://www.inaturalist.org/observations/13365649,https://static.inaturalist.org/photos/19594138/medium.jpg,,,,2,0,false,3,"Vibhutipura, Bengaluru South, Karnataka, IN",12.9719366667,77.6876,5,,,,5,,,false,,,,Bangalore,Karnataka,India,Karnataka,Bangalore,castor bean,Ricinus communis,castor bean,Plantae,56739
13427117,0c2745f5-2360-46b4-88ef-a6eeaa1d50d5,2018-06-14 10:33:36 AM GMT+05:30,2018-06-14,2018-06-14 05:03:36 UTC,Chennai,1001007,susmitabera,Susmita Bera,2018-06-14 17:23:22 UTC,2019-11-09 07:50:57 UTC,research,,https://www.inaturalist.org/observations/13427117,https://static.inaturalist.org/photos/19701925/medium.jpeg,,,Sure that it is this species.....,2,0,false,2,"Babunpara, Faridpur, West Bengal 721148, India",22.5607087,87.8121903,2576,,,,2576,,,false,,,,West Midnapore,West Bengal,India,West Bengal,Pashchim Medinipur,紅葉痲瘋樹,Jatropha gossypiifolia,Bellyache Bush,Plantae,119099
13427130,358dee92-8893-410d-8dd7-88a2e93da053,2018-06-14 12:23:13 PM GMT+05:30,2018-06-14,2018-06-14 06:53:13 UTC,Chennai,1001007,susmitabera,Susmita Bera,2018-06-14 17:24:09 UTC,2022-06-21 21:52:26 UTC,research,,https://www.inaturalist.org/observations/13427130,https://static.inaturalist.org/photos/19702047/medium.jpeg,,,,3,1,false,2,"Babunpara, Faridpur, West Bengal 721148, India",22.5607087,87.8121903,2576,,,,2576,,,false,,,,West Midnapore,West Bengal,India,West Bengal,Pashchim Medinipur,metel devil's trumpet,Datura metel,metel devil's trumpet,Plantae,48602
13446226,e55cee90-e72f-4d53-a67b-3d4a8a5b8a68,2018-06-14 10:38:23 AM GMT+05:30,2018-06-14,2018-06-14 05:08:23 UTC,Chennai,1001007,susmitabera,Susmita Bera,2018-06-15 10:34:20 UTC,2018-06-16 06:13:39 UTC,research,,https://www.inaturalist.org/observations/13446226,https://static.inaturalist.org/photos/19736167/medium.jpeg,,,,1,0,false,2,"Adampur, West Bengal 721148, India",22.5537733333,87.80894,9,,,,9,,,false,,,,West Midnapore,West Bengal,India,West Bengal,Pashchim Medinipur,Sensitive Plant,Mimosa pudica,Sensitive Plant,Plantae,51921
13451128,ca96136d-48c9-4da2-94e7-c6a666c0333e,Fri Jun 15 2018 09:20:39 GMT+0530 (GMT+5:30),2018-06-15,2018-06-15 03:50:39 UTC,Chennai,1026497,charan79,,2018-06-15 15:00:44 UTC,2018-09-07 08:55:49 UTC,research,,https://www.inaturalist.org/observations/13451128,https://static.inaturalist.org/photos/19743965/medium.jpg,,,,2,0,false,3,"Madikeri, Madikeri, Karnataka, IN",12.4410090968,75.7178975736,5,,,,5,,,false,,,,Kodagu,Karnataka,India,Karnataka,Kodagu,trailing daisy,Sphagneticola trilobata,trailing daisy,Plantae,246102
13505228,28a866a2-160b-4b56-a7f1-a013d4a743fb,2018-06-17 8:10:30 AM GMT+05:30,2018-06-17,2018-06-17 02:40:30 UTC,Chennai,1001007,susmitabera,Susmita Bera,2018-06-17 03:28:43 UTC,2019-05-05 09:27:18 UTC,research,,https://www.inaturalist.org/observations/13505228,https://static.inaturalist.org/photos/19839206/medium.jpeg,,,,1,0,false,2,"Pashchim Medinipur, IN-WB, IN",22.560755,87.812184,2575,,,,2575,,,false,,,,West Midnapore,West Bengal,India,West Bengal,Pashchim Medinipur,White leadtree,Leucaena leucocephala,White leadtree,Plantae,47447
13540833,ba322fc0-94c0-4454-8fc2-15284301b233,2018-06-17 8:06:13 AM GMT+05:30,2018-06-17,2018-06-17 02:36:13 UTC,Chennai,1001007,susmitabera,Susmita Bera,2018-06-18 03:48:55 UTC,2018-06-21 12:44:52 UTC,needs_id,,https://www.inaturalist.org/observations/13540833,https://static.inaturalist.org/photos/19902841/medium.jpeg,,,,0,0,false,2,"Kokandi, West Bengal 712122, India",22.9083087021,87.5334097445,11271095,,,,11271095,,,false,gps,gps,,Hugli,West Bengal,India,West Bengal,Hugli,Alligator weed,Alternanthera philoxeroides,Alligatorweed,Plantae,75386
13540896,b39b2e5d-2941-4bc3-a82b-d8f5598f75d5,2018-06-15 4:02:38 PM IST,2018-06-15,2018-06-15 13:02:38 UTC,Jerusalem,617273,softy_smith,Prateek Smith Mandal,2018-06-18 03:51:00 UTC,2024-04-24 06:49:26 UTC,research,,https://www.inaturalist.org/observations/13540896,https://static.inaturalist.org/photos/19902893/medium.jpeg,,,,2,0,false,2,"494001, India",18.8444671631,81.982635498,,,,,,,,false,gps,gps,,Bastar,Chhattisgarh,India,Chhattisgarh,Bastar,Turkey Berry,Solanum torvum,Turkey Berry,Plantae,63694
13575842,c6175582-9202-4e85-8eaf-4afd741469ca,2018-06-18 4:20:23 PM GMT+05:30,2018-06-18,2018-06-18 10:50:23 UTC,Chennai,1001007,susmitabera,Susmita Bera,2018-06-19 08:27:09 UTC,2018-06-19 14:29:08 UTC,research,,https://www.inaturalist.org/observations/13575842,https://static.inaturalist.org/photos/19965785/medium.jpeg,,,,1,0,false,2,"Pashchim Medinipur, IN-WB, IN",22.5609466,87.8120918,2571,,,,2571,,,false,,,,West Midnapore,West Bengal,India,West Bengal,Pashchim Medinipur,water lettuce,Pistia stratiotes,water lettuce,Plantae,78589
13576183,1e3761f5-9e40-42e1-9a06-d73bea21185e,2018-06-19 2:38:11 PM IST,2018-06-19,2018-06-19 11:38:11 UTC,Jerusalem,1012587,akshitseth,Akshit Seth,2018-06-19 09:08:53 UTC,2019-07-18 09:44:47 UTC,research,,https://www.inaturalist.org/observations/13576183,https://static.inaturalist.org/photos/19966339/medium.jpeg,,,,2,0,false,2,"Thettu Road, Yerrabavivanka, Andhra Pradesh 517352, India",13.6393816667,78.452995,7,,,,7,,,false,,,,Chittoor,Andhra Pradesh,India,Andhra Pradesh,Chittoor,common lantana,Lantana camara,common lantana,Plantae,50333
13606962,a209728c-f712-4372-8ea9-576b434a6100,2018/06/11 7:37 AM IST,2018-06-11,2018-06-11 04:37:00 UTC,Jerusalem,346436,rajibmaulick,Rajib Maulick,2018-06-20 12:55:32 UTC,2018-06-21 00:04:40 UTC,research,,https://www.inaturalist.org/observations/13606962,https://static.inaturalist.org/photos/20020818/medium.jpeg,,"Asthma Weed, Common spurge, Cats hair, Barokarni, Euphorbia hirta, Plantae, Angiosperms, Eudicots, Rosids, Malpighiales, Euphorbiaceae, Euphorbieae, Euphorbiinae, Euphorbia, Durgapur","Asthma Weed, Common spurge, Cats hair, Barokarni, Euphorbia hirta, Plantae, Angiosperms, Eudicots, Rosids, Malpighiales, Euphorbiaceae, Euphorbieae, Euphorbiinae, Euphorbia, Durgapur, Barddhaman, West Bengal, India, 11/06/18",1,0,false,,"B-Zone, Durgapur, West Bengal, India",23.5676588,87.3165222,2987,,,,2987,,,false,,,,Barddhaman,West Bengal,India,West Bengal,Barddhaman,asthma plant,Euphorbia hirta,Asthma plant,Plantae,131560
13608095,53059f36-7b22-4dc5-b250-5c25b92e609a,2018-06-20 6:55:55 pm GMT+05:30,2018-06-20,2018-06-20 13:25:55 UTC,Chennai,617428,jenis,Jenis,2018-06-20 13:58:46 UTC,2018-06-25 13:56:24 UTC,research,,https://www.inaturalist.org/observations/13608095,https://static.inaturalist.org/photos/20022907/medium.jpeg,,,,2,0,false,2,"Vignana Kendra, Bengaluru, Karnataka, India",13.0785131454,77.5768051147,,,,,,,,false,gps,gps,,Bangalore,Karnataka,India,Karnataka,Bangalore,stinking passionflower,Passiflora foetida,stinking passionflower,Plantae,51448
13610778,6c90afe7-a4ba-4562-ad32-9b4932dccbab,Tue Jun 19 2018 14:56:10 GMT+0530 (GMT+5:30),2018-06-19,2018-06-19 09:26:10 UTC,Chennai,1036295,ritwik,,2018-06-20 15:45:47 UTC,2021-05-20 02:03:29 UTC,research,,https://www.inaturalist.org/observations/13610778,https://static.inaturalist.org/photos/20027749/medium.jpg,,,,2,0,false,3,"NH12A, , Chhattisgarh, IN",21.6748716667,81.573745,5,,,,5,,,false,,,,Bemetara,Chhattisgarh,India,Chhattisgarh,Bemetara,紅葉痲瘋樹,Jatropha gossypiifolia,Bellyache Bush,Plantae,119099
13661884,e371090b-0e6f-4a34-a262-db5368ec961e,2018-06-21 11:06:21 PM GMT+05:30,2018-06-21,2018-06-21 17:36:21 UTC,Chennai,1001007,susmitabera,Susmita Bera,2018-06-22 07:34:12 UTC,2019-11-07 02:38:37 UTC,research,,https://www.inaturalist.org/observations/13661884,https://static.inaturalist.org/photos/20116803/medium.jpeg,,,,1,0,false,2,"Pashchim Medinipur, IN-WB, IN",22.5614508,87.789496,2946,,,,2946,,,false,,,,West Midnapore,West Bengal,India,West Bengal,Pashchim Medinipur,common water hyacinth,Pontederia crassipes,common water hyacinth,Plantae,962637
13693793,e1d15f79-a3bb-4db1-805b-09105af522c1,2018-06-22,2018-06-22,,New Delhi,63135,suhelq,Suhel Quader,2018-06-23 08:22:41 UTC,2021-10-06 16:25:05 UTC,research,CC-BY,https://www.inaturalist.org/observations/13693793,https://inaturalist-open-data.s3.amazonaws.com/photos/20171922/medium.jpeg,,,,2,0,false,2,"Mehu Wala Mafi, Uttarakhand, India",30.2852783203,77.9738922119,,,,,,,open,false,gps,gps,,Dehra Dun,Uttaranchal,India,Uttarakhand,Dehradun,Paper mulberry,Broussonetia papyrifera,Paper mulberry,Plantae,128032
13693874,8fbe2f52-8f95-4008-a0cb-62d1e97c5f14,Thu Jun 14 2018 15:26:40 GMT+0530 (GMT+5:30),2018-06-14,2018-06-14 09:56:40 UTC,Chennai,822402,as4075,,2018-06-23 08:26:26 UTC,2020-12-26 13:03:43 UTC,research,,https://www.inaturalist.org/observations/13693874,https://static.inaturalist.org/photos/20171985/medium.jpg,,,,2,0,false,3,"250645, , Uttar Pradesh, IN",29.1104055,77.4293283333,10,,,,10,,,false,,,,Baghpat,Uttar Pradesh,India,Uttar Pradesh,Baghpat,猩猩草,Euphorbia cyathophora,painted leaf,Plantae,77109
13796061,4acbf288-7bd9-461c-9706-a81ef0d0e200,2018-06-17 12:25:50 PM GMT+05:30,2018-06-17,2018-06-17 06:55:50 UTC,Chennai,1001007,susmitabera,Susmita Bera,2018-06-26 08:09:14 UTC,2021-06-28 22:34:32 UTC,needs_id,,https://www.inaturalist.org/observations/13796061,https://static.inaturalist.org/photos/20347623/medium.jpeg,,,Plz identify this plant,0,0,false,2,"136, SN Banerjee Road, Dharmatala, Taltala, Kolkata, West Bengal 700013, India",22.5627137,88.3535874,25,,,,25,,,false,,,Kolkata and its Outskirts,Kolkata,West Bengal,India,West Bengal,Kolkata,,Lantana camara,common lantana,Plantae,50333
13796995,f4b7d0b4-20ab-4eb9-8390-855b636a981c,2018/06/10 3:47 PM IST,2018-06-10,2018-06-10 12:47:00 UTC,Jerusalem,1044334,gkwagh,,2018-06-26 10:20:34 UTC,2019-10-15 02:00:13 UTC,casual,CC-BY-NC,https://www.inaturalist.org/observations/13796995,https://inaturalist-open-data.s3.amazonaws.com/photos/20349249/medium.jpg,,,In the surroundings of the temple,1,0,true,,"Bhuleshwar Road, Malshiras, Maharashtra 412104, India",18.4357433,74.2410246,206,,,,206,,,false,,,,Pune,Maharashtra,India,Maharashtra,Pune,Capulín,Muntingia calabura,calabur tree,Plantae,165586
13797244,68d72d0d-6ad0-4932-a0b1-829af02f751f,2018/03/25 4:03 PM IST,2018-03-25,2018-03-25 13:03:00 UTC,Jerusalem,1044334,gkwagh,,2018-06-26 10:36:31 UTC,2025-05-05 12:36:30 UTC,needs_id,CC-BY-NC,https://www.inaturalist.org/observations/13797244,https://inaturalist-open-data.s3.amazonaws.com/photos/20349626/medium.jpg,,,Atop the mountain,2,0,false,,"Dive Ghat Rd, Jadhavwadi, Maharashtra, India",18.4137248,73.9996304,2381,,,,2381,,open,false,,,,Pune,Maharashtra,India,Maharashtra,Pune,Prickly Pears,Opuntia elatior,Red-flower Pricklypear,Plantae,441415
13806433,94bd4bbb-166b-4e6e-95ba-72cc8e6287f8,2018/06/08 2:25 AM CDT,2018-06-08,2018-06-08 07:25:00 UTC,Central Time (US & Canada),7943,vijaybarve,Vijay Barve,2018-06-26 17:27:47 UTC,2018-07-12 23:11:02 UTC,research,CC-BY,https://www.inaturalist.org/observations/13806433,https://inaturalist-open-data.s3.amazonaws.com/photos/20365367/medium.jpeg,,"DiversityInda, VijaybArve",,2,0,false,,"Bengaluru, Karnataka, India",13.1444116667,77.4849433333,,,,,,,,false,,,,Bangalore,Karnataka,India,Karnataka,Bangalore,stinking passionflower,Passiflora foetida,stinking passionflower,Plantae,51448
13831545,510783ab-fd22-4bcc-9739-8832d96cc568,Sat Jan 27 2018 15:19:15 GMT+0530 (GMT+5:30),2018-01-27,2018-01-27 09:49:15 UTC,Chennai,116867,nagendra_rao_teki,"Nagendra Rao, Teki",2018-06-27 15:32:14 UTC,2019-07-18 09:44:46 UTC,research,,https://www.inaturalist.org/observations/13831545,https://static.inaturalist.org/photos/20410128/medium.jpg,,,,2,0,false,3,"Chintalapudi, , AP, IN",17.1203383067,80.9101168651,1638,,,,1638,,,false,,,,West Godavari,Andhra Pradesh,India,Andhra Pradesh,West Godavari,common lantana,Lantana camara,common lantana,Plantae,50333
13857859,dc22aa35-4289-4a4a-b861-b688d7b4bf8a,2016/09/03 5:36 PM IST,2016-09-03,2016-09-03 14:36:00 UTC,Jerusalem,617428,jenis,Jenis,2018-06-28 14:01:52 UTC,2019-07-26 17:46:17 UTC,research,,https://www.inaturalist.org/observations/13857859,https://static.inaturalist.org/photos/20454387/medium.jpg,,,,2,0,false,,"Dang, Gujarat, India",20.8253781,73.7007088,38423,,,,38423,,,false,,,,The Dangs,Gujarat,India,Gujarat,The Dangs,Cat's Claw,Martynia annua,Cat's Claw,Plantae,285847
13858218,022cfc08-f73b-4f87-8ab2-d92307a236b9,2018/05/25 8:03 AM IST,2018-05-25,2018-05-25 05:03:00 UTC,Jerusalem,346436,rajibmaulick,Rajib Maulick,2018-06-28 14:17:05 UTC,2020-05-02 14:45:13 UTC,research,,https://www.inaturalist.org/observations/13858218,https://static.inaturalist.org/photos/20455147/medium.jpeg,,"Candle bush, Ringworm shrub, Dadmardan, Senna alata, Plantae, Angiosperms, Eudicots, Rosids, Fabales, Fabaceae, Caesalpinioideae, Cassieae, Cassiinae, Senna, Durgapur","Candle bush, Ringworm shrub, Dadmardan, Senna alata, Plantae, Angiosperms, Eudicots, Rosids, Fabales, Fabaceae, Caesalpinioideae, Cassieae, Cassiinae, Senna, Durgapur, Barddhaman, West Bengal, India, 25/05/18",3,0,false,,"Malandighi, West Bengal, India",23.5616716,87.4021565,1153,,,,1153,,,false,,,,Barddhaman,West Bengal,India,West Bengal,Barddhaman,Candlebush,Senna alata,Candelabra Bush,Plantae,81515
13858934,090d2060-2606-4861-9453-19ac030d6bbf,Mon Jun 18 2018 16:40:02 GMT+0530 (GMT+5:30),2018-06-18,2018-06-18 11:10:02 UTC,Chennai,1026497,charan79,,2018-06-28 14:44:53 UTC,2019-02-24 15:47:36 UTC,casual,,https://www.inaturalist.org/observations/13858934,https://static.inaturalist.org/photos/20456534/medium.jpg,,,,1,0,true,3,"612901, , Tamil Nadu, IN",11.2104468303,79.451188878,1709,,,,1709,,,false,,,,Ariyalur,Tamil Nadu,India,Tamil Nadu,Ariyalur,skyflower,Duranta erecta,skyflower,Plantae,162153
13859420,4db71a37-a489-41ba-8c12-4aebf170b277,Sat Jun 23 2018 12:40:02 GMT+0530 (GMT+5:30),2018-06-23,2018-06-23 07:10:02 UTC,Chennai,1026497,charan79,,2018-06-28 14:57:36 UTC,2019-07-26 17:41:51 UTC,research,,https://www.inaturalist.org/observations/13859420,https://static.inaturalist.org/photos/20457123/medium.jpg,,,,2,0,false,3,"Bannerghatta National Park, Kanakapura, Karnataka, IN",12.754158496,77.5628353065,6177,,,,6177,,,false,,,,Bangalore,Karnataka,India,Karnataka,Bangalore,garden cosmos,Cosmos bipinnatus,garden cosmos,Plantae,68562
13859446,19e868c8-fe24-4c1b-8ad1-4bc39aeb550a,Sat Jun 23 2018 12:44:24 GMT+0530 (GMT+5:30),2018-06-23,2018-06-23 07:14:24 UTC,Chennai,1026497,charan79,,2018-06-28 14:58:39 UTC,2019-07-31 18:50:00 UTC,research,,https://www.inaturalist.org/observations/13859446,https://static.inaturalist.org/photos/20457210/medium.jpg,,,,1,0,false,3,"Bannerghatta National Park, Kanakapura, Karnataka, IN",12.7581319579,77.5630237152,3131,,,,3131,,,false,,,,Bangalore,Karnataka,India,Karnataka,Bangalore,Yellow alder,Turnera ulmifolia,Yellow alder,Plantae,170055
13875783,96462273-37b6-4297-88b6-52f516c6db69,2018-06-19 3:44:52 pm GMT+05:30,2018-06-19,2018-06-19 10:14:52 UTC,Chennai,617428,jenis,Jenis,2018-06-29 02:18:49 UTC,2019-07-23 11:56:28 UTC,research,,https://www.inaturalist.org/observations/13875783,https://static.inaturalist.org/photos/20485947/medium.jpeg,,,,2,0,false,2,"294, 5th Main Rd, Canara Bank Layout, Rajiv Gandhi Nagar, Kodigehalli, Bengaluru, Karnataka 560097, India",13.0682239532,77.5786132813,,,,,,,,false,gps,gps,,Bangalore,Karnataka,India,Karnataka,Bangalore,castor bean,Ricinus communis,castor bean,Plantae,56739
13876254,c7341bd4-92e4-4907-af3b-e157bf1dd88e,2018-06-29 7:51:36 am GMT+05:30,2018-06-29,2018-06-29 02:21:36 UTC,Chennai,951127,aniruddha_singhamahapatra,Aniruddha Singhamahapatra,2018-06-29 02:48:00 UTC,2018-09-04 07:30:27 UTC,research,,https://www.inaturalist.org/observations/13876254,https://static.inaturalist.org/photos/20487091/medium.jpeg,,,,2,0,false,2,"Kadma, West Bengal 722151, India",22.9898777008,87.0075302124,,,,,,,,false,gps,gps,,Bankura,West Bengal,India,West Bengal,Bankura,Indian Heliotrope,Heliotropium indicum,Indian Heliotrope,Plantae,83492
13888128,f9c1f305-40c8-4330-ae3d-d3f77e20e6be,2018-06-29 12:36:32 PM GMT+05:30,2018-06-29,2018-06-29 07:06:32 UTC,Chennai,1001007,susmitabera,Susmita Bera,2018-06-29 16:53:22 UTC,2019-08-06 19:54:24 UTC,research,,https://www.inaturalist.org/observations/13888128,https://static.inaturalist.org/photos/20508874/medium.jpeg,,,,3,0,false,2,"Babunpara, Faridpur, West Bengal 721148, India",22.5609415,87.8121136,2572,,,,2572,,,false,,,,West Midnapore,West Bengal,India,West Bengal,Pashchim Medinipur,common lantana,Lantana camara,common lantana,Plantae,50333
13937699,69e9a78a-ae29-4087-b80a-009e4dfcf79e,2018-06-27 4:06:27 pm GMT+05:30,2018-06-27,2018-06-27 10:36:27 UTC,Chennai,1019580,loudelbello,lou del bello,2018-07-01 05:19:28 UTC,2020-10-27 01:56:00 UTC,casual,,https://www.inaturalist.org/observations/13937699,https://static.inaturalist.org/photos/20596994/medium.jpeg,,,,3,0,true,2,"North Goa, IN-GA, IN",15.5505019128,74.0262692404,8,,,,8,,,false,,,,North Goa,Goa,India,Goa,North Goa,Caladium bicolor,Caladium bicolor,Heart of Jesus,Plantae,283377
13945128,86fbed10-1ec5-42f8-8431-7fd23e07b0ce,2018/04/03 10:55 AM CEST,2018-04-03,2018-04-03 08:55:00 UTC,Paris,13787,kristian,Kristian,2018-07-01 14:09:18 UTC,2020-04-04 19:06:03 UTC,research,CC-BY-NC,https://www.inaturalist.org/observations/13945128,https://static.inaturalist.org/photos/20610164/medium.jpg,,,,2,0,false,,"Eaglenest Wildlife Sanctuary, Cona, 山南地区790114",27.0662547,92.4062575,1460,,,,1460,,,false,,,,West Kameng,Arunachal Pradesh,India,Arunachal Pradesh,West Kameng,Largeflower pink-sorrel,Oxalis debilis,Largeflower pink-sorrel,Plantae,61963
13952332,106ce40d-8fbd-4ede-9749-bae893d9f910,2018/06/23 12:23 PM IST,2018-06-23,2018-06-23 09:23:00 UTC,Jerusalem,346436,rajibmaulick,Rajib Maulick,2018-07-01 18:15:20 UTC,2021-02-21 08:26:06 UTC,research,,https://www.inaturalist.org/observations/13952332,https://static.inaturalist.org/photos/20622858/medium.jpeg,,"Cinderella Weed, Nodeweed, Synedrella nodiflora, Plantae, Angiosperms, Eudicots, Asterids, Asterales, Asteraceae, Heliantheae, Synedrella, Durgapur","Cinderella Weed, Nodeweed, Synedrella nodiflora, Plantae, Angiosperms, Eudicots, Asterids, Asterales, Asteraceae, Heliantheae, Synedrella, Durgapur, Barddhaman, West Bengal, India, 23/06/18",1,0,false,,"B-Zone, Durgapur, West Bengal, India",23.5767833333,87.31735,,,,,,,,false,,,,Barddhaman,West Bengal,India,West Bengal,Barddhaman,Synedrella nodiflora,Synedrella nodiflora,Nodeweed,Plantae,169500
13971134,58e407ab-aab7-4077-8522-96c5de344855,2018/07/01 5:20 PM IST,2018-07-01,2018-07-01 14:20:00 UTC,Jerusalem,1044334,gkwagh,,2018-07-02 04:06:52 UTC,2019-07-27 08:01:43 UTC,research,CC-BY-NC,https://www.inaturalist.org/observations/13971134,https://inaturalist-open-data.s3.amazonaws.com/photos/20655935/medium.jpg,,,Along the pathway,2,0,false,,"Taljai Forest Area, Pune, Maharashtra, India",18.4755986,73.8451701,1542,,,,1542,,,false,,,,Pune,Maharashtra,India,Maharashtra,Pune,Bellyache Bush,Jatropha gossypiifolia,Bellyache Bush,Plantae,119099
13974941,df2c3199-4672-4a1b-9205-9947ed2429ec,2018-07-02 4:59:17 AM GMT+05:30,2018-07-02,2018-07-01 23:29:17 UTC,Chennai,1001007,susmitabera,Susmita Bera,2018-07-02 09:10:04 UTC,2020-12-04 19:09:04 UTC,research,,https://www.inaturalist.org/observations/13974941,https://static.inaturalist.org/photos/20663109/medium.jpeg,,,,2,0,false,2,"Kolkata Town Hall, Esplanade Row W, BBD Bagh, Kolkata, West Bengal 700001, India",22.5674423,88.3451865,1720,,,,1720,,,false,,,Kolkata and its Outskirts,Kolkata,West Bengal,India,West Bengal,Kolkata,Bush Morning Glory,Ipomoea carnea,Bush Morning Glory,Plantae,164081
13998828,aed6db90-c780-4914-95e2-583c6f2294fa,2018-07-02 8:54:40 PM GMT+05:30,2018-07-02,2018-07-02 15:24:40 UTC,Chennai,1001007,susmitabera,Susmita Bera,2018-07-03 00:57:38 UTC,2023-12-06 16:33:49 UTC,research,CC-BY-NC,https://www.inaturalist.org/observations/13998828,https://static.inaturalist.org/photos/20704261/medium.jpeg,,,,2,1,false,2,"Rashmoni Ave, BBD Bagh, Kolkata, West Bengal 700062, India",22.5643134,88.3473063,1014,,,,1014,,,false,,,Kolkata and its Outskirts,Kolkata,West Bengal,India,West Bengal,Kolkata,stinking passionflower,Passiflora foetida,stinking passionflower,Plantae,51448
14002495,5cbffa44-5cbf-4365-a1d3-2c2af951f6a3,Tue Jul 03 2018 08:05:18 GMT+0530 (GMT+5:30),2018-07-03,2018-07-03 02:35:18 UTC,Chennai,1060919,harish4,Harish Kumar,2018-07-03 03:36:42 UTC,2020-01-06 20:11:29 UTC,casual,,https://www.inaturalist.org/observations/14002495,,,,,0,0,false,3,"679121, Shoranur, Kerala, IN",10.7623377157,76.2699877311,414,,,,414,,,false,,,,Palakkad,Kerala,India,Kerala,Palakkad,,Distimake aegyptius,Egyptian woodrose,Plantae,936421
14003342,488d65ef-a162-43f6-a29d-08ae7eb83286,2018-07-03 9:39:57 am GMT+05:30,2018-07-03,2018-07-03 04:09:57 UTC,Chennai,1058850,ajiaji,,2018-07-03 04:11:34 UTC,2023-11-10 14:35:21 UTC,research,,https://www.inaturalist.org/observations/14003342,https://static.inaturalist.org/photos/20712202/medium.jpeg,,,,2,0,false,2,"797100, India",26.2565929815,94.3173841294,23,,,,23,,,false,,,,Wokha,Nagaland,India,Nagaland,Wokha,bluemink,Ageratum houstonianum,bluemink,Plantae,120944
14005114,bef6eec3-1ee0-426b-a6d2-4a23074ff60d,2018-07-03 10:46:46 AM IST,2018-07-03,2018-07-03 07:46:46 UTC,Jerusalem,1060630,aneesh2,Aneesh Kottiyoor,2018-07-03 06:15:46 UTC,2018-07-03 07:42:55 UTC,research,,https://www.inaturalist.org/observations/14005114,https://static.inaturalist.org/photos/20715570/medium.jpeg,,,,1,0,false,2,"Unnamed Road, Kottiyoor, Kerala, India",11.8795013428,75.8694381714,,,,,,,,false,gps,gps,,Kannur,Kerala,India,Kerala,Kannur,parakeetflower,Heliconia psittacorum,Parrot's Beak,Plantae,260753
14012328,8c92549f-5438-4016-a98c-a5fe881ebcde,2018-06-07 2:49:27 PM IST,2018-06-07,2018-06-07 11:49:27 UTC,Jerusalem,1063124,soumix,,2018-07-03 15:11:53 UTC,2024-10-11 13:05:13 UTC,needs_id,CC-BY-NC,https://www.inaturalist.org/observations/14012328,https://inaturalist-open-data.s3.amazonaws.com/photos/20727405/medium.jpeg,,,,1,0,false,2,"Godda Dharampur Rd, Tilabad, Jharkhand 814156, India",24.7591381073,87.3508987427,,,,,,,,false,gps,gps,,Godda,Jharkhand,India,Jharkhand,Godda,creeping woodsorrel,Oxalis corniculata,Creeping Woodsorrel,Plantae,53168
14033751,4c54ff37-5823-4fde-88f2-98ec279cae71,2018-07-03 3:18:57 PM GMT+05:30,2018-07-03,2018-07-03 09:48:57 UTC,Chennai,1060941,mssajith4,Sajith M Sivakumar,2018-07-04 06:02:06 UTC,2019-07-25 19:45:17 UTC,research,,https://www.inaturalist.org/observations/14033751,https://static.inaturalist.org/photos/20766934/medium.jpeg,,,,3,0,false,2,"Unnamed Road, Sattakkonvalasai, Tamil Nadu 623516, India",9.2968965752,79.0677562729,17,,,,17,,,false,gps,gps,,Ramanathapuram,Tamil Nadu,India,Tamil Nadu,Ramanathapuram,Beach Sheoak,Casuarina equisetifolia,Beach Sheoak,Plantae,62888
14050912,12935bcb-0bf8-4da7-928c-cf75fc68dc98,2017-06-01,2017-06-01,,Hawaii,1061962,elizamia,Elizabeth,2018-07-04 19:35:39 UTC,2021-07-26 19:52:55 UTC,needs_id,,https://www.inaturalist.org/observations/14050912,https://static.inaturalist.org/photos/20791629/medium.jpeg,,,,0,0,false,,Gudalur,11.502819,76.498259,40,,,,40,,,false,,manual,,Nilgiris,Tamil Nadu,India,Tamil Nadu,The Nilgiris,White leadtree,Leucaena leucocephala,White leadtree,Plantae,47447
14050914,b5125118-3e5d-4bb8-ad44-9831469e3624,2017-06-01,2017-06-01,,Hawaii,1061962,elizamia,Elizabeth,2018-07-04 19:35:43 UTC,2021-07-26 19:52:55 UTC,research,,https://www.inaturalist.org/observations/14050914,https://static.inaturalist.org/photos/20791632/medium.jpeg,,,,2,0,false,,Gudalur,11.502819,76.498259,40,,,,40,,,false,,manual,,Nilgiris,Tamil Nadu,India,Tamil Nadu,The Nilgiris,common lantana,Lantana camara,common lantana,Plantae,50333
14050917,eabb6b0d-1fd9-4b9b-9039-264a45fc6f20,2017-06-01,2017-06-01,,Hawaii,1061962,elizamia,Elizabeth,2018-07-04 19:35:47 UTC,2021-07-26 19:52:55 UTC,research,,https://www.inaturalist.org/observations/14050917,https://static.inaturalist.org/photos/20791635/medium.jpeg,,,,1,0,false,,Gudalur,11.502819,76.498259,40,,,,40,,,false,,manual,,Nilgiris,Tamil Nadu,India,Tamil Nadu,The Nilgiris,Acahual,Tithonia diversifolia,Mexican sunflower,Plantae,132451
14067084,b2ef1d7d-7b30-4ac4-b262-35f19c150927,2018/03/03 11:13 AM IST,2018-03-03,2018-03-03 09:13:00 UTC,Jerusalem,951127,aniruddha_singhamahapatra,Aniruddha Singhamahapatra,2018-07-05 07:28:26 UTC,2024-10-09 17:09:52 UTC,research,CC-BY-NC,https://www.inaturalist.org/observations/14067084,https://static.inaturalist.org/photos/20820929/medium.jpeg,,,,1,0,false,,"Kadma, West Bengal 722151, India",22.9887938585,87.0067013982,4,,,,4,,,false,,,,Bankura,West Bengal,India,West Bengal,Bankura,Creeping Woodsorrel,Oxalis corniculata,Creeping Woodsorrel,Plantae,53168
14097200,ef692058-1996-449e-a192-798a2202429a,2018-05-22 6:00:12 PM GMT+05:30,2018-05-22,2018-05-22 12:30:12 UTC,Chennai,1067976,sachineldho,Sachin Eldho,2018-07-06 07:43:05 UTC,2019-07-26 17:23:50 UTC,research,,https://www.inaturalist.org/observations/14097200,https://static.inaturalist.org/photos/20875772/medium.jpeg,,,,2,0,false,2,"Arunachal Pradesh, IN",27.0481836352,92.2522173822,33657,,,,33657,,,false,gps,gps,,West Kameng,Arunachal Pradesh,India,Arunachal Pradesh,West Kameng,hemp,Cannabis sativa,Cannabis,Plantae,75997
14098666,43272330-23bc-486d-af3e-e6e44296dc09,2018/07/03 7:47 AM IST,2018-07-03,2018-07-03 04:47:00 UTC,Jerusalem,346436,rajibmaulick,Rajib Maulick,2018-07-06 10:12:51 UTC,2018-07-06 10:14:09 UTC,needs_id,,https://www.inaturalist.org/observations/14098666,https://static.inaturalist.org/photos/20878456/medium.jpeg,,"Alligator weed, Danta, Alternanthera philoxeroides, Plantae, Angiosperms, Eudicots, Core eudicots, Caryophyllales, Amaranthaceae, Alternanthera, Durgapur","Alligator weed, Danta, Alternanthera philoxeroides, Plantae, Angiosperms, Eudicots, Core eudicots, Caryophyllales, Amaranthaceae, Alternanthera, Durgapur, Barddhaman, West Bengal, India, 03/07/18",0,0,false,,"B-Zone, Durgapur, West Bengal, India",23.56995,87.309425,,,,,,,,false,,,,Barddhaman,West Bengal,India,West Bengal,Barddhaman,Alligator Weed,Alternanthera philoxeroides,Alligatorweed,Plantae,75386
14125092,3fd6bf2c-ea87-4f19-be89-af31a948ab3f,2018-07-04 2:51:20 PM IST,2018-07-04,2018-07-04 11:51:20 UTC,Jerusalem,617273,softy_smith,Prateek Smith Mandal,2018-07-07 05:24:30 UTC,2019-05-08 15:20:24 UTC,research,,https://www.inaturalist.org/observations/14125092,https://static.inaturalist.org/photos/20925865/medium.jpeg,,,,2,0,false,2,"Unnamed Road, Narayanpur, Chhattisgarh 494661, India",19.7305431366,81.2502288818,,,,,,,,false,gps,gps,,Narayanpur,Chhattisgarh,India,Chhattisgarh,Narayanpur,skyflower,Duranta erecta,skyflower,Plantae,162153
14125226,de678635-a071-4e84-9eee-ce03ac020821,2018-07-05 9:40:12 AM IST,2018-07-05,2018-07-05 06:40:12 UTC,Jerusalem,617273,softy_smith,Prateek Smith Mandal,2018-07-07 05:33:48 UTC,2021-08-28 12:37:21 UTC,research,,https://www.inaturalist.org/observations/14125226,https://static.inaturalist.org/photos/20926197/medium.jpeg,,,,2,0,false,2,"Jagdalpur, Chhattisgarh, India",19.095457077,82.0026245117,,,,,,,,false,gps,gps,,Bastar,Chhattisgarh,India,Chhattisgarh,Bastar,Santa Maria feverfew,Parthenium hysterophorus,Santa Maria feverfew,Plantae,126424
14125286,d5fcc59b-e64d-4c1f-91e6-2c6999902eef,2018-07-05 9:40:42 AM IST,2018-07-05,2018-07-05 06:40:42 UTC,Jerusalem,617273,softy_smith,Prateek Smith Mandal,2018-07-07 05:37:23 UTC,2018-07-07 05:37:23 UTC,casual,,https://www.inaturalist.org/observations/14125286,,,,,0,0,false,2,"Jagdalpur, Chhattisgarh, India",19.095457077,82.0026245117,,,,,,,,false,gps,gps,,Bastar,Chhattisgarh,India,Chhattisgarh,Bastar,Bush Morning Glory,Ipomoea carnea,Bush Morning Glory,Plantae,164081
14125725,a55f8576-66a6-4a50-b500-d6649593ebd7,2018-07-05 5:09:45 PM IST,2018-07-05,2018-07-05 14:09:45 UTC,Jerusalem,617273,softy_smith,Prateek Smith Mandal,2018-07-07 06:03:18 UTC,2019-12-16 15:57:22 UTC,research,,https://www.inaturalist.org/observations/14125725,https://static.inaturalist.org/photos/20927236/medium.jpeg,,,,4,0,false,2,"494001, India",19.0136375427,82.1389083862,,,,,,,,false,gps,gps,,Bastar,Chhattisgarh,India,Chhattisgarh,Bastar,American Sicklepod,Senna obtusifolia,American Sicklepod,Plantae,62915
14125842,5fa49e00-97c0-4556-8219-cf8d8a00cfb2,,,,UTC,617273,softy_smith,Prateek Smith Mandal,2018-07-07 06:16:54 UTC,2018-07-11 23:31:41 UTC,casual,,https://www.inaturalist.org/observations/14125842,https://static.inaturalist.org/photos/20927501/medium.jpeg,,,,1,0,false,2,"Milkulwada, Chhattisgarh 494001, India",18.8774868446,82.0583572984,4208,,,,4208,,,false,gps,gps,,Bastar,Chhattisgarh,India,Chhattisgarh,Bastar,stinking passionflower,Passiflora foetida,stinking passionflower,Plantae,51448
14133149,3dc35ead-6a3c-4d7a-9678-94ff7953a1b8,2018-07-07 4:58:30 PM IST,2018-07-07,2018-07-07 13:58:30 UTC,Jerusalem,617273,softy_smith,Prateek Smith Mandal,2018-07-07 15:01:34 UTC,2019-10-31 06:31:32 UTC,research,,https://www.inaturalist.org/observations/14133149,https://static.inaturalist.org/photos/20939919/medium.jpeg,,,,2,0,false,2,"494001, India",19.0211772919,82.1270523071,,,,,,,,false,gps,gps,,Bastar,Chhattisgarh,India,Chhattisgarh,Bastar,云南土丁桂,Evolvulus nummularius,Dwarf Morning Glory,Plantae,83417
14156761,760697d0-f10c-4d5d-bc92-0edb5165bab1,Sun Jul 08 2018 07:38:09 GMT+0530 (GMT+5:30),2018-07-08,2018-07-08 02:08:09 UTC,Chennai,489548,ramitsingal,Ramit Singal,2018-07-08 04:12:31 UTC,2025-02-15 22:17:42 UTC,research,CC-BY,https://www.inaturalist.org/observations/14156761,https://inaturalist-open-data.s3.amazonaws.com/photos/20984331/medium.jpg,,,,1,0,false,3,"110094, New Delhi, Delhi, IN",28.75902,77.2301716667,6,,,,6,,,false,,,,Delhi,Delhi,India,NCT of Delhi,West,downy thorn-apple,Datura innoxia,downy thorn-apple,Plantae,161639
14164469,2420d684-620b-4b5a-b0d8-0964db8a0894,2018-07-06 7:05:22 pm GMT+05:30,2018-07-06,2018-07-06 13:35:22 UTC,Chennai,1026700,rashmirai,,2018-07-08 13:23:33 UTC,2019-07-27 08:01:47 UTC,research,CC-BY-NC,https://www.inaturalist.org/observations/14164469,https://inaturalist-open-data.s3.amazonaws.com/photos/20998081/medium.jpeg,,,,1,0,false,2,"750, Dr Homi Bhabha Rd, Ward No. 8, NCL Colony, Pashan, Pune, Maharashtra 411008, India",18.543637,73.8055659,77,,,,77,,,false,,,,Pune,Maharashtra,India,Maharashtra,Pune,Bellyache Bush,Jatropha gossypiifolia,Bellyache Bush,Plantae,119099
14168858,8f422fad-b9e6-4714-a372-60beefd10db6,2018-07-08 9:30:19 PM IST,2018-07-08,2018-07-08 18:30:19 UTC,Jerusalem,997199,rahulnag,Rahul Nag,2018-07-08 16:07:44 UTC,2020-06-12 00:36:05 UTC,needs_id,,https://www.inaturalist.org/observations/14168858,https://static.inaturalist.org/photos/21005797/medium.jpeg,,,,1,0,false,2,"Karkapal, Chhattisgarh 494001, India",19.0556369,82.0459919,2799,,,,2799,,,false,,,,Bastar,Chhattisgarh,India,Chhattisgarh,Bastar,Sickle Senna,Senna tora,Sickle Senna,Plantae,168855
14222284,b8dabcfb-0875-4d36-bad0-87646f15c57f,2018-07-08 4:28:04 PM IST,2018-07-08,2018-07-08 13:28:04 UTC,Jerusalem,617273,softy_smith,Prateek Smith Mandal,2018-07-10 05:17:53 UTC,2024-04-24 06:49:24 UTC,research,,https://www.inaturalist.org/observations/14222284,https://static.inaturalist.org/photos/21101084/medium.jpeg,,,,2,0,false,2,"Kangerghati, IN-CT-BT, IN-CT, IN",18.8658046722,81.9735107422,,,,,,,,false,gps,gps,,Bastar,Chhattisgarh,India,Chhattisgarh,Bastar,Turkey Berry,Solanum torvum,Turkey Berry,Plantae,63694
14222780,49ee0d2d-bc37-4d7f-ad7d-dc82ad371682,2018-07-07 11:44:21,2018-07-07,2018-07-07 06:14:21 UTC,Mumbai,679749,swanand,swanand kesari,2018-07-10 05:54:29 UTC,2024-07-25 23:57:24 UTC,research,CC-BY-NC,https://www.inaturalist.org/observations/14222780,https://inaturalist-open-data.s3.amazonaws.com/photos/21102070/medium.jpg,,,"Common name: Asparagus Fern, Sprenger Asparagus, Foxtail Asparagus
Botanical name: Asparagus densiflorus Family: Asparagaceae (Asparagus family)
Synonyms: Asparagus aethiopicus
Asparagus Fern is a weed native to South Africa, which is very commonly used as an ornamental house-plant. It is an evergreen perennial herb emerging from a crown of tuberous roots. It is a drooping, bushy plant usually only to 2-4 ft tall, and several feet wide, with stems stiff or spreading-arching. Larger branches usually bearing minute axillary spines. Branchlets (cladophylls) are flat, needle-like, light bright green, to 1 inch long, clustered at branch nodes. Leaves tiny, scale-like, at bases of branchlets. Flowers small, white or pinkish white, and fragrant. Fruit is a bright red berry about 8 mm in diameter; 3 seeds per fruit.",1,0,false,,"Velang, Maharashtra 412803 India",17.989805,73.800734,3253,,,,3253,,,false,,,,Satara,Maharashtra,India,Maharashtra,Satara,Sprenger's Asparagus,Asparagus densiflorus,Sprenger's Asparagus,Plantae,127598
14223296,77090d79-1239-41fd-86bc-59ae9a04ef4a,2018-07-08 5:47:47 PM IST,2018-07-08,2018-07-08 14:47:47 UTC,Jerusalem,617273,softy_smith,Prateek Smith Mandal,2018-07-10 07:02:00 UTC,2024-10-12 22:54:30 UTC,needs_id,,https://www.inaturalist.org/observations/14223296,https://static.inaturalist.org/photos/21103174/medium.jpeg,,,,1,0,false,2,"494001, India",18.8594112396,81.959487915,,,,,,,open,false,gps,gps,,Bastar,Chhattisgarh,India,Chhattisgarh,Bastar,tropical soda-apple,Solanum viarum,tropical soda-apple,Plantae,169088
14224041,758093ea-3905-4c8b-a32b-f1be4cf47047,2018-07-10 1:48:09 PM IST,2018-07-10,2018-07-10 10:48:09 UTC,Jerusalem,617273,softy_smith,Prateek Smith Mandal,2018-07-10 08:20:18 UTC,2018-07-11 19:16:49 UTC,research,,https://www.inaturalist.org/observations/14224041,https://static.inaturalist.org/photos/21104753/medium.jpeg,,,,1,0,false,2,"Unnamed Road, Ganga Nagar, Jagdalpur, Chhattisgarh 494001, India",19.06965065,82.0103759766,,,,,,,,false,gps,gps,,Bastar,Chhattisgarh,India,Chhattisgarh,Bastar,common lantana,Lantana camara,common lantana,Plantae,50333
14224141,971c1beb-b46c-4195-ab3f-bf10ccfe01f9,2018-07-09 11:30:00 AM IST,2018-07-09,2018-07-09 08:30:00 UTC,Jerusalem,1077128,abhishekmaitra,Abhishek Maitra,2018-07-10 08:36:56 UTC,2022-02-13 06:04:15 UTC,casual,,https://www.inaturalist.org/observations/14224141,https://static.inaturalist.org/photos/21104938/medium.jpg,,,,3,0,true,2,"128, Nilganj Road, Kalyan Nagar, Rahara, Kolkata, West Bengal 700112, India",22.7194860849,88.3910780659,19,,,,19,,,false,,,Kolkata and its Outskirts,North 24 Parganas,West Bengal,India,West Bengal,North 24 Parganas,hemp,Cannabis sativa,Cannabis,Plantae,75997
14231951,55c08d67-86c2-4295-8171-0d50406d2206,2018-07-06 8:51:33 AM GMT+05:30,2018-07-06,2018-07-06 03:21:33 UTC,Chennai,1001007,susmitabera,Susmita Bera,2018-07-10 16:12:20 UTC,2018-09-29 06:11:23 UTC,research,,https://www.inaturalist.org/observations/14231951,https://static.inaturalist.org/photos/21118351/medium.jpeg,,,,3,0,false,2,"Leslie Claudius Sarani, Maidan, Kolkata, West Bengal 700021, India",22.5634874,88.3447922,1201,,,,1201,,,false,,,Kolkata and its Outskirts,Kolkata,West Bengal,India,West Bengal,Kolkata,Indian Heliotrope,Heliotropium indicum,Indian Heliotrope,Plantae,83492
14255241,c12f950b-f94d-44be-928f-3df382792a11,2018-07-08 4:28:10 PM IST,2018-07-08,2018-07-08 13:28:10 UTC,Jerusalem,997199,rahulnag,Rahul Nag,2018-07-11 11:20:13 UTC,2024-04-24 06:49:20 UTC,research,,https://www.inaturalist.org/observations/14255241,https://static.inaturalist.org/photos/21158864/medium.jpeg,,,,2,0,false,2,"494001, India",18.8658161163,81.9737930298,,,,,,,,false,gps,gps,,Bastar,Chhattisgarh,India,Chhattisgarh,Bastar,Turkey Berry,Solanum torvum,Turkey Berry,Plantae,63694
14256032,38bd6c53-5f64-43d1-b602-f91e5ba2c83d,2018-07-10 2:52:02 PM IST,2018-07-10,2018-07-10 11:52:02 UTC,Jerusalem,1033553,selvaganesh,Selva Ganesh,2018-07-11 12:17:58 UTC,2023-07-06 23:16:05 UTC,research,CC-BY-NC,https://www.inaturalist.org/observations/14256032,https://inaturalist-open-data.s3.amazonaws.com/photos/21160583/medium.jpeg,,,,1,0,false,2,"Valparai, Tamil Nadu, India",10.3564812278,76.9357199594,688,,,,688,,,false,gps,gps,,Coimbatore,Tamil Nadu,India,Tamil Nadu,Coimbatore,mile-a-minute,Mikania micrantha,mile-a-minute,Plantae,165389
14311972,a405cdc4-7d65-4f3a-a061-e6d12676e2d4,2018-07-13 2:49:11 PM IST,2018-07-13,2018-07-13 11:49:11 UTC,Jerusalem,997199,rahulnag,Rahul Nag,2018-07-13 11:43:46 UTC,2019-04-21 17:39:37 UTC,research,,https://www.inaturalist.org/observations/14311972,https://static.inaturalist.org/photos/21259496/medium.jpeg,,,,3,0,false,2,"Civil Line, Jagdalpur, Chhattisgarh, India",19.0939006805,82.0409622192,,,,,,,,false,gps,gps,,Bastar,Chhattisgarh,India,Chhattisgarh,Bastar,three-lobe false mallow,Malvastrum coromandelianum,three-lobe false mallow,Plantae,165115
14316775,e227579f-37a7-4a0e-918c-5c5c1b5567d9,Fri Jul 13 2018 06:20:04 GMT+0530 (GMT+5:30),2018-07-13,2018-07-13 00:50:04 UTC,Chennai,936973,akilan,,2018-07-13 15:15:45 UTC,2019-04-29 10:33:36 UTC,research,,https://www.inaturalist.org/observations/14316775,https://static.inaturalist.org/photos/21267847/medium.jpg,,,,1,0,false,3,"560093, Bengaluru South, Karnataka, IN",12.97618,77.6906966667,5,,,,5,,,false,,,,Bangalore,Karnataka,India,Karnataka,Bangalore,downy thorn-apple,Datura innoxia,downy thorn-apple,Plantae,161639
14384248,100a8aff-0f49-437d-9875-82e1db8050bf,2018-07-15 9:06:12 AM GMT+05:30,2018-07-15,2018-07-15 03:36:12 UTC,Chennai,1087499,ksarpitha,K S Arpitha,2018-07-15 16:20:14 UTC,2018-12-19 17:39:49 UTC,research,,https://www.inaturalist.org/observations/14384248,https://static.inaturalist.org/photos/21389211/medium.jpeg,,,,1,0,false,2,"Badamanavarthekaval, Karnataka, India",12.8294963804,77.5154616684,1052,,,,1052,,,false,gps,gps,,Bangalore,Karnataka,India,Karnataka,Bangalore,stinking passionflower,Passiflora foetida,stinking passionflower,Plantae,51448
14408292,9429467f-a250-4d4c-a4d8-15846141d5e3,2018-07-15 10:32:11 am GMT+05:30,2018-07-15,2018-07-15 05:02:11 UTC,Chennai,1080479,gauravbhattacharya,Gaurav Bhattacharya,2018-07-16 06:16:45 UTC,2019-12-24 06:25:49 UTC,research,,https://www.inaturalist.org/observations/14408292,https://static.inaturalist.org/photos/21433474/medium.jpeg,,,Found in guwahati assam quite a tender plant..... ,2,0,false,2,"KK Handiqui Path, Bormotoria, Guwahati, Assam 781036, India",26.14271481,91.80107178,7,,,,7,,,false,,,,Kamrup Metropolitan,Assam,India,Assam,Kamrup Metropolitan,Hanf,Cannabis sativa,Cannabis,Plantae,75997
14408965,62f45d8d-0c87-4651-aba1-766f6da2ce5e,2018-07-16 12:54:45 pm GMT+05:30,2018-07-16,2018-07-16 07:24:45 UTC,Chennai,948252,srt,,2018-07-16 07:25:52 UTC,2023-09-01 09:16:58 UTC,research,CC-BY-NC,https://www.inaturalist.org/observations/14408965,https://inaturalist-open-data.s3.amazonaws.com/photos/21434941/medium.jpeg,,,,2,0,false,2,"Academic Building, Faizabad - Sultanpur Rd, Ratan Pur, Uttar Pradesh 228118, India",26.28915691,82.08227471,3,,,,3,,open,false,,,,Sultanpur,Uttar Pradesh,India,Uttar Pradesh,Sultanpur,Coffee Senna,Senna occidentalis,Coffee Senna,Plantae,168847
14412606,0fbeff61-8d5d-45ca-9068-f2fc2bf84adb,2018-07-16 10:29:05 AM IST,2018-07-16,2018-07-16 07:29:05 UTC,Jerusalem,1088324,anirudhabehera,Anirudha Behera,2018-07-16 13:16:27 UTC,2018-12-02 05:31:29 UTC,research,,https://www.inaturalist.org/observations/14412606,https://static.inaturalist.org/photos/21441367/medium.jpeg,,,,2,0,false,2,"National Aluminium Company Ltd, Angul, Odisha, India",20.8535888,85.1591164,2299,,,,2299,,,false,gps,gps,,Angul,Odisha,India,Odisha,Anugul,Common purslane,Portulaca oleracea,Common Purslane,Plantae,58991
14440887,6d54453b-443d-4143-853e-53f1f0fd6264,2018-07-17 5:34:27 PM GMT+05:30,2018-07-17,2018-07-17 12:04:27 UTC,Chennai,1090310,natureloveromkar,Omkar Tidke,2018-07-17 12:08:54 UTC,2019-07-18 09:47:43 UTC,research,CC-BY-NC,https://www.inaturalist.org/observations/14440887,https://inaturalist-open-data.s3.amazonaws.com/photos/21491787/medium.jpeg,,,"Tetramerous
Yellow Pink Orange color.
Cluster of Flowers
Bears Green unripe seeds
Turn Black on ripening, edible and sweet to taste.",2,0,false,2,"17-B, Kishor Nagar, Nashik, Maharashtra 422009, India",19.9667966667,73.7785566667,6,,,,6,,,false,,,,Nashik,Maharashtra,India,Maharashtra,Nashik,common lantana,Lantana camara,common lantana,Plantae,50333
14473766,172635ce-72ca-4d7c-b18c-39ce9d13bd5c,2018-07-18 1:45:37 pm GMT+05:30,2018-07-18,2018-07-18 08:15:37 UTC,Chennai,1092199,ganeshbabu,,2018-07-18 09:28:15 UTC,2022-09-30 15:47:12 UTC,research,CC-BY-NC,https://www.inaturalist.org/observations/14473766,https://inaturalist-open-data.s3.amazonaws.com/photos/21543051/medium.jpeg,,,,1,0,false,2,"Coimbatore, IN-AP, IN",10.3311583333,76.9592916667,4,,,,4,,,false,,,,Coimbatore,Tamil Nadu,India,Tamil Nadu,Coimbatore,trailing daisy,Sphagneticola trilobata,trailing daisy,Plantae,246102
14475541,2bbfc6e9-cd3e-4c0e-a29a-f728b6a9c9d2,2018-07-16 10:30:16 AM IST,2018-07-16,2018-07-16 07:30:16 UTC,Jerusalem,1088324,anirudhabehera,Anirudha Behera,2018-07-18 12:21:42 UTC,2021-03-07 01:01:32 UTC,research,,https://www.inaturalist.org/observations/14475541,https://static.inaturalist.org/photos/21546304/medium.jpeg,,,,3,1,false,2,"Anugul, IN-OR, IN",20.85158358,85.16087403,20,,,,20,,,false,,,,Angul,Odisha,India,Odisha,Anugul,asthma plant,Euphorbia hirta,Asthma plant,Plantae,131560
14477653,50e637ec-f162-4fb0-8919-a36f6cb6d26c,2018/07/17 8:07 AM IST,2018-07-17,2018-07-17 05:07:00 UTC,Jerusalem,346436,rajibmaulick,Rajib Maulick,2018-07-18 14:03:45 UTC,2021-09-24 18:31:22 UTC,research,,https://www.inaturalist.org/observations/14477653,https://static.inaturalist.org/photos/21549673/medium.jpeg,,"Climbing Hempweed, American rope, Bittervine, Assamilata, Taralata, Mikania micrantha, Plantae, Angiosperms, Eudicots, Asterids, Asterales, Asteraceae, Eupatorieae, Mikania, Durgapur","Climbing Hempweed, American rope, Bittervine, Assamilata, Taralata, Mikania micrantha, Plantae, Angiosperms, Eudicots, Asterids, Asterales, Asteraceae, Eupatorieae, Mikania, Durgapur, Barddhaman, West Bengal, India, 17/07/18",1,0,false,,"Bardhaman, West Bengal, India",23.589335,87.3349433333,,,,,,,,false,,,,Barddhaman,West Bengal,India,West Bengal,Barddhaman,mile-a-minute,Mikania micrantha,mile-a-minute,Plantae,165389
14479352,5d346cde-16df-4389-a03e-6587a9463359,2018-07-18 8:27:29 PM GMT+05:30,2018-07-18,2018-07-18 14:57:29 UTC,Chennai,1085340,jayeshhatkar,Jayesh Hatkar,2018-07-18 14:58:33 UTC,2021-12-04 06:27:59 UTC,casual,,https://www.inaturalist.org/observations/14479352,https://static.inaturalist.org/photos/21552826/medium.jpeg,,,Plz give me id ,2,0,true,2,"Madathumbhagom North, Kerala, India",9.4047362574,76.6281795502,67314,,,,67314,,,false,gps,gps,,Pathanamthitta,Kerala,India,Kerala,Pathanamthitta,flor de perro,Torenia fournieri,wishbone flower,Plantae,169793
14505570,26148831-b215-492f-a7d8-bf585fd8977f,Thu Jul 19 2018 09:08:47 GMT+0530 (GMT+5:30),2018-07-19,2018-07-19 03:38:47 UTC,Chennai,1094225,omkaram8007,,2018-07-19 03:38:56 UTC,2018-07-19 03:39:26 UTC,needs_id,,https://www.inaturalist.org/observations/14505570,https://static.inaturalist.org/photos/21593690/medium.jpg,,,,0,0,false,3,"Kullu, IN-HP, IN",31.5903192899,77.3118645699,5,,,,5,,,false,,,,Kullu,Himachal Pradesh,India,Himachal Pradesh,Kullu,,Chenopodium album,Common Lambsquarters,Plantae,58127
14505645,c30eba70-17ea-4dd1-be74-dc6c423e35c6,Thu Jul 19 2018 09:10:36 GMT+0530 (GMT+5:30),2018-07-19,2018-07-19 03:40:36 UTC,Chennai,1094225,omkaram8007,,2018-07-19 03:41:33 UTC,2019-10-06 11:48:40 UTC,research,,https://www.inaturalist.org/observations/14505645,https://static.inaturalist.org/photos/21593907/medium.jpg,,,,1,0,false,3,"Banjar, , Himachal Pradesh, IN",31.5902711358,77.3118897994,5,,,,5,,,false,,,,Kullu,Himachal Pradesh,India,Himachal Pradesh,Kullu,hemp,Cannabis sativa,Cannabis,Plantae,75997
14508982,a615308b-e5e5-4c20-8635-4deb77666edd,2018-05-29 20:44:23,2018-05-29,2018-05-29 15:14:23 UTC,New Delhi,506512,rejoicegassah,Rejoice Gassah,2018-07-19 07:54:35 UTC,2020-03-18 16:41:15 UTC,needs_id,CC-BY-NC,https://www.inaturalist.org/observations/14508982,https://static.inaturalist.org/photos/21600198/medium.jpg,,"Makunda Christian Hospital, Makunda plants, Cassia tora",,0,0,false,,"Makunda Christian Leprosy and General Hospital Rd, Assam, India",24.427195,92.336885,15,,,,15,,,false,,,,Karimganj,Assam,India,Assam,Karimganj,sennas,Senna tora,Sickle Senna,Plantae,168855
14509206,0bcbe702-afcf-46cc-af69-9b050cf637a4,2018-06-15 04:26:39,2018-06-15,2018-06-14 22:56:39 UTC,New Delhi,506512,rejoicegassah,Rejoice Gassah,2018-07-19 08:26:17 UTC,2025-04-02 03:06:26 UTC,research,CC-BY-NC,https://www.inaturalist.org/observations/14509206,https://static.inaturalist.org/photos/21600619/medium.jpg,,"KFT-2, Dosdewa Plants, Eichhornia crassipes, Dosdewa Forest trail",Dosdewa plant,1,0,false,,"Dosdewa forest trail, Assam",24.352674,92.344815,,,,,,,,false,,,,Karimganj,Assam,India,Assam,Karimganj,common water hyacinth,Pontederia crassipes,common water hyacinth,Plantae,962637
14509959,1fac81dc-58ee-4db5-abd9-04d43c2ba08e,2018-07-19 3:17:01 pm GMT+05:30,2018-07-19,2018-07-19 09:47:01 UTC,Chennai,1094380,harshwardhan,Harshwardhan Medhekar,2018-07-19 09:52:42 UTC,2019-10-03 19:31:45 UTC,research,CC-BY-NC,https://www.inaturalist.org/observations/14509959,https://inaturalist-open-data.s3.amazonaws.com/photos/21601978/medium.jpeg,,,,2,0,false,2,"Raj Kapoor Memorial Road, Loni Kalbhor, Maharashtra 412201, India",18.4908829893,74.0228660724,8,,,,8,,,false,,,,Pune,Maharashtra,India,Maharashtra,Pune,asthma plant,Euphorbia hirta,Asthma plant,Plantae,131560
14509977,0489009f-85d2-413e-aaff-12db75429f28,2018-06-13 02:02:14,2018-06-13,2018-06-12 20:32:14 UTC,New Delhi,506512,rejoicegassah,Rejoice Gassah,2018-07-19 09:54:14 UTC,2021-11-07 10:27:53 UTC,research,CC-BY-NC,https://www.inaturalist.org/observations/14509977,https://static.inaturalist.org/photos/21602001/medium.jpg,,"KFT-2, Dopsdewa Forest trail, Dosdewa Plants, Mimosa pudica","Shy plant, Dosdewa plants
",1,0,false,,"Dosdewa forest trail, Assam",24.352674,92.344815,6863,,,,6863,,open,false,,google,,Karimganj,Assam,India,Assam,Karimganj,Sensitive Plant,Mimosa pudica,Sensitive Plant,Plantae,51921
14510123,a6a94797-6b46-415c-babb-d1d7c2ccf8be,2018-07-19 1:30:24 pm GMT+05:30,2018-07-19,2018-07-19 08:00:24 UTC,Chennai,1094487,aravindhbabu,ARAVINDH BABU,2018-07-19 10:15:31 UTC,2020-10-12 12:32:04 UTC,research,,https://www.inaturalist.org/observations/14510123,https://static.inaturalist.org/photos/21602319/medium.jpeg,,,,2,0,false,2,"Chennai, IN-AP, IN",13.07817262,80.24423147,4,,,,4,,,false,,,,Chennai,Tamil Nadu,India,Tamil Nadu,Chennai,calabur tree,Muntingia calabura,calabur tree,Plantae,165586
14511968,738ed007-fd33-4d8c-8bfd-ff9f4614e2ec,,,,UTC,1061962,elizamia,Elizabeth,2018-07-19 12:50:54 UTC,2021-07-26 19:52:55 UTC,casual,,https://www.inaturalist.org/observations/14511968,https://static.inaturalist.org/photos/21605939/medium.jpeg,,,,1,0,false,2,"SH 98, Gudalur, Tamil Nadu 643212, India",11.505775697,76.4904055372,2104,,,,2104,,,false,gps,gps,,Nilgiris,Tamil Nadu,India,Tamil Nadu,The Nilgiris,common lantana,Lantana camara,common lantana,Plantae,50333
14512743,fcbdc2c0-4f17-494f-892a-0f1d83ef96ef,2017-05-24,2017-05-24,,UTC,1061962,elizamia,Elizabeth,2018-07-19 13:37:37 UTC,2021-07-26 19:52:55 UTC,research,,https://www.inaturalist.org/observations/14512743,https://static.inaturalist.org/photos/21607316/medium.jpeg,,,,1,0,false,2,"Gudalur, Tamil Nadu, India",11.5049993591,76.4993691444,526,,,,526,,,false,gps,gps,,Nilgiris,Tamil Nadu,India,Tamil Nadu,The Nilgiris,Blue Porterweed,Stachytarpheta jamaicensis,Blue Porterweed,Plantae,169322
14512748,1b599f6d-5f2b-4f28-b53f-19a28cf32770,2017-05-17,2017-05-17,,UTC,1061962,elizamia,Elizabeth,2018-07-19 13:38:03 UTC,2021-11-07 10:27:51 UTC,research,,https://www.inaturalist.org/observations/14512748,https://static.inaturalist.org/photos/21607328/medium.jpeg,,,,2,0,false,2,"Gudalur, Tamil Nadu, India",11.5085110962,76.4962795749,263,,,,263,,open,false,gps,gps,,Nilgiris,Tamil Nadu,India,Tamil Nadu,The Nilgiris,Sensitive Plant,Mimosa pudica,Sensitive Plant,Plantae,51921
14512754,31dac7df-2c32-446c-83cb-54726a0887b6,2017-05-17,2017-05-17,,UTC,1061962,elizamia,Elizabeth,2018-07-19 13:38:27 UTC,2021-07-26 19:52:55 UTC,research,,https://www.inaturalist.org/observations/14512754,https://static.inaturalist.org/photos/21607337/medium.jpeg,,,,2,0,false,2,"Gudalur, Tamil Nadu, India",11.5095252833,76.4961659163,263,,,,263,,,false,gps,gps,,Nilgiris,Tamil Nadu,India,Tamil Nadu,The Nilgiris,skyflower,Duranta erecta,skyflower,Plantae,162153
14517151,ead1054f-4594-4cb0-b2ca-60b3b6dec7e4,2018/07/12 1:45 PM IST,2018-07-12,2018-07-12 10:45:00 UTC,Jerusalem,346436,rajibmaulick,Rajib Maulick,2018-07-19 16:40:13 UTC,2023-04-02 09:48:46 UTC,research,,https://www.inaturalist.org/observations/14517151,https://static.inaturalist.org/photos/21614715/medium.jpeg,,"Baby Jump Up, Makardana, Mecardonia procumbens, Plantae, Angiosperms, Eudicots, Asterids, Lamiales, Plantaginaceae, Gratioleae, Mecardonia, Durgapur","Baby Jump Up, Makardana, Mecardonia procumbens, Plantae, Angiosperms, Eudicots, Asterids, Lamiales, Plantaginaceae, Gratioleae, Mecardonia, Durgapur, Barddhaman, West Bengal, India, 12/07/18",1,0,false,,"B-Zone, Durgapur, West Bengal, India",23.5676588,87.3165222,2987,,,,2987,,,false,,,,Barddhaman,West Bengal,India,West Bengal,Barddhaman,Yellow-flowered waterhyssop,Mecardonia procumbens,Yellow-flowered waterhyssop,Plantae,165207
14518462,f34617c5-4442-47b4-9ed4-9e071df48ef2,2018/06/24 6:21 PM IST,2018-06-24,2018-06-24 15:21:00 UTC,Jerusalem,1094491,manumohan,Manu Mohan,2018-07-19 17:33:52 UTC,2021-09-28 04:21:57 UTC,research,,https://www.inaturalist.org/observations/14518462,https://static.inaturalist.org/photos/21616707/medium.jpg,,,,1,0,false,,"Jhajra Range, Uttarakhand 248007, India",30.3633146949,77.9343293818,20,,,,20,,,false,,,,Dehra Dun,Uttaranchal,India,Uttarakhand,Dehradun,Chinese Tallow,Triadica sebifera,Chinese Tallow,Plantae,79388
14518727,3cdcc4da-5b3e-4188-95af-34c26d05d644,2018/07/08 11:09 AM IST,2018-07-08,2018-07-08 08:09:00 UTC,Jerusalem,346436,rajibmaulick,Rajib Maulick,2018-07-19 17:42:05 UTC,2020-09-29 02:33:55 UTC,research,,https://www.inaturalist.org/observations/14518727,https://static.inaturalist.org/photos/21617802/medium.jpeg,,"False Daisy, Trailing eclipta, Keshud, Bhringaraj, Eclipta prostrata, Plantae, Angiosperms, Eudicots, Asterids, Asterales, Asteraceae, Eclipta, Durgapur","False Daisy, Trailing eclipta, Keshud, Bhringaraj, Eclipta prostrata, Plantae, Angiosperms, Eudicots, Asterids, Asterales, Asteraceae, Eclipta, Durgapur, Barddhaman, West Bengal, India, 08/07/18",1,0,false,,"B-Zone, Durgapur, West Bengal, India",23.5702783333,87.3094583333,,,,,,,open,false,,,,Barddhaman,West Bengal,India,West Bengal,Barddhaman,鳢肠,Eclipta prostrata,false daisy,Plantae,76765
14564416,37d9ebcd-521f-4566-9d4d-e8f24859582f,2017-12-08 1:12:46 pm GMT+05:30,2017-12-08,2017-12-08 07:42:46 UTC,Chennai,1092199,ganeshbabu,,2018-07-21 06:15:30 UTC,2021-02-02 23:52:24 UTC,research,CC-BY-NC,https://www.inaturalist.org/observations/14564416,https://inaturalist-open-data.s3.amazonaws.com/photos/21700453/medium.jpeg,,,,1,0,false,2,"Pollachi - Dharapuram Rd, Makkinampatti, Pollachi, Tamil Nadu 642001, India",10.6559167,77.0299991,500,,,,500,,,false,,,,Coimbatore,Tamil Nadu,India,Tamil Nadu,Coimbatore,Siempreviva,Centratherum punctatum,Brazilian bachelor's button,Plantae,160297
14568784,537f8b54-8036-4392-8fac-349c73555219,2018-07-21 6:49:10 PM GMT+05:30,2018-07-21,2018-07-21 13:19:10 UTC,Chennai,1028130,syedgazanfar,Syed Gazanfar,2018-07-21 13:20:12 UTC,2022-06-21 21:51:37 UTC,research,,https://www.inaturalist.org/observations/14568784,https://static.inaturalist.org/photos/21708389/medium.jpeg,,,,2,0,false,2,"Srinagar, IN-JK, IN",34.1648906,74.8260389,300,,,,300,,,false,,,,Baramula (Kashmir North),Jammu and Kashmir,India,Jammu and Kashmir,Srinagar,jimsonweed,Datura stramonium,jimsonweed,Plantae,55854
14591730,39b96ee8-8e29-455f-9211-dbc8242de39b,Sun Jul 22 2018 07:12:55 GMT+0530 (GMT+5:30),2018-07-22,2018-07-22 01:42:55 UTC,Chennai,1091836,meetsevak,meet sevak,2018-07-22 01:43:55 UTC,2022-03-13 13:22:35 UTC,research,,https://www.inaturalist.org/observations/14591730,https://static.inaturalist.org/photos/21748500/medium.jpg,,,,3,0,false,3,"388440, Anand, Gujarat, IN",22.5507038856,72.9047465508,6,,,,6,,,false,,,,Anand,Gujarat,India,Gujarat,Anand,common lantana,Lantana camara,common lantana,Plantae,50333
14600155,d1cbb6d5-9aab-48d5-bd7f-0186f79e61c9,Sat Feb 25 2017 17:45:16 GMT+0530 (GMT+5:30),2017-02-25,2017-02-25 12:15:16 UTC,Chennai,1100618,dericdavis,,2018-07-22 08:57:02 UTC,2019-08-04 04:25:00 UTC,research,,https://www.inaturalist.org/observations/14600155,https://static.inaturalist.org/photos/21763746/medium.jpg,,,From my garden ,2,0,false,3,"680513, Guruvayoor-Manattala-Perakam-Edakkazhiyur, Kerala, IN",10.5128077807,76.0810097096,200,,,,200,,,false,,,,Thrissur,Kerala,India,Kerala,Thrissur,Common passionfruit,Passiflora edulis,common passionfruit,Plantae,51446
14600329,cb056e37-d3cf-4db1-8f5a-c3c47dfe8954,2018-07-22 2:38:55 PM IST,2018-07-22,2018-07-22 11:38:55 UTC,Jerusalem,1100408,subhashisbanerjee,subhashis banerjee,2018-07-22 09:13:40 UTC,2018-08-23 13:56:19 UTC,research,,https://www.inaturalist.org/observations/14600329,https://static.inaturalist.org/photos/21764207/medium.jpg,,,,1,0,false,2,"73/7, Rajendra Prasad Colony, Tollygunge, Kolkata, West Bengal 700033, India",22.4974174,88.3476144,60,,,,60,,,false,,,Kolkata and its Outskirts,Kolkata,West Bengal,India,West Bengal,Kolkata,Popping Pod,Ruellia tuberosa,popping pod,Plantae,291119
14680438,e918c236-e7bf-4c07-887f-d3ab483c4c61,2018-07-21 2:38:35 PM IST,2018-07-21,2018-07-21 11:38:35 UTC,Jerusalem,617273,softy_smith,Prateek Smith Mandal,2018-07-24 06:51:34 UTC,2021-11-07 10:28:25 UTC,research,,https://www.inaturalist.org/observations/14680438,https://static.inaturalist.org/photos/21885437/medium.jpeg,,,,1,0,false,2,"Unnamed Road, Chhattisgarh 494001, India",19.0192184448,82.123626709,,,,,,,open,false,gps,gps,,Bastar,Chhattisgarh,India,Chhattisgarh,Bastar,Sensitive Plant,Mimosa pudica,Sensitive Plant,Plantae,51921
14680904,37e0d366-f74b-4aea-b4be-cae4c18d240d,2018-07-23 3:28:00 PM IST,2018-07-23,2018-07-23 12:28:00 UTC,Jerusalem,1088324,anirudhabehera,Anirudha Behera,2018-07-24 07:23:27 UTC,2019-07-27 07:52:28 UTC,research,,https://www.inaturalist.org/observations/14680904,https://static.inaturalist.org/photos/21944343/medium.jpeg,,,,2,0,false,2,"National Aluminium Company Ltd, Angul, Odisha, India",20.8535888,85.1591164,2299,,,,2299,,,false,gps,gps,,Angul,Odisha,India,Odisha,Anugul,Tridax daisy,Tridax procumbens,Tridax daisy,Plantae,169944
14712167,6efb095f-c4ea-4a61-a625-8b5f89b33147,2018-07-25 1:55:14 pm GMT+05:30,2018-07-25,2018-07-25 08:25:14 UTC,Chennai,1092199,ganeshbabu,,2018-07-25 08:28:30 UTC,2020-06-11 21:52:11 UTC,research,CC-BY-NC,https://www.inaturalist.org/observations/14712167,https://inaturalist-open-data.s3.amazonaws.com/photos/21941024/medium.jpeg,,,,1,0,false,2,"SH 78, Tamil Nadu 642101, India",10.4467802048,76.98387146,,,,,,,open,false,gps,gps,,Coimbatore,Tamil Nadu,India,Tamil Nadu,Coimbatore,Sensitive Plant,Mimosa pudica,Sensitive Plant,Plantae,51921
14715301,9c6ec114-c0d2-46a9-97a1-565c38150515,2018-07-25 3:37:32 pm GMT+05:30,2018-07-25,2018-07-25 10:07:32 UTC,Chennai,1092199,ganeshbabu,,2018-07-25 12:58:10 UTC,2018-07-29 04:43:36 UTC,research,CC-BY-NC,https://www.inaturalist.org/observations/14715301,https://inaturalist-open-data.s3.amazonaws.com/photos/21946376/medium.jpeg,,,,1,0,false,2,"Attakatti, Tamil Nadu 642101, India",10.446015358,76.9839935303,,,,,,,,false,gps,gps,,Coimbatore,Tamil Nadu,India,Tamil Nadu,Coimbatore,common lantana,Lantana camara,common lantana,Plantae,50333
14717696,a1a3ef30-ecbe-4e43-b72c-1b723b679f24,,,,UTC,1106340,bluelotus,blue lotus,2018-07-25 14:41:20 UTC,2020-11-30 12:01:54 UTC,casual,,https://www.inaturalist.org/observations/14717696,https://static.inaturalist.org/photos/21950574/medium.jpg,,,,2,0,false,2,"Udhampur, IN-JK, IN",32.700036031,75.1469973475,175,,,,175,,,false,gps,gps,,Udhampur,Jammu and Kashmir,India,Jammu and Kashmir,Udhampur,Bush Morning Glory,Ipomoea carnea,Bush Morning Glory,Plantae,164081
14742175,3a666fd8-da6e-4bcf-928f-5b3f519d584c,2018/07/15 7:35 AM IST,2018-07-15,2018-07-15 02:05:00 UTC,Kolkata,34585,subhajit_roy,Subhajit Roy,2018-07-26 08:14:00 UTC,2018-07-26 08:15:44 UTC,needs_id,CC-BY,https://www.inaturalist.org/observations/14742175,https://inaturalist-open-data.s3.amazonaws.com/photos/21994985/medium.jpeg,,,,0,0,false,,Durgapur Barrage,23.473296,87.302075,,,,,,,,false,,,,Bankura,West Bengal,India,West Bengal,Bankura,Puncture Vine,Tribulus terrestris,puncture vine,Plantae,64238
14793630,893916b6-bcd3-46a8-86c6-b9ee4ab0da93,2018-07-20 8:15:06 PM GMT+05:30,2018-07-20,2018-07-20 14:45:06 UTC,Chennai,1062326,utpalachoubey,UTPALA CHOUBEY,2018-07-27 17:31:41 UTC,2018-08-21 00:42:28 UTC,research,,https://www.inaturalist.org/observations/14793630,https://static.inaturalist.org/photos/22080201/medium.jpeg,,,,1,0,false,2,"Outer Rd, BCCL Colony, Lohar Kulli, Dhanbad, Jharkhand 828127, India",23.8177028269,86.4505087584,6,,,,6,,,false,gps,gps,,Dhanbad,Jharkhand,India,Jharkhand,Dhanbad,common lantana,Lantana camara,common lantana,Plantae,50333
14822893,99bc9fa2-433c-4bb7-ac37-13c34b2f7810,2018-07-28 12:37:13 pm GMT+05:30,2018-07-28,2018-07-28 07:07:13 UTC,Chennai,1062972,ranjithkannankattilranjithkb,Ranjith Kannankattil (Ranjith KB),2018-07-28 08:19:49 UTC,2019-04-20 03:44:32 UTC,research,,https://www.inaturalist.org/observations/14822893,https://static.inaturalist.org/photos/22127462/medium.jpeg,,,,1,0,false,2,"Upanpal, Chhattisgarh 494001, India",19.095916748,82.172088623,,,,,,,,false,gps,gps,,Bastar,Chhattisgarh,India,Chhattisgarh,Bastar,Santa Maria feverfew,Parthenium hysterophorus,Santa Maria feverfew,Plantae,126424
14862678,de782290-cb11-48d7-8e74-54e26af1dadd,2018-07-28 10:43:40 am IST,2018-07-28,2018-07-28 07:43:40 UTC,Jerusalem,1112423,josephdavid,Joseph David,2018-07-29 02:04:54 UTC,2019-12-16 15:55:15 UTC,research,,https://www.inaturalist.org/observations/14862678,https://static.inaturalist.org/photos/22187426/medium.jpeg,,,"This grew near a indian drumstick plant, making it difficult to differentiate",3,0,false,2,"3/160, Dhanalakshmi Nagar, Lakshme Nagar, Madhanandapuram, Chennai, Tamil Nadu 600116, India",13.0194406509,80.1463851929,,,,,,,,false,gps,gps,,Thiruvallur,Tamil Nadu,India,Tamil Nadu,Thiruvallur,American Sicklepod,Senna obtusifolia,American Sicklepod,Plantae,62915
14950768,91ea3a7a-db4e-42fa-8d5e-129741e3e711,Tue Oct 09 2018 19:50:34 GMT+0530 (GMT+5:30),2018-10-09,2018-10-09 14:20:34 UTC,Chennai,660744,tandanhn79,,2018-07-30 16:29:56 UTC,2021-01-27 16:31:46 UTC,research,CC-BY-NC,https://www.inaturalist.org/observations/14950768,https://inaturalist-open-data.s3.amazonaws.com/photos/22302542/medium.jpeg,,,,2,0,false,2,"493554, Mahasamund, Chhattisgarh, IN",21.2532401585,82.826736793,18094,,,,18094,,,false,,,,Mahasamund,Chhattisgarh,India,Chhattisgarh,Mahasamund,Marvel of Peru,Mirabilis jalapa,Marvel of Peru,Plantae,50616
15011186,a7906ef0-56a7-43e0-aea6-a51ee1a2aa06,2018/06/30 9:32 AM IST,2018-06-30,2018-06-30 06:32:00 UTC,Jerusalem,951127,aniruddha_singhamahapatra,Aniruddha Singhamahapatra,2018-08-01 09:29:57 UTC,2019-10-03 19:31:45 UTC,research,CC-BY-NC,https://www.inaturalist.org/observations/15011186,https://static.inaturalist.org/photos/22398816/medium.jpeg,,,,2,0,false,,"Bankura, West Bengal, India",22.992444646,87.006869109,4,,,,4,,,false,,,,Bankura,West Bengal,India,West Bengal,Bankura,asthma plant,Euphorbia hirta,Asthma plant,Plantae,131560
15020879,621666ce-3f08-435c-bc7e-63da601d505f,2018/07/04 9:49 AM IST,2018-07-04,2018-07-04 06:49:00 UTC,Jerusalem,346436,rajibmaulick,Rajib Maulick,2018-08-01 17:24:29 UTC,2019-08-09 16:00:06 UTC,research,,https://www.inaturalist.org/observations/15020879,https://static.inaturalist.org/photos/22415144/medium.jpeg,,"Mexican creeper, coral vine, Ananta Lata, Antigonon leptopus, Plantae, Angiosperms, Eudicots, Core eudicots, Caryophyllales, Polygonaceae, Antigonon, Durgapur","Mexican creeper, coral vine, Ananta Lata, Antigonon leptopus, Plantae, Angiosperms, Eudicots, Core eudicots, Caryophyllales, Polygonaceae, Antigonon, Durgapur, Barddhaman, West Benagl, India, 04/07/18",2,0,false,,"A-Zone, Durgapur, West Bengal, India",23.570225,87.294555,,,,,,,,false,,,,Barddhaman,West Bengal,India,West Bengal,Barddhaman,Coral Bells,Antigonon leptopus,Coral Vine,Plantae,48380
15045304,6272a8de-1c5f-4a45-a10e-94c43c79abcb,2018-08-02 8:51:54 pm GMT+05:30,2018-08-02,2018-08-02 15:21:54 UTC,Chennai,1120112,venus5,Venus Jain,2018-08-02 15:23:56 UTC,2019-11-09 07:50:44 UTC,research,,https://www.inaturalist.org/observations/15045304,https://static.inaturalist.org/photos/22458672/medium.jpeg,,,,3,0,false,2,"A1 Block Road, Rajendra Park, Nangloi Extension, Nangloi, Delhi, 110041, India",28.6811191,77.0571073,60,,,,60,,,false,,,,Delhi,Delhi,India,NCT of Delhi,West,紅葉痲瘋樹,Jatropha gossypiifolia,Bellyache Bush,Plantae,119099
15080599,aa6f193c-ddfc-4b30-8c77-ae27d2fab8dd,2018/06/10 1:36 AM CDT,2018-06-10,2018-06-10 06:36:00 UTC,Central Time (US & Canada),7943,vijaybarve,Vijay Barve,2018-08-03 18:51:00 UTC,2019-07-18 09:46:55 UTC,research,CC-BY,https://www.inaturalist.org/observations/15080599,https://inaturalist-open-data.s3.amazonaws.com/photos/22520283/medium.jpeg,,"vijaybarve, diversityindia, FloraIndia",,1,0,false,,"Bannerghatta, Bangalore, Karnataka, India",12.72589,77.5660616667,,,,,,,,false,,,,Bangalore,Karnataka,India,Karnataka,Bangalore,common lantana,Lantana camara,common lantana,Plantae,50333
15125439,8e4d15e1-f667-4dfd-abba-1b738559a9d0,2018-08-05 9:00:23 AM IST,2018-08-05,2018-08-05 06:00:23 UTC,Jerusalem,1124499,motilalelangbam,Motilal Elangbam,2018-08-05 03:30:55 UTC,2024-10-21 22:54:16 UTC,research,,https://www.inaturalist.org/observations/15125439,https://static.inaturalist.org/photos/22602600/medium.jpeg,,,,2,0,false,2,"Hiyangthang, Manipur 795009, India",24.7302765,93.9038808,3200,,,,3200,,,false,,,,West Imphal,Manipur,India,Manipur,Imphal West,creeping woodsorrel,Oxalis corniculata,Creeping Woodsorrel,Plantae,53168
15164328,cf5a6704-9aee-4ee9-bcb6-3ba9eb93e862,2018-08-06 4:28:20 PM GMT+05:30,2018-08-06,2018-08-06 10:58:20 UTC,Chennai,1009776,atulsahaniwildlife,Atul Sahani,2018-08-06 10:58:54 UTC,2021-05-20 02:03:22 UTC,research,,https://www.inaturalist.org/observations/15164328,https://static.inaturalist.org/photos/22674173/medium.jpeg,,,,2,0,false,2,"Koni, Bilaspur, Chhattisgarh, India",22.125957489,82.1403884888,,,,,,,,false,gps,gps,,Bilaspur,Chhattisgarh,India,Chhattisgarh,Bilaspur,紅葉痲瘋樹,Jatropha gossypiifolia,Bellyache Bush,Plantae,119099
15222046,9806746e-a86e-4bb9-bae8-b16ea3ffd84c,2018/07/03 7:32 AM IST,2018-07-03,2018-07-03 04:32:00 UTC,Jerusalem,346436,rajibmaulick,Rajib Maulick,2018-08-08 10:39:25 UTC,2019-07-25 17:26:16 UTC,research,,https://www.inaturalist.org/observations/15222046,https://static.inaturalist.org/photos/22775613/medium.jpeg,,"Bon tamak, Nicotiana plumbaginifolia, Plantae, Angiosperms, Eudicots, Asterids, Solanales, Solanaceae, Nicotiana, Durgapur","Bon tamak, Nicotiana plumbaginifolia, Plantae, Angiosperms, Eudicots, Asterids, Solanales, Solanaceae, Nicotiana, Durgapur, Barddhaman, West Bengal, India, 03/047/18",1,0,false,,"B-Zone, Durgapur, West Bengal, India",23.569835,87.3094716667,,,,,,,,false,,,,Barddhaman,West Bengal,India,West Bengal,Barddhaman,Tex-Mex tobacco,Nicotiana plumbaginifolia,Tex-Mex tobacco,Plantae,165705
15224634,20119862-f9cb-4071-ac63-fad7957ca1ef,2018-08-08 7:21:52 PM IST,2018-08-08,2018-08-08 16:21:52 UTC,Jerusalem,1121246,jegmet,Jegmet Sangyas,2018-08-08 13:54:56 UTC,2021-11-07 10:27:47 UTC,research,,https://www.inaturalist.org/observations/15224634,https://static.inaturalist.org/photos/22780122/medium.jpeg,,,,1,0,false,2,"Udhampur, IN-JK, IN",32.80973432,75.31764168,8,,,,8,,open,false,gps,gps,,Udhampur,Jammu and Kashmir,India,Jammu and Kashmir,Udhampur,Sensitive Plant,Mimosa pudica,Sensitive Plant,Plantae,51921
15258123,5bde58d1-ef7c-4f16-84ed-df4990bd0f95,2018-08-09 3:21:10 PM GMT+05:30,2018-08-09,2018-08-09 09:51:10 UTC,Chennai,421985,gouri,Gouri Niranjan,2018-08-09 11:54:49 UTC,2021-08-18 13:00:22 UTC,research,,https://www.inaturalist.org/observations/15258123,https://static.inaturalist.org/photos/22830612/medium.jpeg,,,,2,0,false,2,"Karnataka 571807, India",12.4408226693,76.6978868097,132,,,,132,,open,false,gps,gps,,Mandya,Karnataka,India,Karnataka,Mandya,大花曼陀羅,Brugmansia suaveolens,night bells,Plantae,154768
15258962,9818eb81-e7d8-4d9a-8623-fc4bedc4ada3,2018-08-09 6:13:06 pm GMT+05:30,2018-08-09,2018-08-09 12:43:06 UTC,Chennai,1062972,ranjithkannankattilranjithkb,Ranjith Kannankattil (Ranjith KB),2018-08-09 12:46:45 UTC,2019-04-20 03:35:24 UTC,research,,https://www.inaturalist.org/observations/15258962,https://static.inaturalist.org/photos/22832005/medium.jpeg,,,,2,0,false,2,"Raipur - Jagdalpur - Vishakhapatnam road, Amagudha, Chhattisgarh 494001, India",19.0752449036,82.1592941284,,,,,,,,false,gps,gps,,Bastar,Chhattisgarh,India,Chhattisgarh,Bastar,common lantana,Lantana camara,common lantana,Plantae,50333
15312108,16661946-745b-4baf-9675-adae0133752a,Sat Aug 11 2018 09:31:49 GMT+0530 (GMT+5:30),2018-08-11,2018-08-11 04:01:49 UTC,Chennai,936973,akilan,,2018-08-11 07:39:28 UTC,2018-09-08 11:37:52 UTC,research,,https://www.inaturalist.org/observations/15312108,https://static.inaturalist.org/photos/22926165/medium.jpg,,,,1,0,false,3,"560093, Bengaluru South, Karnataka, IN",12.9758716667,77.6914533333,5,,,,5,,,false,,,,Bangalore,Karnataka,India,Karnataka,Bangalore,Sensitive Plant,Mimosa pudica,Sensitive Plant,Plantae,51921
15313269,3bb66b17-5e1e-43cc-a142-18edceef100a,2018-08-02 04:19:28,2018-08-02,2018-08-02 14:19:28 UTC,Hawaii,11318,satishnikam,Satish Nikam,2018-08-11 09:35:11 UTC,2018-08-11 09:35:14 UTC,needs_id,CC-BY-NC,https://www.inaturalist.org/observations/15313269,https://inaturalist-open-data.s3.amazonaws.com/photos/22928080/medium.jpg,,,,0,0,false,,Kurvande ,18.701228,73.388553,7623,,,,7623,,,false,,,,Raigarh,Maharashtra,India,Maharashtra,Raigarh,Common Sow-Thistle,Sonchus oleraceus,Common Sow-thistle,Plantae,53294
15381688,e43252c4-d7a4-4448-ba6a-f28a515e51df,Fri Aug 03 2018 16:06:54 GMT+0530 (GMT+5:30),2018-08-03,2018-08-03 10:36:54 UTC,Chennai,1138566,vsr,,2018-08-13 06:51:35 UTC,2025-01-20 17:46:51 UTC,research,,https://www.inaturalist.org/observations/15381688,https://static.inaturalist.org/photos/23050959/medium.jpg,,,,2,1,false,3,"572101, Tumkur, Karnataka, IN",13.3605559096,77.0986109227,300,,,,300,,open,false,,,,Tumkur,Karnataka,India,Karnataka,Tumkur,calabur tree,Muntingia calabura,calabur tree,Plantae,165586
15475899,bd537b3c-5e52-423c-bb88-2cf691315c00,Thu Aug 16 2018 14:23:52 GMT+0530 (GMT+5:30),2018-08-16,2018-08-16 08:53:52 UTC,Chennai,1107608,nikhilbabu,Nikhil Babu,2018-08-16 08:54:30 UTC,2019-09-30 05:26:59 UTC,casual,,https://www.inaturalist.org/observations/15475899,https://static.inaturalist.org/photos/23220261/medium.jpg,,,,2,0,true,3,"690502, Kayamkulam, Kerala, IN",9.1698200069,76.5042036586,5,,,,5,,,false,,,,Alappuzha,Kerala,India,Kerala,Alappuzha,Caladium bicolor,Caladium bicolor,Heart of Jesus,Plantae,283377
15476831,530e0cb4-52d4-4aa7-afc4-7f7e5ea75d2c,2018/07/08 11:27 AM IST,2018-07-08,2018-07-08 08:27:00 UTC,Jerusalem,346436,rajibmaulick,Rajib Maulick,2018-08-16 10:43:47 UTC,2019-07-20 08:26:08 UTC,research,,https://www.inaturalist.org/observations/15476831,https://static.inaturalist.org/photos/23222246/medium.jpeg,,"Copper leaf, smooth joyweed, Sanguinarea, Alternanthera ficoidea, Plantae, Angiosperms, Eudicots, Core eudicots, Caryophyllales, Amaranthaceae, Gomphrenoideae, Alternanthera, Durgapur","Copper leaf, smooth joyweed, Sanguinarea, Alternanthera ficoidea, Plantae, Angiosperms, Eudicots, Core eudicots, Caryophyllales, Amaranthaceae, Gomphrenoideae, Alternanthera, Durgapur, Barddhaman, West Benagl, India, 08/07/18",1,0,false,,"Barddhaman, West Bengal, India",23.5700816667,87.3093466667,,,,,,,,false,,,,Barddhaman,West Bengal,India,West Bengal,Barddhaman,Alternanthera ficoidea,Alternanthera ficoidea,sanguinaria,Plantae,279260
15477737,a22be15f-ac00-4539-b89e-dc8f810f7c96,Sun Aug 12 2018 18:19:40 GMT+0530 (GMT+5:30),2018-08-12,2018-08-12 12:49:40 UTC,Chennai,796313,blue_eyes,,2018-08-16 12:11:58 UTC,2018-08-27 12:45:19 UTC,research,,https://www.inaturalist.org/observations/15477737,https://static.inaturalist.org/photos/24052196/medium.jpg,,,,1,0,false,3,"8th C Main Road, Bengaluru South, Karnataka, IN",12.9288394049,77.6311435591,32,,,,32,,,false,,,,Bangalore,Karnataka,India,Karnataka,Bangalore,trailing daisy,Sphagneticola trilobata,trailing daisy,Plantae,246102
15564228,6c2f66b3-a1b7-490f-a393-78e8f5c69ae7,2018-08-17 6:37:52 PM GMT+05:30,2018-08-17,2018-08-17 13:07:52 UTC,Chennai,1145903,himanshusen,Himanshu Sen,2018-08-17 13:08:26 UTC,2020-09-10 15:22:16 UTC,research,,https://www.inaturalist.org/observations/15564228,https://static.inaturalist.org/photos/23283200/medium.jpeg,,,,2,0,false,2,"37, Junwani Rd, Vivekanand Nagar, Bajrang Para, Kohka, Bhilai, Chhattisgarh 490023, India",21.2187776,81.3363316,2200,,,,2200,,,false,,,,Durg,Chhattisgarh,India,Chhattisgarh,Durg,Candelabra Bush,Senna alata,Candelabra Bush,Plantae,81515
15598729,a952f11c-0b61-420b-9296-2bb7a7587690,Sat Aug 11 2018 09:39:59 GMT+0530 (GMT+5:30),2018-08-11,2018-08-11 04:09:59 UTC,Chennai,936973,akilan,,2018-08-18 01:15:47 UTC,2020-05-02 14:46:18 UTC,research,,https://www.inaturalist.org/observations/15598729,https://static.inaturalist.org/photos/23321280/medium.jpg,,,,2,0,false,3,"560093, Bengaluru South, Karnataka, IN",12.9725883333,77.6889883333,5,,,,5,,,false,,,,Bangalore,Karnataka,India,Karnataka,Bangalore,hairy senna,Senna hirsuta,hairy senna,Plantae,168840
15671546,53c8f714-e94d-4b93-8f99-b6ffae041dfb,Sun Aug 19 2018 07:58:08 GMT+0530 (GMT+5:30),2018-08-19,2018-08-19 02:28:08 UTC,Chennai,936973,akilan,,2018-08-19 04:49:05 UTC,2019-02-11 02:45:31 UTC,research,,https://www.inaturalist.org/observations/15671546,https://static.inaturalist.org/photos/23393383/medium.jpg,,,,1,0,false,3,"560093, Bengaluru South, Karnataka, IN",12.973295,77.6868133333,5,,,,5,,,false,,,,Bangalore,Karnataka,India,Karnataka,Bangalore,trailing daisy,Sphagneticola trilobata,trailing daisy,Plantae,246102
15677942,e7d2863f-27c9-4555-9f71-626704a947d5,2018-08-19 7:22:22 am GMT+05:30,2018-08-19,2018-08-19 01:52:22 UTC,Chennai,1148683,lokeshsonwani,Lokesh Sonwani,2018-08-19 07:39:44 UTC,2020-11-30 12:10:11 UTC,research,,https://www.inaturalist.org/observations/15677942,https://static.inaturalist.org/photos/23398036/medium.jpeg,,,,2,0,false,2,"Mungjhar, Chhattisgarh 493890, India",19.9397544861,82.6974487305,,,,,,,,false,gps,gps,,Gariaband,Chhattisgarh,India,Chhattisgarh,Gariaband,Bush Morning Glory,Ipomoea carnea,Bush Morning Glory,Plantae,164081
15807760,14f6452f-0f1f-4dec-babe-26e8c3e289ed,Thu Aug 23 2018 16:52:19 GMT+0530 (GMT+5:30),2018-08-23,2018-08-23 11:22:19 UTC,Chennai,917735,rahulkashyap411,Rahul Kashyap,2018-08-23 11:22:37 UTC,2020-06-11 22:00:22 UTC,research,,https://www.inaturalist.org/observations/15807760,https://static.inaturalist.org/photos/23629583/medium.jpg,,,,2,0,false,3,"560089, Bengaluru, Karnataka, IN",13.1457283662,77.5140579277,65,,,,65,,,false,,,,Bangalore,Karnataka,India,Karnataka,Bangalore,common lantana,Lantana camara,common lantana,Plantae,50333
15807776,edfc695e-3bcf-47df-8d7d-ef0c9a9e3e8b,Thu Aug 23 2018 16:53:19 GMT+0530 (GMT+5:30),2018-08-23,2018-08-23 11:23:19 UTC,Chennai,917735,rahulkashyap411,Rahul Kashyap,2018-08-23 11:24:33 UTC,2019-03-03 12:41:26 UTC,research,,https://www.inaturalist.org/observations/15807776,https://static.inaturalist.org/photos/23629631/medium.jpg,,,,1,0,false,3,"560089, Bengaluru, Karnataka, IN",13.145729549,77.5140514529,65,,,,65,,,false,,,,Bangalore,Karnataka,India,Karnataka,Bangalore,Siam weed,Chromolaena odorata,Siam weed,Plantae,199400
15837386,d9326c02-be88-4b46-8ee5-062913a600e8,2018-08-24 12:25:59 PM IST,2018-08-24,2018-08-24 09:25:59 UTC,Jerusalem,1154718,jagdishsupekar,Jagdish Supekar,2018-08-24 08:50:25 UTC,2019-02-24 16:15:33 UTC,research,CC-BY-NC,https://www.inaturalist.org/observations/15837386,https://inaturalist-open-data.s3.amazonaws.com/photos/23678439/medium.jpeg,,,duranta family,2,0,false,2,"पाणयाची टिकी रोड, शाहुपुरी, सातारा, महाराष्ट्र 415002, India",17.6917095184,73.981338501,,,,,,,,false,gps,gps,,Satara,Maharashtra,India,Maharashtra,Satara,skyflower,Duranta erecta,skyflower,Plantae,162153
15838057,beb9fd2c-655c-4f7d-b524-b488dbe0b9bd,Fri Aug 24 2018 10:06:34 GMT+0530 (GMT+5:30),2018-08-24,2018-08-24 04:36:34 UTC,Chennai,1159153,irs1484,,2018-08-24 09:42:58 UTC,2018-09-07 23:55:02 UTC,research,,https://www.inaturalist.org/observations/15838057,https://static.inaturalist.org/photos/23679542/medium.jpg,,,,1,0,false,3,"670672, , Kerala, IN",11.7273783451,75.5725842063,10,,,,10,,,false,,,,Kannur,Kerala,India,Kerala,Kannur,trailing daisy,Sphagneticola trilobata,trailing daisy,Plantae,246102
15868478,2ed16724-b161-4881-b387-9b7a69329adc,,,,UTC,821554,abhishek9,Abhishek Jaiswal,2018-08-25 06:31:58 UTC,2020-08-24 03:32:13 UTC,casual,,https://www.inaturalist.org/observations/15868478,https://static.inaturalist.org/photos/23727041/medium.jpg,,,,1,0,false,2,"Bilaspur - Marwahi Bypass Road, Koni, Bilaspur, Chhattisgarh 495009, India",22.1403812,82.124804,20,,,,20,,,false,,,,Bilaspur,Chhattisgarh,India,Chhattisgarh,Bilaspur,common lantana,Lantana camara,common lantana,Plantae,50333
15870479,2c08cc0b-48ea-4627-8650-c2f502c6e93b,2018/07/04 8:25 AM IST,2018-07-04,2018-07-04 05:25:00 UTC,Jerusalem,346436,rajibmaulick,Rajib Maulick,2018-08-25 10:21:34 UTC,2018-10-21 13:07:21 UTC,research,,https://www.inaturalist.org/observations/15870479,https://static.inaturalist.org/photos/23730483/medium.jpeg,,"Hatishur, Indian Heliotrop, Heliotropium indicum, Plantae, Angiosperms, Eudicots, Asterids, Boraginales, Boraginaceae, Heliotropium, Durgapur","Hatishur, Indian Heliotrop, Heliotropium indicum, Plantae, Angiosperms, Eudicots, Asterids, Boraginales, Boraginaceae, Heliotropium, Durgapur, West Barddhaman, West Bengal, India, 04/07/18",1,0,false,,"Bardhaman, West Bengal, India",23.5894866667,87.3431666667,,,,,,,,false,,,,Barddhaman,West Bengal,India,West Bengal,Barddhaman,Indian Heliotrope,Heliotropium indicum,Indian Heliotrope,Plantae,83492
15872290,79dd2b1d-3936-40cc-b30d-d12af5b024b6,2018-08-25 6:16:12 PM GMT+05:30,2018-08-25,2018-08-25 12:46:12 UTC,Chennai,1161411,sreekumarpk,Sreekumar Pk,2018-08-25 13:02:50 UTC,2019-07-27 07:52:28 UTC,research,,https://www.inaturalist.org/observations/15872290,https://static.inaturalist.org/photos/23734093/medium.jpeg,,,,2,0,false,2,"VST 5th Cross Rd, Vakil Satellite Township, Gopasandra, Bengaluru, Karnataka 560099, India",12.85315515,77.73228188,7,,,,7,,,false,,,,Bangalore,Karnataka,India,Karnataka,Bangalore,Tridax daisy,Tridax procumbens,Tridax daisy,Plantae,169944
15872297,d9aa6013-b8fb-49b6-be56-84420b53ca00,2018-08-25 6:22:13 PM GMT+05:30,2018-08-25,2018-08-25 12:52:13 UTC,Chennai,1161411,sreekumarpk,Sreekumar Pk,2018-08-25 13:03:15 UTC,2018-08-28 15:10:22 UTC,research,,https://www.inaturalist.org/observations/15872297,https://static.inaturalist.org/photos/23734113/medium.jpeg,,,,1,0,false,2,"VST 5th Cross Rd, Vakil Satellite Township, Gopasandra, Bengaluru, Karnataka 560099, India",12.8530982,77.73222622,9,,,,9,,,false,,,,Bangalore,Karnataka,India,Karnataka,Bangalore,Siam weed,Chromolaena odorata,Siam weed,Plantae,199400
15902797,96965734-da5a-4863-994e-6e080f97e21d,2018-08-26 11:54:56 AM IST,2018-08-26,2018-08-26 08:54:56 UTC,Jerusalem,951940,waterhorse,,2018-08-26 06:26:33 UTC,2019-05-09 13:13:54 UTC,casual,CC-BY-NC,https://www.inaturalist.org/observations/15902797,https://inaturalist-open-data.s3.amazonaws.com/photos/23782821/medium.jpeg,,,,1,0,true,2,"Manipal Dr, Madhav Nagar, Manipal, Karnataka 576104, India",13.35170825,74.78531379,8,,,,8,,,false,,,Manipal and Surrounds,Udupi,Karnataka,India,Karnataka,Udupi,Heliconia psittacorum,Heliconia psittacorum,Parrot's Beak,Plantae,260753
15908812,2324b882-fab7-4de4-9210-525afb3859ad,2018-08-25 6:10:24 AM GMT+05:30,2018-08-25,2018-08-25 00:40:24 UTC,Chennai,342643,firos_ak,Firos AK,2018-08-26 14:03:24 UTC,2024-04-17 17:25:15 UTC,casual,CC-BY,https://www.inaturalist.org/observations/15908812,https://inaturalist-open-data.s3.amazonaws.com/photos/23793477/medium.jpeg,,,,2,0,true,2,"Mudappilavil, Kerala, India",11.5809936523,75.6309509277,,,,,,,,false,gps,gps,,Kozhikode,Kerala,India,Kerala,Kozhikode,wishbone flower,Torenia fournieri,wishbone flower,Plantae,169793
15908954,ebf4169e-da6f-4aa9-9b1b-365d98440f8d,2018-08-16 11:55:24 AM GMT+05:30,2018-08-16,2018-08-16 06:25:24 UTC,Chennai,342643,firos_ak,Firos AK,2018-08-26 14:08:05 UTC,2024-04-17 17:25:16 UTC,casual,CC-BY,https://www.inaturalist.org/observations/15908954,https://inaturalist-open-data.s3.amazonaws.com/photos/23793806/medium.jpeg,,,,2,0,true,2,"Bankroad-Kurunthodi Rd, Keezhal, Mudappilavil, Kerala 673521, India",11.576716423,75.632598877,,,,,,,,false,gps,gps,,Kozhikode,Kerala,India,Kerala,Kozhikode,wishbone flower,Torenia fournieri,wishbone flower,Plantae,169793
15909968,dbfb198e-be5f-4b0a-9361-5c616c8f8659,2018/08/14 7:23 AM EDT,2018-08-14,2018-08-14 11:23:00 UTC,Eastern Time (US & Canada),264913,ash2016,Ashwin Srinivasan,2018-08-26 14:40:12 UTC,2019-08-09 15:51:21 UTC,research,CC-BY,https://www.inaturalist.org/observations/15909968,https://inaturalist-open-data.s3.amazonaws.com/photos/23794669/medium.jpeg,,"india, plant, flower, 2018",Introduced.,1,0,false,,"Kodaikanal, Tamil Nadu, India",10.2304226457,77.4758477076,13,,,,13,,,false,,,,Dindigul,Tamil Nadu,India,Tamil Nadu,Dindigul,black wattle,Acacia mearnsii,black wattle,Plantae,75250
15909972,df89a1ce-80eb-4a39-bf36-fa464ebc297d,2018/08/14 7:23 AM EDT,2018-08-14,2018-08-14 11:23:00 UTC,Eastern Time (US & Canada),264913,ash2016,Ashwin Srinivasan,2018-08-26 14:40:14 UTC,2019-08-09 15:51:06 UTC,research,CC-BY,https://www.inaturalist.org/observations/15909972,https://inaturalist-open-data.s3.amazonaws.com/photos/23794678/medium.jpeg,,"india, plant, fruit, 2018",Introduced.,2,0,false,,"Kodaikanal, Tamil Nadu, India",10.2303619357,77.4758225423,13,,,,13,,,false,,,,Dindigul,Tamil Nadu,India,Tamil Nadu,Dindigul,bugweed,Solanum mauritianum,bugweed,Plantae,133287
15909973,d0153d64-ffbd-4947-b5bf-84994cf3b5ef,2018/08/14 7:25 AM EDT,2018-08-14,2018-08-14 11:25:00 UTC,Eastern Time (US & Canada),264913,ash2016,Ashwin Srinivasan,2018-08-26 14:40:15 UTC,2022-09-23 08:10:57 UTC,research,CC-BY,https://www.inaturalist.org/observations/15909973,https://inaturalist-open-data.s3.amazonaws.com/photos/23794701/medium.jpeg,,"india, plant, flower, 2018",Introduced.,2,0,false,,"Kodaikanal, Tamil Nadu, India",10.2303117839,77.4757796269,13,,,,13,,,false,,,,Dindigul,Tamil Nadu,India,Tamil Nadu,Dindigul,oceanblue morning glory,Ipomoea indica,oceanblue morning glory,Plantae,77496
15909977,e56d909b-4c06-4ea5-a896-a76ac0264347,2018/08/14 7:21 AM EDT,2018-08-14,2018-08-14 11:21:00 UTC,Eastern Time (US & Canada),264913,ash2016,Ashwin Srinivasan,2018-08-26 14:40:18 UTC,2019-08-09 15:50:33 UTC,research,CC-BY,https://www.inaturalist.org/observations/15909977,https://inaturalist-open-data.s3.amazonaws.com/photos/23794829/medium.jpeg,,"india, plant, flower, 2018",Introduced.,2,0,false,,"Kodaikanal, Tamil Nadu, India",10.230224662,77.4757598198,24,,,,24,,,false,,,,Dindigul,Tamil Nadu,India,Tamil Nadu,Dindigul,common lantana,Lantana camara,common lantana,Plantae,50333
15911923,8f155e30-9416-44f2-a20b-79baf74fb769,2018-08-24 3:29:52 pm GMT+05:30,2018-08-24,2018-08-24 09:59:52 UTC,Chennai,862610,hareeshaas,Hareesha A S,2018-08-26 15:33:55 UTC,2023-09-01 22:28:25 UTC,research,CC-BY-NC,https://www.inaturalist.org/observations/15911923,https://inaturalist-open-data.s3.amazonaws.com/photos/23798954/medium.jpeg,,,,1,0,false,2,"Chikballapura, IN-KA, IN",13.27708052,77.83500723,4,,,,4,,,false,,,,Chikballapura,Karnataka,India,Karnataka,Chikballapura,mesquite,Neltuma juliflora,mesquite,Plantae,1493141
15918227,9cc8a1d1-2afb-44e9-ae23-228644c96934,2018/08/14 9:42 AM IST,2018-08-14,2018-08-14 06:42:00 UTC,Jerusalem,1094491,manumohan,Manu Mohan,2018-08-26 18:54:17 UTC,2020-09-06 17:59:14 UTC,research,,https://www.inaturalist.org/observations/15918227,https://static.inaturalist.org/photos/23810242/medium.jpg,,,,2,0,false,,"Pettah, Thiruvananthapuram, Kerala, India",8.4952929833,76.9302379477,26,,,,26,,,false,,,,Thiruvananthapuram,Kerala,India,Kerala,Thiruvananthapuram,Marvel of Peru,Mirabilis jalapa,Marvel of Peru,Plantae,50616
15940697,30873ed7-c52f-47ba-9f40-adf81ecfcd2c,2018/08/02 10:01 AM IST,2018-08-02,2018-08-02 07:01:00 UTC,Jerusalem,346436,rajibmaulick,Rajib Maulick,2018-08-27 10:32:26 UTC,2019-04-16 09:34:35 UTC,research,,https://www.inaturalist.org/observations/15940697,https://static.inaturalist.org/photos/23852582/medium.jpeg,,"Singapore Daisy, Bhimra, Sphagneticola trilobata, Plantae, Angiosperms, Eudicots, Asterids, Asterales, Asteraceae, Sphagneticola, Rabindrasarovar","Singapore Daisy, Bhimra, Sphagneticola trilobata, Plantae, Angiosperms, Eudicots, Asterids, Asterales, Asteraceae, Sphagneticola, Rabindrasarovar, Kolkata, West Bengal, 02/08/18",2,0,false,,"Dhakuria, Rabindra Sarobar, Kolkata, West Bengal 700045, India",22.5117266,88.3591439,691,,,,691,,,false,,,Kolkata and its Outskirts,Kolkata,West Bengal,India,West Bengal,Kolkata,Sphagneticola trilobata,Sphagneticola trilobata,trailing daisy,Plantae,246102
15945183,f962f19c-0e84-4526-b3b1-e1e7bca1db7a,Sun Aug 19 2018 10:00:37 GMT+0530 (GMT+5:30),2018-08-19,2018-08-19 04:30:37 UTC,Chennai,202610,bijoy,Bijoy Venugopal,2018-08-27 14:54:15 UTC,2018-08-31 14:54:22 UTC,research,CC-BY-NC,https://www.inaturalist.org/observations/15945183,https://inaturalist-open-data.s3.amazonaws.com/photos/23860291/medium.jpg,,,,4,0,false,3,"560082, Bengaluru South, Karnataka, IN",12.8076966667,77.52678,5,,,,5,,,false,,,,Bangalore,Karnataka,India,Karnataka,Bangalore,stinking passionflower,Passiflora foetida,stinking passionflower,Plantae,51448
15968590,3252c33a-5e73-4545-822d-da6faabe853f,2018-08-28 12:19:17 PM IST,2018-08-28,2018-08-28 09:19:17 UTC,Jerusalem,1154718,jagdishsupekar,Jagdish Supekar,2018-08-28 07:04:42 UTC,2023-02-20 07:06:41 UTC,research,CC-BY-NC,https://www.inaturalist.org/observations/15968590,https://inaturalist-open-data.s3.amazonaws.com/photos/23902649/medium.jpeg,,,,3,0,false,2,"पाणयाची टिकी रोड, शाहुपुरी, सातारा, महाराष्ट्र 415002, India",17.6916732788,73.9814224243,,,,,,,,false,gps,gps,,Satara,Maharashtra,India,Maharashtra,Satara,Cypress Vine,Ipomoea quamoclit,Cypress Vine,Plantae,126869
15969937,82d4b2d3-5d25-4f05-9e9b-483e40421f80,2018/07/04 7:24 AM IST,2018-07-04,2018-07-04 04:24:00 UTC,Jerusalem,346436,rajibmaulick,Rajib Maulick,2018-08-28 10:17:28 UTC,2019-12-04 22:23:50 UTC,research,,https://www.inaturalist.org/observations/15969937,https://static.inaturalist.org/photos/23905028/medium.jpeg,,"Coffee weed, Kalkashundi, Senna occidentalis, Plantae, Angiosperms, Eudicots, Rosids. Fabales, Fabaceae, Caesalpinioideae, Cassieae, Senna, Durgapur","Coffee weed, Kalkashundi, Senna occidentalis, Plantae, Angiosperms, Eudicots, Rosids. Fabales, Fabaceae, Caesalpinioideae, Cassieae, Senna, Durgapur, West Barddhaman, West Bengal, India, 04/07/18",2,0,false,,"Bardhaman, West Bengal, India",23.5893583333,87.33496,,,,,,,,false,,,,Barddhaman,West Bengal,India,West Bengal,Barddhaman,Coffee Senna,Senna occidentalis,Coffee Senna,Plantae,168847
15976705,3f6dbc5b-9c10-4cd7-ade6-5abd73b4a814,2018/07/03 7:16 AM IST,2018-07-03,2018-07-03 04:16:00 UTC,Jerusalem,346436,rajibmaulick,Rajib Maulick,2018-08-28 16:48:23 UTC,2018-09-11 22:47:14 UTC,research,,https://www.inaturalist.org/observations/15976705,https://static.inaturalist.org/photos/23917086/medium.jpeg,,"False Daisy, Trailing eclipta, Keshud, Bhringaraj, Eclipta prostrata, Plantae, Angiosperms, Eudicots, Asterids, Asterales, Asteraceae, Eclipta, Durgapur","False Daisy, Trailing eclipta, Keshud, Bhringaraj, Eclipta prostrata, Plantae, Angiosperms, Eudicots, Asterids, Asterales, Asteraceae, Eclipta, Durgapur, Barddhaman, West Bengal, India, 03/07/18",1,0,false,,"B-Zone, Durgapur, West Bengal, India",23.5676588,87.3165222,2987,,,,2987,,,false,,,,Barddhaman,West Bengal,India,West Bengal,Barddhaman,false daisy,Eclipta prostrata,false daisy,Plantae,76765
15977882,90795ed2-015d-418d-af4b-dc4d91d97bb0,2018/08/12 12:29 PM IST,2018-08-12,2018-08-12 09:29:00 UTC,Jerusalem,346436,rajibmaulick,Rajib Maulick,2018-08-28 17:35:27 UTC,2018-08-28 17:40:52 UTC,needs_id,,https://www.inaturalist.org/observations/15977882,https://static.inaturalist.org/photos/23919187/medium.jpeg,,"Sky flower, Golden Dew Drop, Pigeon Berry, Kanta mehedi, Duranta erecta, Plantae, Angiosperms, Eudicots, Asterids, Lamiales, Verbenaceae, Duranta, Central Park, Saltlake","Sky flower, Golden Dew Drop, Pigeon Berry, Kanta mehedi, Duranta erecta, Plantae, Angiosperms, Eudicots, Asterids, Lamiales, Verbenaceae, Duranta, Central Park, Saltlake, Kolkata, 12/08/18",0,0,false,,"Salt Lake City, Kolkata, West Bengal, India",22.58665,88.416605,,,,,,,,false,,,Kolkata and its Outskirts,North 24 Parganas,West Bengal,India,West Bengal,North 24 Parganas,Skyflower,Duranta erecta,skyflower,Plantae,162153
15991707,3a43fbed-57e4-47d9-9c86-911f0e9957a9,2018-08-29 8:43:04 am GMT+05:30,2018-08-29,2018-08-29 03:13:04 UTC,Chennai,951127,aniruddha_singhamahapatra,Aniruddha Singhamahapatra,2018-08-29 03:14:49 UTC,2022-08-14 02:49:23 UTC,research,CC-BY-NC,https://www.inaturalist.org/observations/15991707,https://static.inaturalist.org/photos/23944973/medium.jpeg,,,,2,0,false,2,"Revoli Tunnel, Gunj Bazar, Shimla, Himachal Pradesh 171001, India",31.1051052788,77.1731896698,2104,,,,2104,,,false,gps,gps,,Shimla,Himachal Pradesh,India,Himachal Pradesh,Shimla,common morning-glory,Ipomoea purpurea,common morning-glory,Plantae,52344
15992148,a6084d5c-294b-42ee-b4d3-1297cd100350,2018-08-24 5:05:43 PM GMT+05:30,2018-08-24,2018-08-24 11:35:43 UTC,Chennai,1001007,susmitabera,Susmita Bera,2018-08-29 03:41:58 UTC,2018-09-05 06:41:56 UTC,research,,https://www.inaturalist.org/observations/15992148,https://static.inaturalist.org/photos/23945739/medium.jpeg,,,,2,0,false,2,"Kolkata, IN-WB, IN",22.544633,88.3679349,22,,,,22,,,false,,,Kolkata and its Outskirts,Kolkata,West Bengal,India,West Bengal,Kolkata,trailing daisy,Sphagneticola trilobata,trailing daisy,Plantae,246102
15994346,3ff9de9d-023d-4f29-a4d7-3f8dad1fb4c3,2018-04-27 9:19:14 am GMT+05:30,2018-04-27,2018-04-27 03:49:14 UTC,Chennai,693316,jyoti4,Jyoti sahu,2018-08-29 06:56:47 UTC,2019-07-13 11:49:34 UTC,needs_id,,https://www.inaturalist.org/observations/15994346,https://static.inaturalist.org/photos/23950023/medium.jpeg,,,,1,0,false,2,"Dabnai, Chhattisgarh 493890, India",19.8958950043,82.665687561,,,,,,,,false,gps,gps,,Gariaband,Chhattisgarh,India,Chhattisgarh,Gariaband,Mexican prickly poppy,Argemone mexicana,Mexican prickly poppy,Plantae,128533
16000814,c83703dc-8c78-4224-9af4-8e05f9aacec8,2018-08-29 3:43:43 pm GMT+05:30,2018-08-29,2018-08-29 10:13:43 UTC,Chennai,663120,gulabsahu,Gulab Sahu,2018-08-29 14:45:56 UTC,2020-08-24 03:32:12 UTC,research,,https://www.inaturalist.org/observations/16000814,https://static.inaturalist.org/photos/23961368/medium.jpeg,,,,2,0,false,2,"Mumbai - Kolkata Highway, Nawagaon-1, Chhattisgarh 492101, India",21.2228598154,81.8135611184,6,,,,6,,,false,,,,Raipur,Chhattisgarh,India,Chhattisgarh,Raipur,Coral Bells,Antigonon leptopus,Coral Vine,Plantae,48380
16004262,7783eea1-e9a6-41af-8810-4d835708509a,2017-11-20 8:33:07 am IST,2017-11-20,2017-11-20 06:33:07 UTC,Jerusalem,703022,neelimapradhan,NEELIMA PRADHAN,2018-08-29 16:52:44 UTC,2020-08-24 20:46:29 UTC,needs_id,,https://www.inaturalist.org/observations/16004262,https://static.inaturalist.org/photos/23967048/medium.jpeg,,,,0,0,false,2,"Hazaribagh Rd, Deobhog, Chhattisgarh 493890, India",19.8947872,82.6589249,20,,,,20,,,false,,,,Gariaband,Chhattisgarh,India,Chhattisgarh,Gariaband,Yellow alder,Turnera ulmifolia,Yellow alder,Plantae,170055
16005928,9bcb4652-f25f-4382-bc75-2f2fb311854a,2018-08-23 08:23:03,2018-08-23,2018-08-23 02:53:03 UTC,Kolkata,8853,ivijayanand,Vijay Anand Ismavel,2018-08-29 17:50:02 UTC,2023-12-19 00:41:47 UTC,research,CC-BY-NC,https://www.inaturalist.org/observations/16005928,https://inaturalist-open-data.s3.amazonaws.com/photos/23970060/medium.jpg,,"Tecoma stans, Hyderabad Flora, Nikon D800, Hyderabad Flora-3 - Tecoma stans","Location: Leonia Holistic Destination, Hyderabad
Date: 23rd August 2018
Equipment: Nikon D800 with Nikkor 300mm f4",1,0,false,,"Leonia Wholistic Destination, Hyderabad",17.577553,78.601677,,,,,,,open,false,,,,Rangareddi,Telangana,India,Telangana,Ranga Reddy,yellow trumpet flower,Tecoma stans,yellow trumpet flower,Plantae,48363
16006649,48f19ccd-e249-439b-a0a9-c2b49d511b3e,Wed Aug 29 2018 23:49:44 GMT+0530 (GMT+5:30),2018-08-29,2018-08-29 18:19:44 UTC,Chennai,1171025,atharva1910,,2018-08-29 18:20:28 UTC,2020-06-06 08:43:02 UTC,casual,,https://www.inaturalist.org/observations/16006649,https://static.inaturalist.org/photos/23971205/medium.jpg,,,,2,0,true,3,"411027, Haveli, Maharashtra, IN",18.5969359428,73.7776217703,100,,,,100,,,false,,,,Pune,Maharashtra,India,Maharashtra,Pune,Banderilla sudamericana,Caladium bicolor,Heart of Jesus,Plantae,283377
16024433,c45fc5eb-01ce-4f35-a027-112b5eeec9cd,2018/08/19 8:25 AM IST,2018-08-19,2018-08-19 05:25:00 UTC,Jerusalem,346436,rajibmaulick,Rajib Maulick,2018-08-30 10:54:55 UTC,2021-08-28 12:38:50 UTC,research,,https://www.inaturalist.org/observations/16024433,https://static.inaturalist.org/photos/24004425/medium.jpeg,,"Oval Leaf Pondweed, Panee Kachu, Monochoria vaginalis, Plantae, Angiosperms, Monocots, Commelinids, Commelinales, Pontederiaceae, Monochoria, Durgapur","Oval Leaf Pondweed, Panee Kachu, Monochoria vaginalis, Plantae, Angiosperms, Monocots, Commelinids, Commelinales, Pontederiaceae, Monochoria, Durgapur, West Barddhaman, West Bengal, India, 19/08/18",1,0,false,,"Bardhaman, West Bengal, India",23.5865833333,87.3347833333,,,,,,,open,false,,,,Barddhaman,West Bengal,India,West Bengal,Barddhaman,Pontederia vaginalis,Pontederia vaginalis,Heartleaf False Pickerelweed,Plantae,962662
16026975,1b5d14aa-0a3a-4e2c-8c8f-208dd89b9a26,2018-08-19 5:52:08 PM IST,2018-08-19,2018-08-19 14:52:08 UTC,Jerusalem,1172782,milanmehta,Milan Mehta,2018-08-30 13:38:50 UTC,2020-12-14 05:31:23 UTC,research,,https://www.inaturalist.org/observations/16026975,https://static.inaturalist.org/photos/24009037/medium.jpeg,,,,2,0,false,2,"India Colony, 401606, India",20.1506637241,72.8034313023,6,,,,6,,,false,gps,gps,,Valsad,Gujarat,India,Gujarat,Valsad,Tulipán africano,Spathodea campanulata,African tulip tree,Plantae,126566
16034185,52481f8d-205a-4e8d-a34b-43ad739de4a1,2018-08-30 11:21:10 pm GMT+05:30,2018-08-30,2018-08-30 17:51:10 UTC,Chennai,1172493,rupammandal01,Rupam Mandal,2018-08-30 18:02:55 UTC,2019-08-06 19:54:09 UTC,research,CC-BY-NC,https://www.inaturalist.org/observations/16034185,https://inaturalist-open-data.s3.amazonaws.com/photos/24020896/medium.jpg,,,"Lantana is a genus of about 150 species of perennial flowering plants in the verbenafamily, Verbenaceae. They are native to tropical regions of the Americas and Africabut exist as an introduced species in numerous areas, especially in the Australian-Pacific region. The genus includes both herbaceous plants and shrubs growing to 0.5–2 m (1.6–6.6 ft) tall. Their common names are shrub verbenas or lantanas. The generic name originated in Late Latin",2,0,false,2,"Bankura, IN-WB, IN",23.2306585853,87.0474614604,4,,,,4,,,false,gps,gps,,Bankura,West Bengal,India,West Bengal,Bankura,common lantana,Lantana camara,common lantana,Plantae,50333
16065005,42fd39c8-c4e7-4dee-8d8d-8d9f0dc30236,2018-08-31T11:46,2018-08-31,2018-08-31 01:46:00 UTC,Sydney,196849,questagame,QuestaGame,2018-08-31 10:38:43 UTC,2021-06-18 07:38:49 UTC,needs_id,CC-BY,https://www.inaturalist.org/observations/16065005,https://inaturalist-open-data.s3.amazonaws.com/photos/24055476/medium.jpg,,,"Sighting and photos (c) harleen_bhargava.
",1,0,false,111,"Pune, IN-MH, IN",18.4149048888,73.6877476764,,,,,30649,obscured,,true,,,,Pune,Maharashtra,India,Maharashtra,Pune,common lantana,Lantana camara,common lantana,Plantae,50333
16067131,76a3aad4-be7f-489c-b734-e8d6fc86cf59,Thu Mar 29 2018 06:37:08 GMT+0530 (GMT+5:30),2018-03-29,2018-03-29 01:07:08 UTC,Chennai,1175242,sarzn,Sarz N,2018-08-31 13:15:49 UTC,2018-09-06 01:41:38 UTC,research,,https://www.inaturalist.org/observations/16067131,https://static.inaturalist.org/photos/24059471/medium.jpg,,,,4,0,false,3,"Palar River, Kancheepuram, Tamil Nadu, IN",12.470584268,80.1397035943,337312,,,,337312,,,false,,,,Kancheepuram,Tamil Nadu,India,Tamil Nadu,Kancheepuram,stinking passionflower,Passiflora foetida,stinking passionflower,Plantae,51448
16089338,4c710ba1-3ac0-4fc6-a360-fca54808e571,Sat Sep 01 2018 09:34:49 GMT+0530 (GMT+5:30),2018-09-01,2018-09-01 04:04:49 UTC,Chennai,1161491,liquidmetal,Ravi,2018-09-01 04:10:09 UTC,2018-09-01 04:10:27 UTC,casual,CC-BY-NC,https://www.inaturalist.org/observations/16089338,https://inaturalist-open-data.s3.amazonaws.com/photos/24099967/medium.jpg,,,,0,0,true,3,"Netaji Palakar Marg, Mumbai, Maharashtra, IN",19.0943842102,72.8925435059,30,,,,30,,,false,,,,Greater Bombay,Maharashtra,India,Maharashtra,Mumbai Suburban,,Mirabilis jalapa,Marvel of Peru,Plantae,50616
16117513,a8262081-1bcb-49ea-a501-9a8fa23d82b5,2015/08/19 7:10 PM NZST,2015-08-19,2015-08-19 07:10:00 UTC,Wellington,58469,rogerfrost,Roger Frost,2018-09-02 00:44:17 UTC,2023-12-10 08:35:24 UTC,research,CC-BY-NC,https://www.inaturalist.org/observations/16117513,https://inaturalist-open-data.s3.amazonaws.com/photos/24150354/medium.jpg,,,,3,0,false,,"Alappuzha, Kerala, India",9.5152995471,76.4521072544,1953,,,,1953,,,false,,,,Alappuzha,Kerala,India,Kerala,Alappuzha,common water hyacinth,Pontederia crassipes,common water hyacinth,Plantae,962637
16120204,78dd1115-fb3f-4a0f-b24c-0f41ebce2f8d,2015/08/31 4:03 PM NZST,2015-08-31,2015-08-31 04:03:00 UTC,Wellington,58469,rogerfrost,Roger Frost,2018-09-02 02:21:54 UTC,2018-09-07 22:45:16 UTC,research,CC-BY-NC,https://www.inaturalist.org/observations/16120204,https://inaturalist-open-data.s3.amazonaws.com/photos/24153192/medium.jpg,,,,3,0,false,,"Idukki, Kerala, India",9.587706461,77.1875085693,244,,,,244,,,false,,,,Idukki,Kerala,India,Kerala,Idukki,tropical milkweed,Asclepias curassavica,tropical milkweed,Plantae,75602
16120325,bce49377-2e4c-4caa-8ea3-96d5555add9e,Sat Sep 01 2018 09:05:50 GMT+0530 (GMT+5:30),2018-09-01,2018-09-01 03:35:50 UTC,Chennai,936973,akilan,,2018-09-02 02:26:58 UTC,2018-09-05 06:48:51 UTC,research,,https://www.inaturalist.org/observations/16120325,https://static.inaturalist.org/photos/24163294/medium.jpg,,,,1,0,false,3,"Doddanakundi Lake, Bengaluru, Karnataka, IN",12.97338,77.6868133333,5,,,,5,,,false,,,,Bangalore,Karnataka,India,Karnataka,Bangalore,trailing daisy,Sphagneticola trilobata,trailing daisy,Plantae,246102
16124121,7a9bcdc9-4125-47d3-b730-0dab2d37d1d4,2018-09-02 10:31:04 AM IST,2018-09-02,2018-09-02 07:31:04 UTC,Jerusalem,885116,saksm,,2018-09-02 05:04:17 UTC,2022-12-19 08:03:39 UTC,casual,,https://www.inaturalist.org/observations/16124121,https://static.inaturalist.org/photos/24162073/medium.jpeg,,,,1,0,true,2,"K137, Neeladri Rd, Karuna Nagar, Electronics City Phase 1, Electronic City, Bengaluru, Karnataka 560100, India",12.8417292,77.6483522,23,,,,23,,open,false,,,,Bangalore,Karnataka,India,Karnataka,Bangalore,nightshades,Solanum americanum,American black nightshade,Plantae,59035
16129135,42d8e7a5-f98e-4d6b-852d-39441b91de27,Sun Sep 02 2018 17:31:55 GMT+0530 (GMT+5:30),2018-09-02,2018-09-02 12:01:55 UTC,Chennai,529045,vrundavijay,,2018-09-02 12:32:22 UTC,2018-09-06 05:10:18 UTC,casual,,https://www.inaturalist.org/observations/16129135,https://static.inaturalist.org/photos/24172118/medium.jpg,,,,1,0,true,3,"1629 3rd A Cross Road, Bengaluru South, Karnataka, IN",12.91308,77.5909416667,5,,,,5,,,false,,,,Bangalore,Karnataka,India,Karnataka,Bangalore,Marvel of Peru,Mirabilis jalapa,Marvel of Peru,Plantae,50616
16129180,51f578fb-167e-47c3-87cd-c91af645eff9,2018-08-29 7:15:10 AM GMT+05:30,2018-08-29,2018-08-29 01:45:10 UTC,Chennai,1001007,susmitabera,Susmita Bera,2018-09-02 12:35:15 UTC,2018-10-20 14:03:17 UTC,research,,https://www.inaturalist.org/observations/16129180,https://static.inaturalist.org/photos/24172212/medium.jpeg,,,,2,0,false,2,"Kolkata, IN-WB, IN",22.5446202,88.3678825,22,,,,22,,,false,,,Kolkata and its Outskirts,Kolkata,West Bengal,India,West Bengal,Kolkata,Blue Porterweed,Stachytarpheta jamaicensis,Blue Porterweed,Plantae,169322
16162858,3c82a899-5c6d-469b-8cbb-f9d331918a39,Mon Sep 03 2018 14:41:04 GMT+0530 (GMT+5:30),2018-09-03,2018-09-03 09:11:04 UTC,Chennai,1107608,nikhilbabu,Nikhil Babu,2018-09-03 09:11:46 UTC,2019-07-23 11:56:15 UTC,research,,https://www.inaturalist.org/observations/16162858,https://static.inaturalist.org/photos/24231791/medium.jpg,,,,2,0,false,3,"691002, Kollam, Kerala, IN",8.9010192873,76.5875171778,5,,,,5,,,false,,,,Kollam,Kerala,India,Kerala,Kollam,castor bean,Ricinus communis,castor bean,Plantae,56739
16162866,15022c38-c974-4653-84e7-11c370204814,Mon Sep 03 2018 14:42:05 GMT+0530 (GMT+5:30),2018-09-03,2018-09-03 09:12:05 UTC,Chennai,1107608,nikhilbabu,Nikhil Babu,2018-09-03 09:13:10 UTC,2018-09-03 23:20:16 UTC,research,,https://www.inaturalist.org/observations/16162866,https://static.inaturalist.org/photos/24231820/medium.jpg,,,,1,0,false,3,"691002, Kollam, Kerala, IN",8.9008860989,76.5875209496,5,,,,5,,,false,,,,Kollam,Kerala,India,Kerala,Kollam,common lantana,Lantana camara,common lantana,Plantae,50333
16225692,5f7156e1-03b0-4585-b9f7-677e9bb92705,2018-09-05T11:48,2018-09-05,2018-09-05 01:48:00 UTC,Sydney,196849,questagame,QuestaGame,2018-09-05 07:37:32 UTC,2019-04-07 01:56:11 UTC,research,CC-BY,https://www.inaturalist.org/observations/16225692,https://inaturalist-open-data.s3.amazonaws.com/photos/24350206/medium.jpg,,,"Sighting and photos (c) harleen_bhargava.
",2,0,false,111,"Pune, IN-MH, IN",18.4832488725,73.6623542027,,,,,30649,obscured,,true,,,,Pune,Maharashtra,India,Maharashtra,Pune,common lantana,Lantana camara,common lantana,Plantae,50333
16250933,8387010a-cddb-4856-b3e6-46d24b6e75d8,2018-09-06 10:05:05 AM IST,2018-09-06,2018-09-06 07:05:05 UTC,Jerusalem,1061671,peethu,Peethu Peethu,2018-09-06 04:57:55 UTC,2018-10-11 11:19:59 UTC,research,,https://www.inaturalist.org/observations/16250933,https://static.inaturalist.org/photos/24396479/medium.jpeg,,,,3,0,false,2,"Edappally - Panvel Highway, Hosdurg, Kanhangad, Kerala 671315, India",12.3160171,75.0897554,64,,,,64,,,false,,,,Kasaragod,Kerala,India,Kerala,Kasaragod,stinking passionflower,Passiflora foetida,stinking passionflower,Plantae,51448
16275941,6cd95d0d-5330-4105-8549-28c7df5e4add,2018-09-07 7:20:07 AM IST,2018-09-07,2018-09-07 04:20:07 UTC,Jerusalem,1187650,p14,P N Sarfaraj,2018-09-07 01:52:15 UTC,2018-09-07 01:52:15 UTC,casual,,https://www.inaturalist.org/observations/16275941,,,,,0,0,false,2,"Unnamed Road, Ramnabarakhari, West Bengal, India",23.7832822,88.1792893,3700,,,,3700,,,false,,,,Murshidabad,West Bengal,India,West Bengal,Murshidabad,Palmer's amaranth,Amaranthus palmeri,Palmer's Amaranth,Plantae,75397
16281348,ee79510b-f36d-44d2-aa20-eec7c5830e98,2018-09-07 12:51:55 PM GMT+05:30,2018-09-07,2018-09-07 07:21:55 UTC,Chennai,1009776,atulsahaniwildlife,Atul Sahani,2018-09-07 09:22:30 UTC,2020-03-07 13:25:51 UTC,research,,https://www.inaturalist.org/observations/16281348,https://static.inaturalist.org/photos/24450004/medium.jpeg,,,,2,0,false,2,"Bilaspur, IN-CT, IN",22.1277672929,82.1439764276,2064,,,,2064,,,false,gps,gps,,Bilaspur,Chhattisgarh,India,Chhattisgarh,Bilaspur,American Sicklepod,Senna obtusifolia,American Sicklepod,Plantae,62915
16344799,eefe586b-9c85-4324-bfbd-6b4df152ca07,Sun Sep 09 2018 09:23:59 GMT+0530 (GMT+5:30),2018-09-09,2018-09-09 03:53:59 UTC,Chennai,529045,vrundavijay,,2018-09-09 04:19:43 UTC,2018-09-09 13:21:56 UTC,research,,https://www.inaturalist.org/observations/16344799,https://static.inaturalist.org/photos/24566502/medium.jpg,,,,1,0,false,3,"2nd Main Road, Bengaluru South, Karnataka, IN",12.9043991038,77.5816884362,768,,,,768,,,false,,,,Bangalore,Karnataka,India,Karnataka,Bangalore,African tulip tree,Spathodea campanulata,African tulip tree,Plantae,126566
16382928,f442893f-cb82-4967-818b-a3c5515337f4,2018-09-09 10:08:09,2018-09-09,2018-09-09 04:38:09 UTC,Mumbai,679749,swanand,swanand kesari,2018-09-10 06:35:15 UTC,2019-01-06 08:23:53 UTC,research,CC-BY-NC,https://www.inaturalist.org/observations/16382928,https://inaturalist-open-data.s3.amazonaws.com/photos/24637253/medium.jpg,,,,1,0,false,,ARAI tekadi Pune,18.52549,73.815384,2320,,,,2320,,,false,,manual,,Pune,Maharashtra,India,Maharashtra,Pune,Lagascea mollis,Lagascea mollis,Silkleaf,Plantae,164414
16391718,9d64305f-89f8-453a-b206-400dc6f66990,2018/08/12 12:27 PM IST,2018-08-12,2018-08-12 09:27:00 UTC,Jerusalem,346436,rajibmaulick,Rajib Maulick,2018-09-10 16:14:39 UTC,2018-10-20 14:02:09 UTC,research,,https://www.inaturalist.org/observations/16391718,https://static.inaturalist.org/photos/24652704/medium.jpeg,,"Rubber vine, Chabuk chari, Cryptostegia grandiflora, Angiosperms, Eudicots, Asterids, Gentianales, Apocynaceae, Cryptostegia, Central Park, Saltlake","Rubber vine, Chabuk chari, Cryptostegia grandiflora, Angiosperms, Eudicots, Asterids, Gentianales, Apocynaceae, Cryptostegia, Central Park, Saltlake, Kolkata, West Bengal, 12/08/18",1,0,false,,"Salt Lake City, Kolkata, West Bengal, India",22.5866816667,88.4165333333,,,,,,,,false,,,Kolkata and its Outskirts,North 24 Parganas,West Bengal,India,West Bengal,North 24 Parganas,Rubber Vine,Cryptostegia grandiflora,Rubber Vine,Plantae,84815
16417282,bfd16be5-f347-48c7-bf13-182387e0982d,2018/09/02 9:54 AM IST,2018-09-02,2018-09-02 06:54:00 UTC,Jerusalem,346436,rajibmaulick,Rajib Maulick,2018-09-11 13:55:06 UTC,2019-07-31 18:49:58 UTC,research,,https://www.inaturalist.org/observations/16417282,https://static.inaturalist.org/photos/24699625/medium.jpeg,,"Yellow Alder, Yellow Buttercups, Sage Rose, Cuban Buttercup, Turnera ulmifolia, Plantae, Angiosperms, Eudicots, Rosids, Malpighiales, Passifloraceae, Turnera, Durgapur","Yellow Alder, Yellow Buttercups, Sage Rose, Cuban Buttercup, Turnera ulmifolia, Plantae, Angiosperms, Eudicots, Rosids, Malpighiales, Passifloraceae, Turnera, Durgapur, West Barddhaman, West Bengal, India, 02/09/18",2,0,false,,"Rabindra Sarovar, Dhakuria, Rabindra Sarobar, Kolkata, West Bengal 700029",22.5121451,88.3636952,232,,,,232,,,false,,,Kolkata and its Outskirts,Kolkata,West Bengal,India,West Bengal,Kolkata,Yellow alder,Turnera ulmifolia,Yellow alder,Plantae,170055
16439866,03883c62-6589-4da3-b15f-49542f941e1c,2018-09-11 2:52:54 PM IST,2018-09-11,2018-09-11 11:52:54 UTC,Jerusalem,1201486,bibit,Bibit Dehingia,2018-09-12 01:27:02 UTC,2021-01-01 23:37:20 UTC,research,,https://www.inaturalist.org/observations/16439866,https://static.inaturalist.org/photos/24736206/medium.jpeg,,,,2,0,false,2,"Unnamed Road, Navalur, Hubali-Dharwad, Karnataka 580009, India",15.4261102676,75.0548553467,,,,,,,,false,gps,gps,Dharwad,Dharwad,Karnataka,India,Karnataka,Dharwad,apple-of-Peru,Nicandra physalodes,apple-of-Peru,Plantae,78217
16445874,f5ea498d-89e4-4fe7-bc0a-36191255de2d,2018-09-12 12:21:34 PM IST,2018-09-12,2018-09-12 09:21:34 UTC,Jerusalem,1196470,jageshwerverma,,2018-09-12 06:53:47 UTC,2019-12-16 15:52:45 UTC,research,CC-BY-NC,https://www.inaturalist.org/observations/16445874,https://inaturalist-open-data.s3.amazonaws.com/photos/24747423/medium.jpeg,,,"Senna tora ,l Cassia tora Its most common English name is Sickle Senna.or Sickle Wild sensitive-plant.",4,0,false,2,"Unnamed Road, Kathiya 1, Chhattisgarh 493225, India",21.4782377,81.9277347,3400,,,,3400,,,false,,,,Raipur,Chhattisgarh,India,Chhattisgarh,Raipur,American Sicklepod,Senna obtusifolia,American Sicklepod,Plantae,62915
16451227,a0e706a9-bffd-4f4b-94f4-a14192909eb3,2018-09-12 6:00:00 PM IST,2018-09-12,2018-09-12 15:00:00 UTC,Jerusalem,973694,pradeep5,Pradeep Jain,2018-09-12 14:30:25 UTC,2018-09-16 16:23:39 UTC,research,,https://www.inaturalist.org/observations/16451227,https://static.inaturalist.org/photos/24756243/medium.jpg,,,,2,0,false,2,,26.4187795782,82.5922593847,2154032,,,,2154032,,,false,gps,gps,,Ambedkar Nagar,Uttar Pradesh,India,Uttar Pradesh,Ambedkar Nagar,asthma plant,Euphorbia hirta,Asthma plant,Plantae,131560
16472938,1b10f64f-821a-4747-bfbd-d61826d3d922,Sun Jul 30 2017 14:19:07 GMT+0100 (GMT+1),2017-07-30,2017-07-30 12:19:07 UTC,Amsterdam,1204363,wb711,whitaker117,2018-09-13 00:14:13 UTC,2024-02-05 03:08:56 UTC,research,,https://www.inaturalist.org/observations/16472938,https://static.inaturalist.org/photos/24789457/medium.jpg,,,,1,0,false,3,"636601, Salem, Tamil Nadu, IN",11.795595,78.2990583333,50,,,,50,,open,false,,,,Salem,Tamil Nadu,India,Tamil Nadu,Salem,Red-flower Pricklypear,Opuntia elatior,Red-flower Pricklypear,Plantae,441415
16510809,42dbfd39-2969-4542-9d9d-39ff7c1d7e32,2018-09-07 10:16:29 AM GMT+05:30,2018-09-07,2018-09-07 04:46:29 UTC,Chennai,1001007,susmitabera,Susmita Bera,2018-09-14 02:28:12 UTC,2019-07-31 18:49:57 UTC,research,,https://www.inaturalist.org/observations/16510809,https://static.inaturalist.org/photos/24850627/medium.jpeg,,,,2,0,false,2,"P-7, Suhrawardy Ave, Beniapukur, Kolkata, West Bengal 700017, India",22.5446662,88.3680188,21,,,,21,,,false,,,Kolkata and its Outskirts,Kolkata,West Bengal,India,West Bengal,Kolkata,Yellow alder,Turnera ulmifolia,Yellow alder,Plantae,170055
16513535,da477ee4-6afd-4550-9257-8b29592242b4,2018-09-14 7:20:20 AM IST,2018-09-14,2018-09-14 04:20:20 UTC,Jerusalem,63135,suhelq,Suhel Quader,2018-09-14 05:14:14 UTC,2018-09-14 06:01:01 UTC,research,CC-BY,https://www.inaturalist.org/observations/16513535,https://inaturalist-open-data.s3.amazonaws.com/photos/24855979/medium.jpeg,,,,1,0,false,2,"Unnamed Road, Bengaluru, Karnataka 560062, India",12.8544611,77.50992262,6,,,,6,,,false,,,,Bangalore,Karnataka,India,Karnataka,Bangalore,Sensitive Plant,Mimosa pudica,Sensitive Plant,Plantae,51921
16514486,93931c4c-cbc6-4837-94ba-46f3629adc86,2018-09-14 7:58:11 AM IST,2018-09-14,2018-09-14 04:58:11 UTC,Jerusalem,63135,suhelq,Suhel Quader,2018-09-14 06:49:46 UTC,2018-09-14 16:42:25 UTC,research,CC-BY,https://www.inaturalist.org/observations/16514486,https://inaturalist-open-data.s3.amazonaws.com/photos/24857707/medium.jpeg,,,,2,0,false,2,"Unnamed Road, Bengaluru, Karnataka 560062, India",12.8534460068,77.5063400269,,,,,,,,false,gps,gps,,Bangalore,Karnataka,India,Karnataka,Bangalore,stinking passionflower,Passiflora foetida,stinking passionflower,Plantae,51448
16514539,c79fafe7-b7bf-4371-b16d-9283ac1e2ad2,2018-09-14 8:28:20 AM IST,2018-09-14,2018-09-14 05:28:20 UTC,Jerusalem,63135,suhelq,Suhel Quader,2018-09-14 06:52:05 UTC,2020-05-02 14:47:30 UTC,research,CC-BY,https://www.inaturalist.org/observations/16514539,https://inaturalist-open-data.s3.amazonaws.com/photos/24857735/medium.jpeg,,,,2,0,false,2,"Unnamed Road, Bengaluru, Karnataka 560062, India",12.85321284,77.50297594,9,,,,9,,,false,,,,Bangalore,Karnataka,India,Karnataka,Bangalore,Sickle Senna,Senna tora,Sickle Senna,Plantae,168855
16525983,8fbdf917-3945-48ac-a598-3e26aff5e277,2018-09-14 4:02:00 pm GMT+05:30,2018-09-14,2018-09-14 10:32:00 UTC,Chennai,1147447,raj13,Raj Bahadur Singh,2018-09-14 16:34:37 UTC,2019-09-24 13:04:39 UTC,research,,https://www.inaturalist.org/observations/16525983,https://static.inaturalist.org/photos/24876866/medium.jpg,,,,2,0,false,2,"Chikan Ghar Rd, Chikan Ghar, Kalyan, Maharashtra 421301, India",19.2493023,73.1409985,21,,,,21,,,false,,,,Thane,Maharashtra,India,Maharashtra,Thane,Marvel of Peru,Mirabilis jalapa,Marvel of Peru,Plantae,50616
16544029,6a5fc7de-db50-41fd-9641-c0cc352cf9a4,2018-09-15 12:08:22 AM IST,2018-09-15,2018-09-14 21:08:22 UTC,Jerusalem,1196470,jageshwerverma,,2018-09-15 05:28:20 UTC,2020-08-24 03:37:33 UTC,research,CC-BY-NC,https://www.inaturalist.org/observations/16544029,https://inaturalist-open-data.s3.amazonaws.com/photos/24910731/medium.jpeg,,,,1,0,false,2,"Khauna, Chhattisgarh 493225, India",21.4181710134,81.7950354517,44615,,,,44615,,,false,gps,gps,,Raipur,Chhattisgarh,India,Chhattisgarh,Raipur,Santa Maria feverfew,Parthenium hysterophorus,Santa Maria feverfew,Plantae,126424
16544062,2f44bcdf-7199-4afe-b776-1485ed7be03e,2018-07-28 12:52:52 pm GMT+05:30,2018-07-28,2018-07-28 07:22:52 UTC,Chennai,1097231,rajesh_balakrishnan,Rajesh Balakrishnan,2018-09-15 05:31:50 UTC,2024-10-21 21:30:33 UTC,research,CC-BY,https://www.inaturalist.org/observations/16544062,https://inaturalist-open-data.s3.amazonaws.com/photos/24910820/medium.jpeg,,,Pale Grass Blue on Oxalis,1,0,false,2,"Prestige Greenwoods, Varthur Rd, Nagavarapalya, C V Raman Nagar, Bengaluru, Karnataka 560093, India",12.9898944141,77.6623860374,17,,,,17,,,false,gps,gps,"CV Raman Nagar, Bangalore",Bangalore,Karnataka,India,Karnataka,Bangalore,Creeping Woodsorrel,Oxalis corniculata,Creeping Woodsorrel,Plantae,53168
16577438,0909b19c-3747-4b61-aeba-aa653d4a226b,2018-09-16 9:14:57 AM IST,2018-09-16,2018-09-16 06:14:57 UTC,Jerusalem,951940,waterhorse,,2018-09-16 03:54:19 UTC,2020-12-28 22:41:10 UTC,casual,CC-BY-NC,https://www.inaturalist.org/observations/16577438,https://inaturalist-open-data.s3.amazonaws.com/photos/24969652/medium.jpeg,,,,3,0,true,2,"Unnamed Road, Maheboobia Colony, Sindhanur, Karnataka 584128, India",15.7638436,76.7572777,2200,,,,2200,,,false,,,,Raichur,Karnataka,India,Karnataka,Raichur,Feather Celosia,Celosia argentea plumosa,Feather Celosia,Plantae,417728
16582021,ca19d24e-6226-4bc4-8df3-26e98f7ef893,2018-09-08 2:06:34 pm GMT+05:30,2018-09-08,2018-09-08 08:36:34 UTC,Chennai,1212178,manoj9,Manoj Kumar,2018-09-16 09:01:14 UTC,2019-07-18 09:46:51 UTC,research,,https://www.inaturalist.org/observations/16582021,https://static.inaturalist.org/photos/24977965/medium.jpeg,,,,2,0,false,2,"Dining Hall Rd, Hondarabalu, Karnataka 571117, India",11.9143047184,77.0789398625,14,,,,14,,,false,,,,Chamrajnagar,Karnataka,India,Karnataka,Chamrajnagar,common lantana,Lantana camara,common lantana,Plantae,50333
16622705,915aaae9-e4db-432d-9f80-d999e24c62c6,2018-09-17 4:20:10 PM IST,2018-09-17,2018-09-17 13:20:10 UTC,Jerusalem,1196470,jageshwerverma,,2018-09-17 10:54:50 UTC,2019-08-13 08:56:28 UTC,research,CC-BY-NC,https://www.inaturalist.org/observations/16622705,https://inaturalist-open-data.s3.amazonaws.com/photos/25052436/medium.jpeg,,,,2,0,false,2,"Unnamed Road, Kosrangi, Chhattisgarh 493225, India",21.34661842,82.0013277,63,,,,63,,,false,,,,Raipur,Chhattisgarh,India,Chhattisgarh,Raipur,Cat's Claw,Martynia annua,Cat's Claw,Plantae,285847
16646912,42add5a7-73f1-4d80-b6dc-59b57cb6be09,2018-09-12 7:10:29 am BST,2018-09-12,2018-09-12 07:10:29 UTC,UTC,309507,ampwildlife,Alfie Martin-Parsons,2018-09-18 01:49:19 UTC,2020-06-13 16:15:47 UTC,research,,https://www.inaturalist.org/observations/16646912,https://static.inaturalist.org/photos/25096858/medium.jpeg,,,,2,0,false,2,"Unnamed Road, Uddurkaval, Karnataka 571189, India",12.2383337021,76.3352813721,,,,,,,open,false,gps,gps,,Mysore,Karnataka,India,Karnataka,Mysore,Sensitive Plant,Mimosa pudica,Sensitive Plant,Plantae,51921
16685186,47a73125-8de0-4c33-acc0-0849e6de738e,2018-09-19 2:25:00 PM IST,2018-09-19,2018-09-19 11:25:00 UTC,Jerusalem,1196470,jageshwerverma,,2018-09-19 13:56:26 UTC,2018-09-19 13:56:43 UTC,casual,CC-BY-NC,https://www.inaturalist.org/observations/16685186,https://inaturalist-open-data.s3.amazonaws.com/photos/25166200/medium.jpeg,,,,0,0,true,2,"178, Avani Vihar Colony, Dubey Colony, Mowa, Raipur, Chhattisgarh 492007, India",21.2703789,81.6704511,300,,,,300,,,false,,,,Raipur,Chhattisgarh,India,Chhattisgarh,Raipur,Sensitive Plant,Mimosa pudica,Sensitive Plant,Plantae,51921
16712093,9e901c13-9f7c-4060-b372-19266252f292,Wed Sep 05 2018 09:00:20 GMT+0530 (GMT+5:30),2018-09-05,2018-09-05 03:30:20 UTC,Chennai,1220902,archana20169,,2018-09-20 10:28:02 UTC,2019-07-18 09:46:39 UTC,research,,https://www.inaturalist.org/observations/16712093,https://static.inaturalist.org/photos/25213681/medium.jpg,,,,3,0,false,3,"416615, Sindhudurg, Maharashtra, IN",16.2934261012,73.4472638838,3236812,,,,3236812,,,false,,,,Sindhudurg,Maharashtra,India,Maharashtra,Sindhudurg,common lantana,Lantana camara,common lantana,Plantae,50333
16714814,478d94e1-860b-4304-ab9c-3d354ff047a2,2018-09-20 6:23:27 PM IST,2018-09-20,2018-09-20 15:23:27 UTC,Jerusalem,1221399,sudeshmahajan,Sudesh Mahajan,2018-09-20 13:25:46 UTC,2020-06-12 00:34:46 UTC,needs_id,,https://www.inaturalist.org/observations/16714814,https://static.inaturalist.org/photos/25218414/medium.jpeg,,,,1,0,false,2,"262, 6th Cross Rd, Binnamangala, Hoysala Nagar, Indiranagar, Bengaluru, Karnataka 560038, India",12.9819231033,77.6400909424,,,,,,,open,false,gps,gps,,Bangalore,Karnataka,India,Karnataka,Bangalore,Senna spectabilis,Senna spectabilis,whitebark senna,Plantae,138578
16731529,b8373e9c-8a84-4d22-be3e-5c0cd33d2e74,2018-08-03 3:10:38 pm GMT+05:30,2018-08-03,2018-08-03 09:40:38 UTC,Chennai,1090353,arijit_p,Arijit Patra,2018-09-20 22:23:37 UTC,2019-07-18 09:46:50 UTC,research,CC-BY-NC,https://www.inaturalist.org/observations/16731529,https://inaturalist-open-data.s3.amazonaws.com/photos/25246767/medium.jpeg,,,,2,0,false,2,"Nutanchati,Quarter no 4/10 Pwd Roads Office Campus, Jogeshpally, Bankura, West Bengal 722101, India",23.2393234223,87.0539138373,23,,,,23,,,false,,,,Bankura,West Bengal,India,West Bengal,Bankura,common lantana,Lantana camara,common lantana,Plantae,50333
16737020,146ebebc-dc0e-4f85-ae7a-fc14842a17b5,2018-09-21 7:35:20 am GMT+05:30,2018-09-21,2018-09-21 02:05:20 UTC,Chennai,862610,hareeshaas,Hareesha A S,2018-09-21 02:08:02 UTC,2018-09-30 11:13:29 UTC,research,CC-BY-NC,https://www.inaturalist.org/observations/16737020,https://inaturalist-open-data.s3.amazonaws.com/photos/25257706/medium.jpeg,,,,2,0,false,2,"GKVK Road, Vignana Kendra, Bengaluru, Karnataka 560065, India",13.0869493,77.56850909,3,,,,3,,,false,,,,Bangalore,Karnataka,India,Karnataka,Bangalore,stinking passionflower,Passiflora foetida,stinking passionflower,Plantae,51448
16788099,11c1b59d-1eda-4778-b405-b4aed4d17fdf,2018-09-22 12:30:37 PM IST,2018-09-22,2018-09-22 09:30:37 UTC,Jerusalem,63135,suhelq,Suhel Quader,2018-09-22 10:00:29 UTC,2019-04-15 00:23:10 UTC,research,CC-BY,https://www.inaturalist.org/observations/16788099,https://inaturalist-open-data.s3.amazonaws.com/photos/25341336/medium.jpeg,,,,1,0,false,2,"Unnamed Road, Srinivasa Nagar, Bengaluru, Karnataka 562149, India",13.1159934998,77.6380233765,,,,,,,open,false,gps,gps,,Bangalore,Karnataka,India,Karnataka,Bangalore,Sensitive Plant,Mimosa pudica,Sensitive Plant,Plantae,51921
16821180,386592eb-fffc-48e1-b754-a6d739d8f024,Sat Sep 22 2018 15:53:52 GMT+0530 (GMT+5:30),2018-09-22,2018-09-22 10:23:52 UTC,Chennai,1212047,skrana,,2018-09-23 04:53:43 UTC,2018-09-23 10:19:11 UTC,research,,https://www.inaturalist.org/observations/16821180,https://static.inaturalist.org/photos/25400268/medium.jpg,,,,1,0,false,3,"248008, Dehradun, Uttarakhand, IN",30.303545,78.1559,5,,,,5,,,false,,,,Dehra Dun,Uttaranchal,India,Uttarakhand,Dehradun,common lantana,Lantana camara,common lantana,Plantae,50333
16821246,0ad82502-79c7-4e15-81ce-81fa44d092ea,Sat Sep 22 2018 15:53:34 GMT+0530 (GMT+5:30),2018-09-22,2018-09-22 10:23:34 UTC,Chennai,1212047,skrana,,2018-09-23 04:56:51 UTC,2020-05-02 14:47:45 UTC,research,,https://www.inaturalist.org/observations/16821246,https://static.inaturalist.org/photos/25400388/medium.jpg,,,,3,0,false,3,"248008, Dehradun, Uttarakhand, IN",30.3035333333,78.1559055,5,,,,5,,,false,,,,Dehra Dun,Uttaranchal,India,Uttarakhand,Dehradun,American Sicklepod,Senna obtusifolia,American Sicklepod,Plantae,62915
16821394,a59a0ba1-2322-4c96-899c-58261ebe0bec,Sun Sep 02 2018 11:15:22 GMT+0530 (GMT+5:30),2018-09-02,2018-09-02 05:45:22 UTC,Chennai,1212047,skrana,,2018-09-23 05:08:06 UTC,2018-09-23 16:28:12 UTC,research,,https://www.inaturalist.org/observations/16821394,https://static.inaturalist.org/photos/25400621/medium.jpg,,,,2,0,false,3,"249145, Tehri Garhwal, Uttarakhand, IN",30.328445,78.1472083333,5,,,,5,,,false,,,,Tehri Garhwal,Uttaranchal,India,Uttarakhand,Tehri Garhwal,asthma plant,Euphorbia hirta,Asthma plant,Plantae,131560
16835833,33960b5a-5325-4f4a-b01d-c5a5f8cb9a8e,2018-09-20 11:57:42 AM IST,2018-09-20,2018-09-20 08:57:42 UTC,Jerusalem,824489,shyamprasad,Shyam Prasad,2018-09-23 18:05:00 UTC,2018-12-10 12:15:37 UTC,casual,,https://www.inaturalist.org/observations/16835833,https://static.inaturalist.org/photos/25427416/medium.jpeg,,,,0,0,true,2,"9, 7th Main Road, Venkateshwara Layout, ITI Layout, Mathikere, Bengaluru, Karnataka 560054, India",13.0307506318,77.5674120337,17,,,,17,,,false,gps,gps,,Bangalore,Karnataka,India,Karnataka,Bangalore,calabur tree,Muntingia calabura,calabur tree,Plantae,165586
16860956,a3c15f55-c6d9-4d87-aa24-408b32f9a268,2018-09-22 2:46:27 PM IST,2018-09-22,2018-09-22 11:46:27 UTC,Jerusalem,1230122,thinkingape46,Jagadeesh Kumar,2018-09-24 04:01:31 UTC,2023-09-26 02:23:35 UTC,research,,https://www.inaturalist.org/observations/16860956,https://static.inaturalist.org/photos/25464224/medium.jpeg,,,,1,0,false,2,"# 83, Bannerghatta Road, Shivanahalli Village, Ragi Halli Post, Jigani Hobli, Anekal Taluk, Bengaluru, Karnataka 560083, India",12.7132129669,77.5723495483,,,,,,,,false,gps,gps,,Bangalore,Karnataka,India,Karnataka,Bangalore,Marvel of Peru,Mirabilis jalapa,Marvel of Peru,Plantae,50616
16861932,f66179d2-3272-49c1-879d-7c86282709ef,2018-09-22 11:52:52 AM IST,2018-09-22,2018-09-22 08:52:52 UTC,Jerusalem,1230122,thinkingape46,Jagadeesh Kumar,2018-09-24 04:56:02 UTC,2021-11-07 10:27:46 UTC,research,,https://www.inaturalist.org/observations/16861932,https://static.inaturalist.org/photos/25465788/medium.jpeg,,,,1,0,false,2,"# 83, Bannerghatta Road, Shivanahalli Village, Ragi Halli Post, Jigani Hobli, Anekal Taluk, Bengaluru, Karnataka 560083, India",12.7140674591,77.5711135864,,,,,,,open,false,gps,gps,,Bangalore,Karnataka,India,Karnataka,Bangalore,Sensitive Plant,Mimosa pudica,Sensitive Plant,Plantae,51921
16882293,de77d54e-fd6d-46d2-a79f-5d4c5aa707a7,2012/10/21 5:58 AM MSK,2012-10-21,2012-10-21 01:58:00 UTC,Moscow,1160263,entomokot,Konstantin,2018-09-24 21:15:18 UTC,2020-11-30 22:43:07 UTC,research,,https://www.inaturalist.org/observations/16882293,https://static.inaturalist.org/photos/25500353/medium.jpg,,,,1,0,false,,"Талав Гейт, Джунагадх, Гуджарат 362001, Индия",21.5203029182,70.4547404108,488,,,,488,,,false,,,,Junagadh,Gujarat,India,Gujarat,Junagadh,Ipomoea carnea fistulosa,Ipomoea carnea fistulosa,,Plantae,236503
16882302,37fb4a5c-4497-4f99-86db-e4a3d7d4e23b,2012/10/21 8:08 AM MSK,2012-10-21,2012-10-21 04:08:00 UTC,Moscow,1160263,entomokot,Konstantin,2018-09-24 21:15:22 UTC,2018-10-11 02:55:07 UTC,needs_id,,https://www.inaturalist.org/observations/16882302,https://static.inaturalist.org/photos/25500395/medium.jpg,,,,1,0,false,,"Талав Гейт, Джунагадх, Гуджарат 362001, Индия",21.5204906845,70.4557447582,244,,,,244,,,false,,,,Junagadh,Gujarat,India,Gujarat,Junagadh,Alternanthera ficoidea,Alternanthera ficoidea,sanguinaria,Plantae,279260
16882310,8a690d32-a8b4-486d-8481-4f4fa261eff7,2012/11/05 11:54 AM MSK,2012-11-05,2012-11-05 07:54:00 UTC,Moscow,1160263,entomokot,Konstantin,2018-09-24 21:15:26 UTC,2024-02-12 07:50:20 UTC,research,,https://www.inaturalist.org/observations/16882310,https://static.inaturalist.org/photos/25500813/medium.jpg,,,,2,0,false,,"Мадхавпер, Гуджарат 362230, Индия",21.2553076,69.9639669,1658,,,,1658,,,false,,,,Porbandar,Gujarat,India,Gujarat,Porbandar,Neltuma juliflora,Neltuma juliflora,mesquite,Plantae,1493141
16884007,2069eaaf-cc02-490c-a78f-8d9351dc7716,2014/03/13 10:54 AM MSK,2014-03-13,2014-03-13 06:54:00 UTC,Moscow,1160263,entomokot,Konstantin,2018-09-24 22:11:20 UTC,2019-11-28 12:52:35 UTC,needs_id,,https://www.inaturalist.org/observations/16884007,https://static.inaturalist.org/photos/25503818/medium.jpg,,,,1,0,false,,"Tettu, Andhra Pradesh 523291, Индия",15.042168,80.005812,32,,,,32,,,false,,,,Prakasam,Andhra Pradesh,India,Andhra Pradesh,Prakasam,Boerhavia erecta,Boerhavia erecta,Erect spiderling,Plantae,159290
16948330,810245e8-5b23-4a4c-9ac3-37e69a6ece83,2016-09-10 10:30:00 AM GMT+05:30,2016-09-10,2016-09-10 05:00:00 UTC,Chennai,135656,mayuresh_kulkarni,Mayuresh Kulkarni,2018-09-26 23:01:33 UTC,2019-11-07 02:38:24 UTC,research,CC-BY-NC,https://www.inaturalist.org/observations/16948330,https://inaturalist-open-data.s3.amazonaws.com/photos/25615635/medium.jpg,,,,1,0,false,2,"Maharashtra 412213, India",18.1980857296,73.820855543,5577,,,,5577,,,false,gps,gps,,Pune,Maharashtra,India,Maharashtra,Pune,common water hyacinth,Pontederia crassipes,common water hyacinth,Plantae,962637
16957839,af51ca25-5acb-4e22-8dff-21d5d2845995,2018/09/22 4:16 PM UTC,2018-09-22,,UTC,728792,sharadaramadass,Sharada Ramadass,2018-09-27 09:20:31 UTC,2018-09-27 09:20:31 UTC,needs_id,,https://www.inaturalist.org/observations/16957839,https://static.inaturalist.org/photos/25633274/medium.jpeg,,,Growing quite vigorously in the Nilgiris,0,0,false,,"Manjoor, Tamil Nadu 643219, India",11.2717242,76.6447233,549,,,,549,,,false,,,,Nilgiris,Tamil Nadu,India,Tamil Nadu,The Nilgiris,Orange Cestrum,Cestrum aurantiacum,orange cestrum,Plantae,160361
16965056,df715b12-e0f1-4b66-88e1-3aaffbd1d213,2018-08-19 12:28:16 pm GMT+05:30,2018-08-19,2018-08-19 06:58:16 UTC,Chennai,8826,chiefredearth,Chief RedEarth,2018-09-27 15:34:18 UTC,2024-01-01 04:39:09 UTC,research,CC-BY-NC-ND,https://www.inaturalist.org/observations/16965056,https://inaturalist-open-data.s3.amazonaws.com/photos/25645212/medium.jpeg,,,,2,0,false,2,"Unnamed Road, Singuni, Uttarakhand 249151, India",30.6630125782,78.3713157568,17,,,,17,,open,false,,,,Uttarkashi,Uttaranchal,India,Uttarakhand,Uttarkashi,cutleaf groundcherry,Physalis angulata,cutleaf groundcherry,Plantae,61374
16990035,35bf382e-d1d5-4518-b8cc-ab1ccd4cb489,2018-09-28 2:09:19 PM IST,2018-09-28,2018-09-28 11:09:19 UTC,Jerusalem,1196470,jageshwerverma,,2018-09-28 09:22:05 UTC,2019-12-16 16:04:11 UTC,research,CC-BY-NC,https://www.inaturalist.org/observations/16990035,https://inaturalist-open-data.s3.amazonaws.com/photos/25688896/medium.jpeg,,,,3,0,false,2,"Kurra 1, Chhattisgarh 493225, India",21.3910433,81.82969031,24,,,,24,,,false,,,,Raipur,Chhattisgarh,India,Chhattisgarh,Raipur,Coffee Senna,Senna occidentalis,Coffee Senna,Plantae,168847
16990194,eb1ab77d-701a-4efc-8fd8-e115bab3f57d,2018-09-28 3:03:02 PM IST,2018-09-28,2018-09-28 12:03:02 UTC,Jerusalem,1196470,jageshwerverma,,2018-09-28 09:33:46 UTC,2019-04-30 10:04:39 UTC,research,CC-BY-NC,https://www.inaturalist.org/observations/16990194,https://inaturalist-open-data.s3.amazonaws.com/photos/25689081/medium.jpeg,,,,1,0,false,2,"Kurra 1, Chhattisgarh 493225, India",21.39111696,81.82971438,9,,,,9,,,false,,,,Raipur,Chhattisgarh,India,Chhattisgarh,Raipur,Tridax daisy,Tridax procumbens,Tridax daisy,Plantae,169944
16990546,04b8efad-8403-4b41-9a1c-8744433c8f20,2018-09-28 3:42:37 PM IST,2018-09-28,2018-09-28 12:42:37 UTC,Jerusalem,1196470,jageshwerverma,,2018-09-28 10:13:30 UTC,2023-12-31 14:52:08 UTC,research,CC-BY-NC,https://www.inaturalist.org/observations/16990546,https://inaturalist-open-data.s3.amazonaws.com/photos/25689595/medium.jpeg,,,,2,0,false,2,"Kurra 1, Chhattisgarh 493225, India",21.3911335,81.82960756,10,,,,10,,,false,,,,Raipur,Chhattisgarh,India,Chhattisgarh,Raipur,Bonpland's croton,Croton bonplandianus,Bonpland's croton,Plantae,427405
16990813,85eddf34-40ad-481f-97f9-f3ed7105718d,2018-09-28 4:02:14 PM IST,2018-09-28,2018-09-28 13:02:14 UTC,Jerusalem,1196470,jageshwerverma,,2018-09-28 10:35:31 UTC,2018-09-28 10:35:46 UTC,casual,CC-BY-NC,https://www.inaturalist.org/observations/16990813,https://inaturalist-open-data.s3.amazonaws.com/photos/25690005/medium.jpeg,,,,0,0,true,2,"Kurra 1, Chhattisgarh 493225, India",21.39113385,81.82959045,18,,,,18,,,false,,,,Raipur,Chhattisgarh,India,Chhattisgarh,Raipur,Turnera subulata,Turnera subulata,Cuban Buttercup,Plantae,327909
16994208,31f3db60-e1fc-4d04-bf7d-052986559428,2018-09-28 1:22:00 PM IST,2018-09-28,2018-09-28 10:22:00 UTC,Jerusalem,1196470,jageshwerverma,,2018-09-28 13:53:49 UTC,2020-12-04 19:08:24 UTC,research,CC-BY-NC,https://www.inaturalist.org/observations/16994208,https://inaturalist-open-data.s3.amazonaws.com/photos/25695921/medium.jpeg,,,,2,0,false,2,"A-11, Avani Vihar Colony, Dubey Colony, Mowa, Raipur, Chhattisgarh 492007, India",21.2709322,81.67135772,33,,,,33,,,false,,,,Raipur,Chhattisgarh,India,Chhattisgarh,Raipur,Bush Morning Glory,Ipomoea carnea,Bush Morning Glory,Plantae,164081
17020380,284d4981-7969-4444-bb3b-6c0d33c64ed5,Sat Sep 29 2018 12:16:46 GMT+0530 (GMT+5:30),2018-09-29,2018-09-29 06:46:46 UTC,Chennai,1232703,sreekumarer,,2018-09-29 06:47:06 UTC,2018-10-02 02:28:30 UTC,research,,https://www.inaturalist.org/observations/17020380,https://static.inaturalist.org/photos/25742206/medium.jpg,,,,1,0,false,3,"560012, Bengaluru, Karnataka, IN",13.0135148764,77.5683487952,5,,,,5,,,false,,,,Bangalore,Karnataka,India,Karnataka,Bangalore,African tulip tree,Spathodea campanulata,African tulip tree,Plantae,126566
17026731,86f3a7e1-7845-4647-a6f6-cf1150e50703,2018/09/24 2:29 PM EDT,2018-09-24,2018-09-24 18:29:00 UTC,Eastern Time (US & Canada),31309,vinodborse,Vinod Borse,2018-09-29 14:42:45 UTC,2024-08-01 17:02:19 UTC,research,CC-BY-NC,https://www.inaturalist.org/observations/17026731,https://inaturalist-open-data.s3.amazonaws.com/photos/25753591/medium.jpeg,,,,2,0,false,,"Kinhi, Maharashtra, India",19.087365,74.436611,15,,,,15,,,false,,,,Ahmednagar,Maharashtra,India,Maharashtra,Ahmadnagar,Chamico,Datura ferox,long-spined thorn-apple,Plantae,76609
17052035,3f8dd625-76de-40bc-9020-f194c73bb8e2,Sun Sep 30 2018 08:55:29 GMT+0530 (GMT+5:30),2018-09-30,2018-09-30 03:25:29 UTC,Chennai,1232703,sreekumarer,,2018-09-30 03:26:05 UTC,2024-04-17 17:25:17 UTC,casual,,https://www.inaturalist.org/observations/17052035,https://static.inaturalist.org/photos/25800766/medium.jpg,,,,3,0,true,3,"560012, Bengaluru, Karnataka, IN",13.0135344481,77.568380395,10,,,,10,,,false,,,,Bangalore,Karnataka,India,Karnataka,Bangalore,flor de perro,Torenia fournieri,wishbone flower,Plantae,169793
17072374,c87d121c-f9c2-4ed3-9379-726d1550f353,2018-09-30 9:16:00 AM IST,2018-09-30,2018-09-30 06:16:00 UTC,Jerusalem,1210500,sonujs,,2018-09-30 19:08:31 UTC,2018-10-01 02:35:54 UTC,research,CC-BY-NC,https://www.inaturalist.org/observations/17072374,https://inaturalist-open-data.s3.amazonaws.com/photos/25838888/medium.jpeg,,,,1,0,false,2,"Unnamed Road, Toddur, Tamil Nadu 635117, India",12.6719488558,78.0596128106,2154032,,,,2154032,,,false,gps,gps,,Krishnagiri,Tamil Nadu,India,Tamil Nadu,Krishnagiri,Sensitive Plant,Mimosa pudica,Sensitive Plant,Plantae,51921
17088487,915a7767-0c17-46a6-86cb-464fc0484fd5,2018-10-01 8:31:18 AM GMT+05:30,2018-10-01,2018-10-01 03:01:18 UTC,Chennai,1234770,mahadevprasadym,Mahadevprasad Y M,2018-10-01 03:02:04 UTC,2019-07-27 07:52:29 UTC,research,,https://www.inaturalist.org/observations/17088487,https://static.inaturalist.org/photos/25869156/medium.jpeg,,,,3,0,false,2,"Hospital Road, Yadaganahalli, Karnataka 571422, India",12.4677295685,76.9684448242,,,,,,,,false,gps,gps,,Mandya,Karnataka,India,Karnataka,Mandya,Tridax daisy,Tridax procumbens,Tridax daisy,Plantae,169944
17123372,f94997b7-1c04-43c0-9d57-348af262f78e,2018/09/06 8:44 AM UTC,2018-09-06,,UTC,309507,ampwildlife,Alfie Martin-Parsons,2018-10-02 09:17:21 UTC,2018-10-02 10:40:17 UTC,research,,https://www.inaturalist.org/observations/17123372,https://static.inaturalist.org/photos/25934568/medium.jpeg,,,,1,0,false,,"Hunsur, Karnataka 571105, India",12.3009419,76.2884592,4070,,,,4070,,,false,,,,Mysore,Karnataka,India,Karnataka,Mysore,common lantana,Lantana camara,common lantana,Plantae,50333
17123886,5c57fefc-02ea-4651-81ef-a281d38dd89e,2018-09-28 12:05:00 PM IST,2018-09-28,2018-09-28 09:05:00 UTC,Jerusalem,1228333,vercingetorix,,2018-10-02 10:34:41 UTC,2020-11-03 13:56:21 UTC,research,CC-BY-NC,https://www.inaturalist.org/observations/17123886,https://inaturalist-open-data.s3.amazonaws.com/photos/25935685/medium.jpg,,,Kas pathar,2,0,false,2,"Kaas Road, Satara, Maharashtra 415002, India",17.7198553518,73.8337133825,526,,,,526,,,false,gps,gps,,Satara,Maharashtra,India,Maharashtra,Satara,Quail Grass,Celosia argentea,Quail Grass,Plantae,160259
17155371,fa504dcb-8e07-4773-96d1-4e7bc6416530,2018-10-03 2:23:00 PM IST,2018-10-03,2018-10-03 11:23:00 UTC,Jerusalem,1196470,jageshwerverma,,2018-10-03 13:55:50 UTC,2019-08-09 07:24:36 UTC,research,CC-BY-NC,https://www.inaturalist.org/observations/17155371,https://inaturalist-open-data.s3.amazonaws.com/photos/25992040/medium.jpeg,,,,2,0,false,2,"Kukera, Chhattisgarh, India",21.443036902,81.7016241699,44615,,,,44615,,,false,gps,gps,,Raipur,Chhattisgarh,India,Chhattisgarh,Raipur,trailing daisy,Sphagneticola trilobata,trailing daisy,Plantae,246102
17186676,2a4c7349-e0f0-4cd9-8142-6d9ba0237f38,2018-10-04 1:42:00 PM IST,2018-10-04,2018-10-04 10:42:00 UTC,Jerusalem,1196470,jageshwerverma,,2018-10-04 14:14:14 UTC,2018-10-05 00:19:19 UTC,research,CC-BY-NC,https://www.inaturalist.org/observations/17186676,https://inaturalist-open-data.s3.amazonaws.com/photos/26048371/medium.jpg,,,,1,0,false,2,"Unnamed Road, Jaroud, Chhattisgarh 493113, India",21.6888080706,81.9820638746,356919,,,,356919,,,false,gps,gps,,Baloda Bazar,Chhattisgarh,India,Chhattisgarh,Baloda Bazar,common lantana,Lantana camara,common lantana,Plantae,50333
17186747,1d2dfb57-61b2-4ebc-8d26-316e8d729a81,2018-10-04 12:46:00 PM IST,2018-10-04,2018-10-04 09:46:00 UTC,Jerusalem,1196470,jageshwerverma,,2018-10-04 14:17:41 UTC,2018-10-04 14:18:09 UTC,casual,CC-BY-NC,https://www.inaturalist.org/observations/17186747,https://inaturalist-open-data.s3.amazonaws.com/photos/26048495/medium.jpeg,,,,0,0,true,2,"Ringni, Chhattisgarh, India",21.63706349,81.814985387,356919,,,,356919,,,false,gps,gps,,Baloda Bazar,Chhattisgarh,India,Chhattisgarh,Baloda Bazar,White leadtree,Leucaena leucocephala,White leadtree,Plantae,47447
17186815,321865cb-ca44-44a4-bea7-b31ffdece9a7,2018-10-04 1:49:00 PM IST,2018-10-04,2018-10-04 10:49:00 UTC,Jerusalem,1196470,jageshwerverma,,2018-10-04 14:20:32 UTC,2019-04-21 17:05:57 UTC,research,CC-BY-NC,https://www.inaturalist.org/observations/17186815,https://inaturalist-open-data.s3.amazonaws.com/photos/26048592/medium.jpeg,,,,1,0,false,2,"Sarvodaya Hospital Premises,, Dubey Colony Main Road, Mowa, Raipur, Chhattisgarh 492001, India",21.2709543,81.6711176,20,,,,20,,,false,,,,Raipur,Chhattisgarh,India,Chhattisgarh,Raipur,three-lobe false mallow,Malvastrum coromandelianum,three-lobe false mallow,Plantae,165115
17207417,e1991fe5-1ec6-40e7-a436-50d3d77a3131,2018-10-03 8:40:39 AM IST,2018-10-03,2018-10-03 05:40:39 UTC,Jerusalem,1177651,kapithra,,2018-10-05 04:33:12 UTC,2020-11-30 11:25:47 UTC,research,CC-BY-NC,https://www.inaturalist.org/observations/17207417,https://inaturalist-open-data.s3.amazonaws.com/photos/26085891/medium.jpeg,,,,1,0,false,2,"Gagangiri Maharaj Marg, Sector 14, Ghansoli, Navi Mumbai, Maharashtra 400701, India",19.1269645691,72.9885482788,,,,,,,,false,gps,gps,,Greater Bombay,Maharashtra,India,Maharashtra,Thane,Amapola,Ipomoea carnea,Bush Morning Glory,Plantae,164081
17232223,1b6c632b-d49a-4db4-a008-0ae241f518b6,Fri Oct 05 2018 07:53:42 GMT+0530 (GMT+5:30),2018-10-05,2018-10-05 02:23:42 UTC,Chennai,936973,akilan,,2018-10-06 01:10:35 UTC,2018-11-05 14:15:12 UTC,research,,https://www.inaturalist.org/observations/17232223,https://static.inaturalist.org/photos/26131008/medium.jpg,,,,2,1,false,3,"7 12th Cross Road, Bengaluru, Karnataka, IN",12.9779966667,77.6840666667,5,,,,5,,open,false,,,,Bangalore,Karnataka,India,Karnataka,Bangalore,yellow trumpet flower,Tecoma stans,yellow trumpet flower,Plantae,48363
17241331,bd5c3ecf-b4fe-4742-81c8-a982b3edf366,2018-10-06 5:10:36 pm GMT+05:30,2018-10-06,2018-10-06 11:40:36 UTC,Chennai,1254925,kanmani,,2018-10-06 12:54:25 UTC,2018-10-26 08:38:28 UTC,research,CC-BY-NC,https://www.inaturalist.org/observations/17241331,https://inaturalist-open-data.s3.amazonaws.com/photos/26147859/medium.jpeg,,,,1,0,false,2,"Dakshina Kannada, IN-KA, IN",12.6593124875,75.4104199846,8,,,,8,,,false,gps,gps,,Dakshin Kannad,Karnataka,India,Karnataka,Dakshina Kannada,Sensitive Plant,Mimosa pudica,Sensitive Plant,Plantae,51921
17241740,901d4a85-47b1-4285-a17d-d28b17e2ed4b,2018-10-06 6:41:22 pm GMT+05:30,2018-10-06,2018-10-06 13:11:22 UTC,Chennai,1226441,jyothi_allaka,,2018-10-06 13:14:01 UTC,2019-04-21 17:05:54 UTC,research,CC-BY-NC,https://www.inaturalist.org/observations/17241740,https://inaturalist-open-data.s3.amazonaws.com/photos/26148500/medium.jpeg,,,,1,0,false,2,"Ahmadabad, IN-GJ, IN",23.0096667,72.5110884,32,,,,32,,,false,,,,Ahmadabad,Gujarat,India,Gujarat,Ahmadabad,three-lobe false mallow,Malvastrum coromandelianum,three-lobe false mallow,Plantae,165115
17241927,8486520e-d758-4404-9b39-6bdccda81ede,2018-10-06 5:10:19 pm GMT+05:30,2018-10-06,2018-10-06 11:40:19 UTC,Chennai,1254925,kanmani,,2018-10-06 13:23:10 UTC,2018-10-26 12:09:23 UTC,research,CC-BY-NC,https://www.inaturalist.org/observations/17241927,https://inaturalist-open-data.s3.amazonaws.com/photos/26149033/medium.jpeg,,,,1,0,false,2,"Kanchodu Temple Rd, Mupperia, Karnataka 574212, India",12.659326558,75.4104097347,4,,,,4,,,false,,,,Dakshin Kannad,Karnataka,India,Karnataka,Dakshina Kannada,stinking passionflower,Passiflora foetida,stinking passionflower,Plantae,51448
17241929,226f6717-1931-4681-8cf7-da027d837056,,,,UTC,1226441,jyothi_allaka,,2018-10-06 13:23:11 UTC,2018-10-11 12:29:01 UTC,casual,CC-BY-NC,https://www.inaturalist.org/observations/17241929,https://inaturalist-open-data.s3.amazonaws.com/photos/26149213/medium.jpeg,,,,0,0,false,2,"Prahlad Nagar Rd, Prahlad Nagar, Ahmedabad, Gujarat 380015, India",23.0097679,72.5112499,23,,,,23,,,false,gps,gps,,Ahmadabad,Gujarat,India,Gujarat,Ahmadabad,Palmer's amaranth,Amaranthus palmeri,Palmer's Amaranth,Plantae,75397
17277322,07599f7b-5ed0-4d4a-a924-2d6a21a57d59,2018-10-07 5:46:15 pm GMT+05:30,2018-10-07,2018-10-07 12:16:15 UTC,Chennai,1009914,anushreebhatter,Anushree Bhatter,2018-10-07 12:17:06 UTC,2019-10-12 11:34:49 UTC,casual,,https://www.inaturalist.org/observations/17277322,https://static.inaturalist.org/photos/26211827/medium.jpeg,,,,3,0,true,2,"Building, 4 th Floor, Janak Rd, Lake Market, Kalighat, Kolkata, West Bengal 700029, India",22.5166435242,88.3492660522,,,,,,,,false,gps,gps,Kolkata and its Outskirts,Kolkata,West Bengal,India,West Bengal,Kolkata,trailing daisy,Sphagneticola trilobata,trailing daisy,Plantae,246102
17311438,166a91c3-4342-4cbb-8bd0-3d073f8ee141,2018-08-22 1:43:54 PM GMT+05:30,2018-08-22,2018-08-22 08:13:54 UTC,Chennai,1116775,sabyasachi,Sabyasachi Bhattacharya,2018-10-08 08:32:34 UTC,2019-07-27 07:52:28 UTC,research,,https://www.inaturalist.org/observations/17311438,https://static.inaturalist.org/photos/26275107/medium.jpeg,,,,3,0,false,2,"Savanadurga - Manchnabele Rd, Manchanabele, Karnataka 562128, India",12.87489,77.34148,2,,,,2,,,false,,,,Bangalore,Karnataka,India,Karnataka,Bangalore,Tridax daisy,Tridax procumbens,Tridax daisy,Plantae,169944
17345717,a36c69ae-26ca-4ff9-a5d7-f8972d887970,2018-10-08 5:10:41 PM IST,2018-10-08,2018-10-08 14:10:41 UTC,Jerusalem,740339,shyamphartyal,SHYAM PHARTYAL,2018-10-09 10:52:50 UTC,2023-07-07 02:24:24 UTC,casual,CC-BY-NC,https://www.inaturalist.org/observations/17345717,https://inaturalist-open-data.s3.amazonaws.com/photos/26335747/medium.jpeg,,,Fast growing tree of Singapur cheery ,0,0,true,2,"Chhabilpur, Parwatipur Road, Rajgir, Bihar 803116, India",25.0266036987,85.4137420654,,,,,,,,false,gps,gps,,Nalanda,Bihar,India,Bihar,Nalanda,calabur tree,Muntingia calabura,calabur tree,Plantae,165586
17346387,a9e2e285-7789-4137-9023-e3d0544eebc2,2018-09-22 5:40:39 PM IST,2018-09-22,2018-09-22 14:40:39 UTC,Jerusalem,1265560,nidhibhasin,Nidhi Bhasin,2018-10-09 12:15:55 UTC,2019-08-13 03:20:04 UTC,research,,https://www.inaturalist.org/observations/17346387,https://static.inaturalist.org/photos/26337050/medium.jpeg,,,,1,0,false,2,"Pune, IN-MH, IN",18.5219913113,73.8555304706,263,,,,263,,,false,gps,gps,,Pune,Maharashtra,India,Maharashtra,Pune,Coral Bells,Antigonon leptopus,Coral Vine,Plantae,48380
17346435,75f130c6-3b66-4f2b-92e5-a2c554fa2de1,2018-09-14 4:11:49 PM IST,2018-09-14,2018-09-14 13:11:49 UTC,Jerusalem,1265560,nidhibhasin,Nidhi Bhasin,2018-10-09 12:21:35 UTC,2018-10-10 20:40:05 UTC,research,,https://www.inaturalist.org/observations/17346435,https://static.inaturalist.org/photos/26337145/medium.jpeg,,,,2,0,false,2,"NDA Pashan Road, Near Tapovan Society, Bavdhan Khurd, Pune 411021, India",18.5220705,73.7781223,899,,,,899,,,false,,,,Pune,Maharashtra,India,Maharashtra,Pune,common lantana,Lantana camara,common lantana,Plantae,50333
17348381,f46c0b1b-20d0-4e01-8ec3-ca7a12b9f45d,2018-10-09 2:45:00 PM IST,2018-10-09,2018-10-09 11:45:00 UTC,Jerusalem,1196470,jageshwerverma,,2018-10-09 14:16:09 UTC,2018-10-09 14:16:22 UTC,casual,CC-BY-NC,https://www.inaturalist.org/observations/17348381,https://inaturalist-open-data.s3.amazonaws.com/photos/26340809/medium.jpeg,,,,0,0,true,2,"Unnamed Road, Labhandih, Chhattisgarh 492101, India",21.2477932053,81.7270897329,22308,,,,22308,,,false,gps,gps,,Raipur,Chhattisgarh,India,Chhattisgarh,Raipur,Coral Bells,Antigonon leptopus,Coral Vine,Plantae,48380
17371317,a4f420b1-8e83-42a3-a972-a3ca0bbd15ca,2018-09-04 3:09:37 pm GMT+05:30,2018-09-04,2018-09-04 09:39:37 UTC,Chennai,1259164,yogesh1,Yogesh Sharma,2018-10-10 06:25:11 UTC,2019-04-21 17:05:17 UTC,research,,https://www.inaturalist.org/observations/17371317,https://static.inaturalist.org/photos/26383502/medium.jpeg,,,,1,0,false,2,"Gali Number 1, cisf road, Vikas Nagar, Panipat, Haryana 132103, India",29.3647212982,76.9688873291,,,,,,,,false,gps,gps,,Panipat,Haryana,India,Haryana,Panipat,three-lobe false mallow,Malvastrum coromandelianum,three-lobe false mallow,Plantae,165115
17393103,98df898f-c757-4a3d-9420-6063537d4ab9,2018-10-10 1:49:00 PM IST,2018-10-10,2018-10-10 10:49:00 UTC,Jerusalem,1196470,jageshwerverma,,2018-10-11 00:06:07 UTC,2019-08-09 07:23:03 UTC,research,CC-BY-NC,https://www.inaturalist.org/observations/17393103,https://inaturalist-open-data.s3.amazonaws.com/photos/26422860/medium.jpeg,,,,1,0,false,2,"Unnamed Road, Beldar Seoni, Chhattisgarh 493225, India",21.3699411496,81.9224018231,178460,,,,178460,,,false,gps,gps,,Raipur,Chhattisgarh,India,Chhattisgarh,Raipur,scarlet creeper,Ipomoea hederifolia,scarlet creeper,Plantae,126300
17393267,30b4ff1f-4ee2-4734-813c-b32a359ec450,2018-10-11 2:39:00 AM IST,2018-10-11,2018-10-10 23:39:00 UTC,Jerusalem,1196470,jageshwerverma,,2018-10-11 00:12:38 UTC,2019-08-09 07:22:59 UTC,research,CC-BY-NC,https://www.inaturalist.org/observations/17393267,https://inaturalist-open-data.s3.amazonaws.com/photos/26423400/medium.jpeg,,,,1,0,false,2,"Unnamed Road, Bharuwadih Kalan, Chhattisgarh 493225, India",21.4657421971,81.9170558453,356919,,,,356919,,,false,gps,gps,,Raipur,Chhattisgarh,India,Chhattisgarh,Raipur,Bellyache Bush,Jatropha gossypiifolia,Bellyache Bush,Plantae,119099
17427241,34bc89ce-3cba-439c-a4d3-fde7bf9a0149,2018-10-07 11:10:38,2018-10-07,2018-10-07 05:40:38 UTC,Mumbai,679749,swanand,swanand kesari,2018-10-12 04:02:07 UTC,2018-10-26 07:28:14 UTC,research,CC-BY-NC,https://www.inaturalist.org/observations/17427241,https://inaturalist-open-data.s3.amazonaws.com/photos/26485622/medium.jpg,,,,1,0,false,,"Saswad, Pune",18.346313,74.030183,16645,,,,16645,,,false,,manual,,Pune,Maharashtra,India,Maharashtra,Pune,puncture vine,Tribulus terrestris,puncture vine,Plantae,64238
17427740,a566943c-975d-4ef2-aeaf-eb2a2a19b175,Tue Oct 09 2018 10:45:33 GMT+0530 (GMT+5:30),2018-10-09,2018-10-09 05:15:33 UTC,Chennai,1212047,skrana,,2018-10-12 04:31:43 UTC,2019-01-13 19:38:30 UTC,research,,https://www.inaturalist.org/observations/17427740,https://static.inaturalist.org/photos/26486510/medium.jpg,,,,1,0,false,3,"248171, Dehradun, Uttarakhand, IN",30.2837033333,77.9731533333,65,,,,65,,,false,,,,Dehra Dun,Uttaranchal,India,Uttarakhand,Dehradun,Sensitive Plant,Mimosa pudica,Sensitive Plant,Plantae,51921
17431353,1ef8dda9-563c-4958-a1b6-acb384110370,2018/10/12 7:15 AM IST,2018-10-12,2018-10-12 04:15:00 UTC,Jerusalem,346436,rajibmaulick,Rajib Maulick,2018-10-12 10:45:53 UTC,2018-10-12 10:46:57 UTC,needs_id,,https://www.inaturalist.org/observations/17431353,https://static.inaturalist.org/photos/26493205/medium.jpeg,,"Common Cocklebur, broad bur, burdock datura, Ghagra, Xanthium strumarium, Plantae, Angiosperms, Eudicots, Asterids, Asterales, Asteraceae, Xanthium, Durgapur","Common Cocklebur, broad bur, burdock datura, Ghagra, Xanthium strumarium, Plantae, Angiosperms, Eudicots, Asterids, Asterales, Asteraceae, Xanthium, Durgapur, West Barddhaman, West Bengal, India, 12/10/18",0,0,false,,"B-Zone, Durgapur, West Bengal, India",23.576055,87.3235583333,,,,,,,,false,,,,Barddhaman,West Bengal,India,West Bengal,Barddhaman,Rough Cocklebur,Xanthium strumarium,rough cocklebur,Plantae,57920
17456244,822e8713-b053-4fe9-be6b-827f17a65a54,Thu Apr 26 2018 11:00:37 GMT+0530 (GMT+5:30),2018-04-26,2018-04-26 05:30:37 UTC,Chennai,1274641,almiteyg,,2018-10-13 04:45:21 UTC,2019-07-27 07:52:29 UTC,research,,https://www.inaturalist.org/observations/17456244,https://static.inaturalist.org/photos/26540489/medium.jpg,,,,3,0,false,3,"Bantval, , Karnataka, IN",12.9228187405,75.0353000557,24,,,,24,,,false,,,,Dakshin Kannad,Karnataka,India,Karnataka,Dakshina Kannada,Tridax daisy,Tridax procumbens,Tridax daisy,Plantae,169944
17489948,754f798e-cdc8-49e3-a6c2-a3cf5b91fcb3,2018-10-14 1:09:38 pm GMT+05:30,2018-10-14,2018-10-14 07:39:38 UTC,Chennai,1259421,dinesh12,Dinesh Baghel,2018-10-14 07:41:40 UTC,2018-10-14 14:37:36 UTC,research,,https://www.inaturalist.org/observations/17489948,https://static.inaturalist.org/photos/26604604/medium.jpeg,,,,1,0,false,2,"Waterfall Rd, Tiratha, Chhattisgarh 494010, India",19.2050149804,81.6989702079,10,,,,10,,,false,,,,Bastar,Chhattisgarh,India,Chhattisgarh,Bastar,trailing daisy,Sphagneticola trilobata,trailing daisy,Plantae,246102
17489971,2742ac03-f48a-41cc-8eb8-1d1fa37541ec,2018-10-14 1:12:36 pm GMT+05:30,2018-10-14,2018-10-14 07:42:36 UTC,Chennai,1259421,dinesh12,Dinesh Baghel,2018-10-14 07:43:52 UTC,2018-10-14 12:02:27 UTC,research,,https://www.inaturalist.org/observations/17489971,https://static.inaturalist.org/photos/26604642/medium.jpeg,,,,1,0,false,2,"Waterfall Rd, Tiratha, Chhattisgarh 494010, India",19.2049459973,81.6989500076,13,,,,13,,,false,,,,Bastar,Chhattisgarh,India,Chhattisgarh,Bastar,asthma plant,Euphorbia hirta,Asthma plant,Plantae,131560
17494002,186533a4-cb97-443d-9c38-975ec6615dd7,2018-10-14 3:42:18 PM GMT+05:30,2018-10-14,2018-10-14 10:12:18 UTC,Chennai,1275038,joandias7,Joan,2018-10-14 12:40:22 UTC,2018-10-16 12:15:30 UTC,needs_id,CC-BY-NC,https://www.inaturalist.org/observations/17494002,https://inaturalist-open-data.s3.amazonaws.com/photos/26612367/medium.jpeg,,,Wild flower seen among the grass on 14th Oct 2018,0,0,false,2,"Palghar, IN-MH, IN",19.3427603336,72.813706845,6,,,,6,,,false,gps,gps,,Palghar,Maharashtra,India,Maharashtra,Palghar,Spinyhead Sida,Sida acuta,Spinyhead Sida,Plantae,168922
17562137,e14fefb4-dc98-4416-8a39-b1d81fdf47a2,2018/10/14 11:10 AM IST,2018-10-14,2018-10-14 08:10:00 UTC,Jerusalem,346436,rajibmaulick,Rajib Maulick,2018-10-16 13:45:28 UTC,2024-07-01 16:46:40 UTC,research,,https://www.inaturalist.org/observations/17562137,https://static.inaturalist.org/photos/26732575/medium.jpeg,,"Velvetleaf, Laghu patha, Kijri, Cissampelos pareira, Plantae, Angiosperms, Eudicots, Ranunculales, Menispermaceae, Cissampelos, Durgapur","Velvetleaf, Laghu patha, Kijri, Cissampelos pareira, Plantae, Angiosperms, Eudicots, Ranunculales, Menispermaceae, Cissampelos, Durgapur, West Barddhaman, West Bengal, India, 14/10/18",1,0,false,,"Garkilla Kherobari, West Bengal 713212, India",23.60345,87.43004,,,,,,,,false,,,,Barddhaman,West Bengal,India,West Bengal,Barddhaman,Velvetleaf,Cissampelos pareira,Velvetleaf,Plantae,160643
17586186,188bb46c-22ed-46e9-8dff-f73c8ffe912e,2018-09-29 10:46:03 am GMT+05:30,2018-09-29,2018-09-29 05:16:03 UTC,Chennai,8826,chiefredearth,Chief RedEarth,2018-10-17 04:49:44 UTC,2022-06-06 03:06:58 UTC,research,CC-BY-NC-ND,https://www.inaturalist.org/observations/17586186,https://inaturalist-open-data.s3.amazonaws.com/photos/26774900/medium.jpeg,,,,2,0,false,2,"Unnamed Road, Singuni, Uttarakhand 249151, India",30.6628933456,78.3713475242,23,,,,23,,,false,,,,Uttarkashi,Uttaranchal,India,Uttarakhand,Uttarkashi,Campanilla morada,Ipomoea purpurea,common morning-glory,Plantae,52344
17586216,509ec7f7-dfc2-4f7a-b6a3-ed38573a9733,2018-09-29 11:54:38 am GMT+05:30,2018-09-29,2018-09-29 06:24:38 UTC,Chennai,8826,chiefredearth,Chief RedEarth,2018-10-17 04:52:08 UTC,2022-06-06 03:06:58 UTC,research,CC-BY-NC-ND,https://www.inaturalist.org/observations/17586216,https://inaturalist-open-data.s3.amazonaws.com/photos/26774981/medium.jpeg,,,,2,0,false,2,"Sonam- Thati- Kuleth- Chakon- Fold- Manpur Village Rd, Thati, Uttarakhand 249151, India",30.6540770073,78.3941302076,132,,,,132,,,false,gps,gps,,Uttarkashi,Uttaranchal,India,Uttarakhand,Uttarkashi,Campanilla morada,Ipomoea purpurea,common morning-glory,Plantae,52344
17614299,59e185ce-e08c-4ce4-914c-33c95f72274c,2018-10-09,2018-10-09,,UTC,1152832,chudamanikashyap,Chudamani Kashyap,2018-10-18 05:11:52 UTC,2020-10-31 07:58:59 UTC,research,,https://www.inaturalist.org/observations/17614299,https://static.inaturalist.org/photos/26825730/medium.jpeg,,,,1,0,false,2,"SH 2, Parewapali, Odisha 493890, India",19.8903616667,82.6909316667,4,,,,4,,,false,,,,Gariaband,Chhattisgarh,India,Chhattisgarh,Gariaband,common lantana,Lantana camara,common lantana,Plantae,50333
17614748,c51c1f58-62e6-4cb9-b7ea-200f68b947e1,2018-10-18 8:40:00 AM GMT+05:30,2018-10-18,2018-10-18 03:10:00 UTC,Chennai,1275038,joandias7,Joan,2018-10-18 05:43:15 UTC,2023-03-04 18:05:44 UTC,research,CC-BY-NC,https://www.inaturalist.org/observations/17614748,https://inaturalist-open-data.s3.amazonaws.com/photos/26826526/medium.jpeg,,,Captured while cycling at the beach,2,0,false,2,"Palghar, IN-MH, IN",19.339820456,72.7915129066,11,,,,11,,,false,gps,gps,,Palghar,Maharashtra,India,Maharashtra,Palghar,Leonotis nepetifolia,Leonotis nepetifolia,lion's ear,Plantae,141634
17615523,419f4368-b9b0-4dea-8bfe-f888d3f41f6e,,,,UTC,1282228,lisaani,Lisa Ani,2018-10-18 07:09:27 UTC,2019-08-24 12:48:28 UTC,casual,,https://www.inaturalist.org/observations/17615523,https://static.inaturalist.org/photos/26827673/medium.jpg,,,,0,0,false,2,"Varanasi, IN-UP, IN",25.2677566429,82.9897312447,33,,,,33,,,false,gps,gps,,Varanasi,Uttar Pradesh,India,Uttar Pradesh,Varanasi,Beach Sheoak,Casuarina equisetifolia,Beach Sheoak,Plantae,62888
17618273,f7b0a7a8-c35c-45ff-94e2-7b4f586da4c5,2018-10-18 5:45:48 pm GMT+05:30,2018-10-18,2018-10-18 12:15:48 UTC,Chennai,1284843,sagarchepuri,sagar chepuri,2018-10-18 12:19:29 UTC,2018-10-19 01:15:19 UTC,casual,,https://www.inaturalist.org/observations/17618273,https://static.inaturalist.org/photos/26832621/medium.jpeg,,,Rrrr,0,0,true,2,"Unnamed Road, Telangana 505404, India",18.296961,78.7279585,3400,,,,3400,,,false,,,,Karimnagar old,Telangana,India,Telangana,Karimnagar,White leadtree,Leucaena leucocephala,White leadtree,Plantae,47447
17638383,6403db27-e4b2-4795-af32-0b859a8b8610,,,,New Delhi,862610,hareeshaas,Hareesha A S,2018-10-19 02:39:13 UTC,2018-10-19 10:35:12 UTC,casual,CC-BY-NC,https://www.inaturalist.org/observations/17638383,,,,,0,0,false,2,"Unnamed Road, Vignana Kendra, Bengaluru, Karnataka 560065, India",13.0763052241,77.5766733661,22,,,,22,,,false,gps,gps,,Bangalore,Karnataka,India,Karnataka,Bangalore,tropical milkweed,Asclepias curassavica,tropical milkweed,Plantae,75602
17670695,287cb1b1-026e-4e8a-91f7-678df54fc106,2018-09-30 8:55:30 AM IST,2018-09-30,2018-09-30 05:55:30 UTC,Jerusalem,1288774,devika2,Devika Sanghamithra,2018-10-20 07:55:21 UTC,2024-04-17 17:33:09 UTC,casual,,https://www.inaturalist.org/observations/17670695,https://static.inaturalist.org/photos/26927423/medium.jpeg,,,,3,0,true,2,"Indian Institute of Science, Bengaluru, Karnataka 560012, India",13.01369209,77.5681921,12,,,,12,,,false,,,,Bangalore,Karnataka,India,Karnataka,Bangalore,flor de perro,Torenia fournieri,wishbone flower,Plantae,169793
17670877,e5f9892a-481e-46ba-a4db-b5d13c363a2d,Sat Oct 20 2018 13:42:19 GMT+0530 (GMT+5:30),2018-10-20,2018-10-20 08:12:19 UTC,Chennai,1288787,viju_peace,,2018-10-20 08:12:30 UTC,2020-03-10 03:10:39 UTC,casual,,https://www.inaturalist.org/observations/17670877,https://static.inaturalist.org/photos/26928708/medium.jpg,,,,2,0,true,3,"NH 303, Kangra, Himachal Pradesh, IN",32.1142814029,76.2815680728,10,,,,10,,,false,,,,Kangra,Himachal Pradesh,India,Himachal Pradesh,Kangra,Quail Grass,Celosia argentea,Quail Grass,Plantae,160259
17672320,60e5b169-16c9-45cf-94ec-02633a3dcb87,2018-10-20 4:14:49 pm GMT+05:30,2018-10-20,2018-10-20 10:44:49 UTC,Chennai,1288920,sriramc,Sriram c,2018-10-20 10:49:50 UTC,2020-05-02 14:48:52 UTC,needs_id,,https://www.inaturalist.org/observations/17672320,https://static.inaturalist.org/photos/26929954/medium.jpeg,,,,1,0,false,2,"N-Block, Mathikere, Bengaluru, Karnataka 560012, India",13.0168124009,77.5618436839,10,,,,10,,open,false,,,,Bangalore,Karnataka,India,Karnataka,Bangalore,sennas,Senna spectabilis,whitebark senna,Plantae,138578
17676763,478e4a52-8a25-44b6-a9c5-2350e521ef2f,,,,UTC,1289212,gunjanmisri,Gunjan Misri,2018-10-20 14:54:36 UTC,2020-11-30 00:21:26 UTC,casual,,https://www.inaturalist.org/observations/17676763,https://static.inaturalist.org/photos/26937700/medium.jpg,,,,2,0,false,2,"9/8C, Jyotsna Apartment, 9/7, Chandi Ghosh Rd, Moor Avenue, Ashok Nagar, Tollygunge, Kolkata, West Bengal 700040, India",22.47947748,88.34969032,3,,,,3,,,false,,,Kolkata and its Outskirts,South 24 Parganas,West Bengal,India,West Bengal,South 24 Parganas,Cypress Vine,Ipomoea quamoclit,Cypress Vine,Plantae,126869
17701989,1d987531-6b06-4f2a-8c47-190caab211c7,2018-10-08 5:16:30 pm GMT+05:30,2018-10-08,2018-10-08 11:46:30 UTC,Chennai,8826,chiefredearth,Chief RedEarth,2018-10-21 04:33:34 UTC,2018-10-21 22:33:57 UTC,research,CC-BY-NC-ND,https://www.inaturalist.org/observations/17701989,https://inaturalist-open-data.s3.amazonaws.com/photos/26982761/medium.jpeg,,,,2,0,false,2,"Sonam- Thati- Kuleth- Chakon- Fold- Manpur Village Rd, Dhungi, Uttarakhand 249151, India",30.6711120605,78.3633346558,,,,,,,,false,gps,gps,,Uttarkashi,Uttaranchal,India,Uttarakhand,Uttarkashi,scarlet creeper,Ipomoea hederifolia,scarlet creeper,Plantae,126300
17705902,0991d696-5b4b-4b61-bfd7-0797a3dcc0dc,2018/10/21 9:08 AM IST,2018-10-21,2018-10-21 06:08:00 UTC,Jerusalem,346436,rajibmaulick,Rajib Maulick,2018-10-21 09:38:22 UTC,2018-10-21 09:46:41 UTC,needs_id,,https://www.inaturalist.org/observations/17705902,https://static.inaturalist.org/photos/26989082/medium.jpeg,,"Burr bush, Ban Okra, Triumfetta rhomboidea, Plantae, Angiosperms, Eudicots, Rosids, Malvales, Malvaceae, Triumfetta, Durgapur","Burr bush, Ban Okra, Triumfetta rhomboidea, Plantae, Angiosperms, Eudicots, Rosids, Malvales, Malvaceae, Triumfetta, Durgapur, West Barddhaman, West Bengal, India, 21/10/18, West Barddhaman, 
West Bengal, India, 21/10/18",0,0,false,,"Dhabani, West Bengal, India",23.597765,87.364785,,,,,,,,false,,,,Barddhaman,West Bengal,India,West Bengal,Barddhaman,Chinese Bur,Triumfetta rhomboidea,Chinese Bur,Plantae,170044
17707080,37c568ab-9f0b-4993-8e5b-98adc00d8e9e,2018-10-21 3:29:21 PM GMT+05:30,2018-10-21,2018-10-21 09:59:21 UTC,Chennai,864847,soumya_p,Soumya Patra,2018-10-21 11:37:03 UTC,2020-10-11 07:41:23 UTC,research,CC-BY-NC,https://www.inaturalist.org/observations/17707080,https://inaturalist-open-data.s3.amazonaws.com/photos/26991189/medium.jpeg,,,,4,0,false,2,"Bankura, IN-WB, IN",23.3227777202,87.0031564262,30724,,,,30724,obscured,,true,gps,manual,,Bankura,West Bengal,India,West Bengal,Bankura,Coffee Senna,Senna occidentalis,Coffee Senna,Plantae,168847
17743526,d7b97291-9190-4d05-9b44-9de5023e5453,Mon Oct 22 2018 15:57:07 GMT+0100 (GMT+1),2018-10-22,2018-10-22 13:57:07 UTC,Amsterdam,1292465,lauren_brown27,,2018-10-22 15:00:19 UTC,2019-11-07 02:38:24 UTC,research,,https://www.inaturalist.org/observations/17743526,https://static.inaturalist.org/photos/27060379/medium.jpg,,,,1,0,false,3,"688012, Alleppey, Kerala, IN",9.4839808877,76.3302189702,14144,,,,14144,,,false,,,,Alappuzha,Kerala,India,Kerala,Alappuzha,common water hyacinth,Pontederia crassipes,common water hyacinth,Plantae,962637
17745161,03b2b3f8-9360-46eb-a02b-f313f4d25365,Mon Oct 22 2018 17:04:43 GMT+0100 (GMT+1),2018-10-22,2018-10-22 15:04:43 UTC,Amsterdam,1292465,lauren_brown27,,2018-10-22 16:09:56 UTC,2019-07-18 09:46:38 UTC,research,,https://www.inaturalist.org/observations/17745161,https://static.inaturalist.org/photos/27063242/medium.jpg,,,,2,0,false,3,"Group of Monuments At Hampi, Hampi, Karnataka, IN",15.3226219291,76.4616169609,8855,,,,8855,,,false,,,,Bellary,Karnataka,India,Karnataka,Bellary,common lantana,Lantana camara,common lantana,Plantae,50333
17746206,6ed1191f-033b-4e73-8e36-70aca170935b,Mon Oct 22 2018 17:45:38 GMT+0100 (GMT+1),2018-10-22,2018-10-22 15:45:38 UTC,Amsterdam,1292465,lauren_brown27,,2018-10-22 16:47:56 UTC,2024-07-01 15:52:43 UTC,research,,https://www.inaturalist.org/observations/17746206,https://static.inaturalist.org/photos/27064925/medium.jpg,,,,3,0,false,3,"581326, Uttara Kannada, Karnataka, IN",14.5333768728,74.3387069327,3211,,,,3211,,,false,,,,Uttar Kannand,Karnataka,India,Karnataka,Uttara Kannada,common lantana,Lantana camara,common lantana,Plantae,50333
17770776,59c47311-c48a-467b-b094-5c274000e59b,2018-10-23 8:43:15 pm GMT+05:30,2018-10-23,2018-10-23 15:13:15 UTC,Chennai,1295010,abhijit123,,2018-10-23 15:37:13 UTC,2018-10-27 10:46:17 UTC,needs_id,CC-BY-NC,https://www.inaturalist.org/observations/17770776,https://inaturalist-open-data.s3.amazonaws.com/photos/27109105/medium.jpg,,,,0,0,false,2,"Radhika 415002, Shahunagar, Satara, Maharashtra 415002, India",17.6799521,74.0055908,300,,,,300,,,false,,,,Satara,Maharashtra,India,Maharashtra,Satara,,Duranta erecta,skyflower,Plantae,162153
17771310,93254a5c-fb0d-484f-b9c3-267fcc36673d,2018/10/23 12:50 PM IST,2018-10-23,2018-10-23 09:50:00 UTC,Jerusalem,1094491,manumohan,Manu Mohan,2018-10-23 15:56:10 UTC,2020-05-02 14:49:02 UTC,research,,https://www.inaturalist.org/observations/17771310,https://static.inaturalist.org/photos/27109959/medium.jpg,,,,4,0,false,,"Jor Bagh, New Delhi, Delhi 110003, India",28.595695,77.221677,,,,,,,,false,,,,Delhi,Delhi,India,NCT of Delhi,West,Candlebush,Senna alata,Candelabra Bush,Plantae,81515
17771514,28d3234d-f764-4df4-b20a-daf6145e9bf7,2018/10/23 1:13 PM IST,2018-10-23,2018-10-23 10:13:00 UTC,Jerusalem,1094491,manumohan,Manu Mohan,2018-10-23 16:04:02 UTC,2018-10-23 16:04:02 UTC,needs_id,,https://www.inaturalist.org/observations/17771514,https://static.inaturalist.org/photos/27110303/medium.jpg,,,,0,0,false,,"Lodhi Estate, New Delhi, Delhi, India",28.5962060105,77.2225419032,51,,,,51,,,false,,,,Delhi,Delhi,India,NCT of Delhi,West,Casuarina equisetifolia,Casuarina equisetifolia,Beach Sheoak,Plantae,62888
17772176,c24796b7-074f-4a4f-b533-e9a4a073e9d2,2018-10-23,2018-10-23,,UTC,1152832,chudamanikashyap,Chudamani Kashyap,2018-10-23 16:33:11 UTC,2019-08-13 08:56:36 UTC,research,,https://www.inaturalist.org/observations/17772176,https://static.inaturalist.org/photos/27111931/medium.jpeg,,,,1,0,false,2,"SH 2, Parewapali, Odisha 493890, India",19.8902183333,82.6909066667,4,,,,4,,,false,gps,gps,,Gariaband,Chhattisgarh,India,Chhattisgarh,Gariaband,Cat's Claw,Martynia annua,Cat's Claw,Plantae,285847
17792477,d8e3ddea-53e1-4839-bf39-6f476a13c59a,2018-10-24 2:55:44 PM IST,2018-10-24,2018-10-24 11:55:44 UTC,Jerusalem,1296825,keteneihu,Kete Neihu,2018-10-24 11:14:34 UTC,2019-07-18 09:43:53 UTC,research,,https://www.inaturalist.org/observations/17792477,https://static.inaturalist.org/photos/27147618/medium.jpeg,,,Lantana camara,2,0,false,2,"Papum Pare, IN-AR, IN",27.14976377,93.76619146,9,,,,9,,,false,gps,gps,,Papum Pare,Arunachal Pradesh,India,Arunachal Pradesh,Papum Pare,common lantana,Lantana camara,common lantana,Plantae,50333
17792901,a7d53258-1f97-49df-a3f2-b52f3985c636,Wed Oct 24 2018 16:23:59 GMT+0530 (GMT+5:30),2018-10-24,2018-10-24 10:53:59 UTC,Chennai,1296853,aribamrockysharma,Aribam Rocky Sharma,2018-10-24 11:55:57 UTC,2018-10-27 15:13:42 UTC,needs_id,,https://www.inaturalist.org/observations/17792901,https://static.inaturalist.org/photos/27148525/medium.jpg,,,,0,0,false,3,"Papum Pare, IN-AR, IN",27.1569491607,93.7661325309,19,,,,19,,,false,,,,Papum Pare,Arunachal Pradesh,India,Arunachal Pradesh,Papum Pare,,Triumfetta rhomboidea rhomboidea,,Plantae,601481
17793015,68664e01-5340-4376-af10-15ca696aaec2,2018-10-24 3:14:12 pm GMT+05:30,2018-10-24,2018-10-24 09:44:12 UTC,Chennai,1296821,pradeepen,,2018-10-24 12:05:20 UTC,2021-09-01 15:29:36 UTC,research,CC-BY-NC,https://www.inaturalist.org/observations/17793015,https://inaturalist-open-data.s3.amazonaws.com/photos/27148762/medium.jpeg,,,,2,0,false,2,"Papum Pare, IN-AR, IN",27.1561355591,93.7654724121,,,,,,,,false,gps,gps,,Papum Pare,Arunachal Pradesh,India,Arunachal Pradesh,Papum Pare,Turkey Berry,Solanum torvum,Turkey Berry,Plantae,63694
17798432,ffec9d1d-de74-48d8-b297-239cf79be6ee,,,,UTC,1297133,kanikachauhan,kanika chauhan,2018-10-24 16:15:00 UTC,2019-08-04 04:38:32 UTC,casual,,https://www.inaturalist.org/observations/17798432,https://static.inaturalist.org/photos/27157875/medium.jpg,,,,1,0,true,2,"10 lalabhai park, Devgadh Baria, Gujarat 389380, India",22.7067091,73.9118452,20,,,,20,,,false,,,,Dahod,Gujarat,India,Gujarat,Dahod,Quail Grass,Celosia argentea,Quail Grass,Plantae,160259
17812356,ff9dff41-f977-41cb-8b08-c9748bcdae9a,2018-07-02 11:22:23 AM GMT+05:30,2018-07-02,2018-07-02 05:52:23 UTC,Chennai,1298311,dharenrajthangjam,dharenraj thangjam,2018-10-25 01:28:20 UTC,2019-02-24 16:13:22 UTC,research,,https://www.inaturalist.org/observations/17812356,https://static.inaturalist.org/photos/27182256/medium.jpeg,,,Common plants around the area,1,0,false,2,"I.B Rd, Mayang Imphal, Manipur 795132, India",24.61766337,93.88791307,9,,,,9,,,false,,,,West Imphal,Manipur,India,Manipur,Imphal West,skyflower,Duranta erecta,skyflower,Plantae,162153
17823566,3f91a6fc-c198-4b84-9870-4195b971acbe,2018-10-17 3:28:00 pm GMT+05:30,2018-10-17,2018-10-17 09:58:00 UTC,Chennai,8826,chiefredearth,Chief RedEarth,2018-10-25 14:30:15 UTC,2020-10-24 07:44:39 UTC,research,CC-BY-NC-ND,https://www.inaturalist.org/observations/17823566,https://inaturalist-open-data.s3.amazonaws.com/photos/27202325/medium.jpeg,,,,2,0,false,2,"Unnamed Road, Charleville, Uttarakhand 248179, India",30.4777774811,78.0569458008,,,,,,,,false,gps,gps,,Dehra Dun,Uttaranchal,India,Uttarakhand,Dehradun,Campanilla morada,Ipomoea purpurea,common morning-glory,Plantae,52344
17827838,94d95a3b-903f-4d08-9211-26443c6ef48b,2018-10-24 3:35:33 pm GMT+05:30,2018-10-24,2018-10-24 10:05:33 UTC,Chennai,1296821,pradeepen,,2018-10-25 17:02:56 UTC,2023-12-12 11:42:52 UTC,research,CC-BY-NC,https://www.inaturalist.org/observations/17827838,https://inaturalist-open-data.s3.amazonaws.com/photos/27210047/medium.jpeg,,,,2,0,false,2,"Papum Pare, IN-AR, IN",27.1567649841,93.7651748657,,,,,,,,false,gps,gps,,Papum Pare,Arunachal Pradesh,India,Arunachal Pradesh,Papum Pare,redflower ragleaf,Crassocephalum crepidioides,redflower ragleaf,Plantae,160957
17847310,dc45fa36-e2a8-405c-ab9f-5c1551f42dae,Tue Oct 23 2018 17:49:24 GMT+0530 (GMT+5:30),2018-10-23,2018-10-23 12:19:24 UTC,Chennai,1294555,dipeshbaid,Dipesh Baid,2018-10-26 08:08:15 UTC,2024-09-14 16:05:37 UTC,research,,https://www.inaturalist.org/observations/17847310,https://static.inaturalist.org/photos/27244170/medium.jpg,,,,2,0,false,3,"781011, Guwahati, Assam, IN",26.159323499,91.7057176924,65,,,,65,,,false,,,,Kamrup Metropolitan,Assam,India,Assam,Kamrup Metropolitan,Siam weed,Chromolaena odorata,Siam weed,Plantae,199400
17865321,e9c3e488-6577-48ec-bb91-18afeacf17bf,2016-11-05 11:23:16 PM GMT+05:30,2016-11-05,2016-11-05 17:53:16 UTC,Chennai,1296823,momangtaram,Momang Taram,2018-10-27 00:43:32 UTC,2020-05-02 14:49:09 UTC,research,,https://www.inaturalist.org/observations/17865321,https://static.inaturalist.org/photos/27275089/medium.jpeg,,,Senna hirsuta,2,0,false,2,"Papum Pare, IN-AR, IN",27.1358201205,93.7454618141,33,,,,33,,,false,gps,gps,,Papum Pare,Arunachal Pradesh,India,Arunachal Pradesh,Papum Pare,hairy senna,Senna hirsuta,hairy senna,Plantae,168840
17896165,8cc5cf54-7a40-4ade-8f75-e6f9186b24d4,,,,UTC,1263228,pranavvinod,pranav vinod,2018-10-28 04:04:40 UTC,2018-11-27 10:55:53 UTC,casual,,https://www.inaturalist.org/observations/17896165,https://static.inaturalist.org/photos/27331416/medium.jpeg,,,,0,0,false,2,"Virayatan Rd, Bihar 803116, India",25.0171104,85.4087369,21,,,,21,,,false,gps,gps,,Nalanda,Bihar,India,Bihar,Nalanda,Silver wattle,Acacia dealbata,Silver wattle,Plantae,53343
17897524,46b8b0cc-f8d4-48bd-8e72-d7593e451a6e,2017-12-11 9:31:57 AM GMT+05:30,2017-12-11,2017-12-11 04:01:57 UTC,Chennai,1303380,aarti1,Aarti Kumari,2018-10-28 05:47:25 UTC,2019-07-26 17:41:50 UTC,research,,https://www.inaturalist.org/observations/17897524,https://static.inaturalist.org/photos/27334122/medium.jpeg,,,,3,0,false,2,"Babuganj, Hasanganj, Lucknow, Uttar Pradesh 226007, India",26.8654267,80.9354436,1020,,,,1020,,,false,,,,Lucknow,Uttar Pradesh,India,Uttar Pradesh,Lucknow,garden cosmos,Cosmos bipinnatus,garden cosmos,Plantae,68562
17900186,3698356a-258a-4c0f-8a0d-c2dbbf7b1caa,2018-10-28 4:07:37 PM GMT+05:30,2018-10-28,2018-10-28 10:37:37 UTC,Chennai,1303380,aarti1,Aarti Kumari,2018-10-28 10:42:03 UTC,2019-02-24 15:35:49 UTC,research,,https://www.inaturalist.org/observations/17900186,https://static.inaturalist.org/photos/27338775/medium.jpeg,,,,1,0,false,2,"Unnamed Road, Babuganj, Hasanganj, Lucknow, Uttar Pradesh 226007, India",26.8675259,80.938098,1247,,,,1247,,,false,,,,Lucknow,Uttar Pradesh,India,Uttar Pradesh,Lucknow,skyflower,Duranta erecta,skyflower,Plantae,162153
17901026,a187610a-1b29-43ba-8f0b-6613b0f357ca,2018/10/10 4:43 PM IST,2018-10-10,2018-10-10 13:43:00 UTC,Jerusalem,736449,feather_pixels,Revath B C,2018-10-28 11:46:30 UTC,2018-10-28 13:47:04 UTC,research,CC-BY-NC,https://www.inaturalist.org/observations/17901026,https://inaturalist-open-data.s3.amazonaws.com/photos/27340211/medium.jpeg,,,,2,0,false,,"Ramakrishnanagar, Mysuru, Karnataka, India",12.2831260985,76.6149357787,4,,,,4,,,false,,,,Mysore,Karnataka,India,Karnataka,Mysore,water lettuce,Pistia stratiotes,water lettuce,Plantae,78589
17901031,be126614-0412-4814-aae4-c0cadc6d29bf,2018/10/28 7:24 AM IST,2018-10-28,2018-10-28 05:24:00 UTC,Jerusalem,736449,feather_pixels,Revath B C,2018-10-28 11:46:32 UTC,2019-07-26 17:41:48 UTC,research,CC-BY-NC,https://www.inaturalist.org/observations/17901031,https://inaturalist-open-data.s3.amazonaws.com/photos/27340239/medium.jpeg,,,,2,0,false,,"Kajjihundi, Mysuru, Karnataka, India",12.3085283333,76.6368066667,,,,,,,,false,,,,Mysore,Karnataka,India,Karnataka,Mysore,garden cosmos,Cosmos bipinnatus,garden cosmos,Plantae,68562
17911000,8d04df72-8e57-49de-be58-c6f43acce2b8,Sun Oct 07 2018 16:18:54 GMT+0530 (GMT+5:30),2018-10-07,2018-10-07 10:48:54 UTC,Chennai,5292,shankarts,,2018-10-28 19:24:41 UTC,2023-12-19 00:41:41 UTC,research,CC-BY,https://www.inaturalist.org/observations/17911000,https://static.inaturalist.org/photos/27358039/medium.jpg,,,,2,0,false,3,"Mysore, IN-KA, IN",12.0858330326,76.7998325453,10,,,,10,,open,false,,,,Mysore,Karnataka,India,Karnataka,Mysore,yellow trumpet flower,Tecoma stans,yellow trumpet flower,Plantae,48363
17925253,f3230d14-fc00-416f-843b-e443734d19d7,2018-08-09 8:50:24 AM IST,2018-08-09,2018-08-09 05:50:24 UTC,Jerusalem,1302386,dhananjayawate,dhananjay awate,2018-10-29 03:01:50 UTC,2020-03-26 20:07:11 UTC,needs_id,,https://www.inaturalist.org/observations/17925253,https://static.inaturalist.org/photos/27384969/medium.jpeg,,,,1,0,false,2,"KURKUMBH, MIDC Rd, Girim, Maharashtra 413801, India",18.4233836808,74.5106224716,175,,,,175,,open,false,gps,gps,,Pune,Maharashtra,India,Maharashtra,Pune,Red-flower prickly pear,Opuntia elatior,Red-flower Pricklypear,Plantae,441415
17936479,e1ebe917-8464-44ac-b0f6-8202f6dd1147,2018-10-14 7:20:31 AM CDT,2018-10-14,2018-10-14 12:20:31 UTC,Central Time (US & Canada),1110460,jjhepker,,2018-10-29 16:41:22 UTC,2018-11-08 18:27:44 UTC,research,CC-BY-NC,https://www.inaturalist.org/observations/17936479,https://inaturalist-open-data.s3.amazonaws.com/photos/27404398/medium.jpeg,,,,2,0,false,2,"Chidiyapur, Haridwar, NH-74, Haridwar Road, Haridwar, Haridwar, Uttarakhand 247663, India",29.7474994659,78.2600021362,,,,,,,,false,gps,gps,,Haridwar,Uttaranchal,India,Uttarakhand,Hardwar,common lantana,Lantana camara,common lantana,Plantae,50333
17953049,4bc996d9-90cf-4b99-8e07-ffb8086d4534,2018-10-30 8:49:26 AM GMT+05:30,2018-10-30,2018-10-30 03:19:26 UTC,Chennai,1303380,aarti1,Aarti Kumari,2018-10-30 03:34:04 UTC,2019-04-18 15:55:54 UTC,research,,https://www.inaturalist.org/observations/17953049,https://static.inaturalist.org/photos/27434103/medium.jpeg,,,,1,0,false,2,"Lucknow University, Babuganj, Hasanganj, Lucknow, Uttar Pradesh 226007, India",26.8654219,80.937797,1098,,,,1098,,,false,,,,Lucknow,Uttar Pradesh,India,Uttar Pradesh,Lucknow,sticky snakeroot,Ageratina adenophora,Crofton Weed,Plantae,64114
17953193,9f2bba51-7efc-4b90-82a7-2694c1c30b35,2018-10-30 8:51:01 AM GMT+05:30,2018-10-30,2018-10-30 03:21:01 UTC,Chennai,1303380,aarti1,Aarti Kumari,2018-10-30 03:43:20 UTC,2022-09-24 22:35:52 UTC,research,,https://www.inaturalist.org/observations/17953193,https://static.inaturalist.org/photos/27434310/medium.jpeg,,,,2,0,false,2,"University Rd, Babuganj, Hasanganj, Lucknow, Uttar Pradesh 226007, India",26.8640892,80.9378639,1327,,,,1327,,,false,,,,Lucknow,Uttar Pradesh,India,Uttar Pradesh,Lucknow,billygoat weed,Ageratum conyzoides,billygoat weed,Plantae,143422
17953215,e97560be-ef48-4941-9fcc-aadfcac35a79,2018-10-30 8:52:34 AM GMT+05:30,2018-10-30,2018-10-30 03:22:34 UTC,Chennai,1303380,aarti1,Aarti Kumari,2018-10-30 03:45:14 UTC,2018-10-30 12:35:21 UTC,research,,https://www.inaturalist.org/observations/17953215,https://static.inaturalist.org/photos/27434366/medium.jpeg,,,,1,0,false,2,"Babuganj, Hasanganj, Lucknow, Uttar Pradesh 226007, India",26.8653055,80.9353898,1020,,,,1020,,,false,,,,Lucknow,Uttar Pradesh,India,Uttar Pradesh,Lucknow,asthma plant,Euphorbia hirta,Asthma plant,Plantae,131560
17955533,30e1b80b-e158-4e7c-b92e-c27673456581,,,,UTC,1264053,sanju1,,2018-10-30 06:59:26 UTC,2019-11-08 00:47:39 UTC,casual,CC-BY-NC,https://www.inaturalist.org/observations/17955533,https://inaturalist-open-data.s3.amazonaws.com/photos/27438504/medium.jpeg,,,,2,0,false,2,"NH130C, Dahigaon, Chhattisgarh 493890, India",19.89607196,82.66560413,9,,,,9,,,false,gps,gps,,Gariaband,Chhattisgarh,India,Chhattisgarh,Gariaband,Air Plant,Kalanchoe pinnata,Air Plant,Plantae,164333
17974488,9004d607-73dc-4d21-9406-c4164ebe6f2b,2017-08-16 8:21:30 AM GMT+05:30,2017-08-16,2017-08-16 02:51:30 UTC,Chennai,135656,mayuresh_kulkarni,Mayuresh Kulkarni,2018-10-30 23:26:19 UTC,2019-08-13 08:56:48 UTC,research,CC-BY-NC,https://www.inaturalist.org/observations/17974488,https://inaturalist-open-data.s3.amazonaws.com/photos/27472527/medium.jpeg,,,,3,0,false,2,"Unnamed Road,, Ghera Sinhagad, Maharashtra 411025, India",18.3830222668,73.7297700718,1395,,,,1395,,,false,gps,gps,,Pune,Maharashtra,India,Maharashtra,Pune,Cat's Claw,Martynia annua,Cat's Claw,Plantae,285847
17975984,f9071d92-e4c4-461b-b809-25a0cf5f8b4b,2009-01-19 3:53:17 PM GMT+05:30,2009-01-19,2009-01-19 10:23:17 UTC,Chennai,135656,mayuresh_kulkarni,Mayuresh Kulkarni,2018-10-31 00:36:03 UTC,2019-07-23 13:53:56 UTC,research,CC-BY-NC,https://www.inaturalist.org/observations/17975984,https://inaturalist-open-data.s3.amazonaws.com/photos/27475186/medium.jpeg,,,,3,0,false,2,"Kudje Khadakwasla Link Rd, Maharashtra 411024, India",18.4415623284,73.7704397365,349,,,,349,,,false,gps,gps,,Pune,Maharashtra,India,Maharashtra,Pune,lion's ear,Leonotis nepetifolia,lion's ear,Plantae,141634
17982166,ea2a5a36-50a7-4816-8fad-78d6fcdcc903,2018-10-31 1:51:17 PM GMT+05:30,2018-10-31,2018-10-31 08:21:17 UTC,Chennai,1303380,aarti1,Aarti Kumari,2018-10-31 08:26:32 UTC,2019-07-27 07:53:47 UTC,research,,https://www.inaturalist.org/observations/17982166,https://static.inaturalist.org/photos/27485821/medium.jpeg,,,,2,0,false,2,"Lucknow University, Babuganj, Hasanganj, Lucknow, Uttar Pradesh 226007, India",26.8654219,80.937797,1098,,,,1098,,,false,,,,Lucknow,Uttar Pradesh,India,Uttar Pradesh,Lucknow,Tridax daisy,Tridax procumbens,Tridax daisy,Plantae,169944
18002119,10de8760-94a9-4ef2-9201-0fea6eafc8ac,2018-11-01 8:56:00 AM GMT+05:30,2018-11-01,2018-11-01 03:26:00 UTC,Chennai,1245618,kamleshwarkashyap,Msc student,2018-11-01 03:33:39 UTC,2023-09-09 01:37:03 UTC,research,,https://www.inaturalist.org/observations/18002119,https://static.inaturalist.org/photos/56589448/medium.jpeg,,,,2,0,false,2,"SH 2, Parewapali, Odisha 493890, India",19.8911033333,82.6922016667,2,,,,2,,,false,,,,Gariaband,Chhattisgarh,India,Chhattisgarh,Gariaband,scarlet creeper,Ipomoea hederifolia,scarlet creeper,Plantae,126300
18026671,8013fd4e-3dee-4bbb-a9e7-510c2779b0e4,2018/08/28 11:52 AM IST,2018-08-28,2018-08-28 08:52:00 UTC,Jerusalem,135656,mayuresh_kulkarni,Mayuresh Kulkarni,2018-11-02 07:21:38 UTC,2018-12-02 20:18:14 UTC,research,CC-BY-NC,https://www.inaturalist.org/observations/18026671,https://inaturalist-open-data.s3.amazonaws.com/photos/27560419/medium.jpg,,,,1,0,false,,"Tamhini Ghat, Tata Talav, Maharashtra 412108",18.4759109,73.4592417,2057,,,,2057,,,false,,,,Pune,Maharashtra,India,Maharashtra,Pune,apple-of-Peru,Nicandra physalodes,apple-of-Peru,Plantae,78217
18029866,9d933693-1b3a-4cfb-9063-23213f1b64e2,2018-11-02 6:55:00 PM GMT+05:30,2018-11-02,2018-11-02 13:25:00 UTC,Chennai,1245618,kamleshwarkashyap,Msc student,2018-11-02 13:25:59 UTC,2019-08-04 04:38:33 UTC,research,,https://www.inaturalist.org/observations/18029866,https://static.inaturalist.org/photos/27566064/medium.jpeg,,,,2,0,false,2,"SH 2, Parewapali, Odisha 493890, India",19.8900616667,82.6909066667,3,,,,3,,,false,,,,Gariaband,Chhattisgarh,India,Chhattisgarh,Gariaband,Quail Grass,Celosia argentea,Quail Grass,Plantae,160259
18046397,0f03ad33-9f25-4666-99fe-0d906b677ed3,Sat Sep 01 2018 15:31:02 GMT+0530 (GMT+5:30),2018-09-01,2018-09-01 10:01:02 UTC,Chennai,867968,memyself,Don Kukka,2018-11-03 02:29:09 UTC,2019-08-04 04:25:01 UTC,research,,https://www.inaturalist.org/observations/18046397,https://static.inaturalist.org/photos/27592596/medium.jpg,,,,2,0,false,3,"500075, Hyderabad, TG, IN",17.3729161568,78.3207429431,8897,,,,8897,,,false,,,,Rangareddi,Telangana,India,Telangana,Ranga Reddy,Common passionfruit,Passiflora edulis,common passionfruit,Plantae,51446
18053030,51532a2e-b410-41e3-9c33-5a8d2153b274,Sat Nov 03 2018 08:17:58 GMT+0530 (GMT+5:30),2018-11-03,2018-11-03 02:47:58 UTC,Chennai,1317349,swathirampur,swathi rampur,2018-11-03 10:36:01 UTC,2023-03-17 04:10:47 UTC,research,,https://www.inaturalist.org/observations/18053030,https://static.inaturalist.org/photos/27603158/medium.jpg,,,,5,0,false,3,"572101, Tumkur, Karnataka, IN",13.345995,77.1110221667,5,,,,5,,,false,,,,Tumkur,Karnataka,India,Karnataka,Tumkur,Cypress Vine,Ipomoea quamoclit,Cypress Vine,Plantae,126869
18059980,56e7f9a1-0645-437e-a344-c3a3b7b40a7a,2018-08-15 1:45:28 PM GMT+05:30,2018-08-15,2018-08-15 08:15:28 UTC,Chennai,1314916,shivanshsingh,Shivansh Singh,2018-11-03 16:05:47 UTC,2024-10-21 22:59:51 UTC,research,,https://www.inaturalist.org/observations/18059980,https://static.inaturalist.org/photos/27612550/medium.jpeg,,,,1,0,false,2,"In lane of Radhe fortune commercial hub, Bhat ring Rd circle, Ahmedabad, Gujarat 382428, India",23.1127185822,72.6331100464,,,,,,,,false,gps,gps,,Gandhinagar,Gujarat,India,Gujarat,Gandhinagar,creeping woodsorrel,Oxalis corniculata,Creeping Woodsorrel,Plantae,53168
18062611,0a4c8f19-50ba-406e-b2bc-d2723b223d52,Wed Oct 31 2018 09:02:53 GMT+0530 (GMT+5:30),2018-10-31,2018-10-31 03:32:53 UTC,Chennai,1321055,nabeelsa,Nabeel S A,2018-11-03 17:30:14 UTC,2023-03-17 04:10:47 UTC,research,,https://www.inaturalist.org/observations/18062611,https://static.inaturalist.org/photos/27616627/medium.jpg,,,,3,0,false,3,"695584, Thiruvananthapuram, Kerala, IN",8.6094366667,76.8824383333,5,,,,5,,,false,,,,Thiruvananthapuram,Kerala,India,Kerala,Thiruvananthapuram,Cypress Vine,Ipomoea quamoclit,Cypress Vine,Plantae,126869
18063362,8dc639f2-d070-44a6-906b-7b0c1c756c75,Sat Nov 03 2018 08:27:50 GMT+0530 (GMT+5:30),2018-11-03,2018-11-03 02:57:50 UTC,Chennai,1317349,swathirampur,swathi rampur,2018-11-03 17:53:20 UTC,2018-11-04 01:19:38 UTC,needs_id,,https://www.inaturalist.org/observations/18063362,https://static.inaturalist.org/photos/27617869/medium.jpg,,,,0,0,false,3,"NH 48, Tumkur, Karnataka, IN",13.3456883333,77.1086195,5,,,,5,,,false,,,,Tumkur,Karnataka,India,Karnataka,Tumkur,,Lantana camara,common lantana,Plantae,50333
18082422,d6145b1d-0f5f-4158-b993-aa5850c15d1c,2018-11-04 9:49:25 AM GMT+05:30,2018-11-04,2018-11-04 04:19:25 UTC,Chennai,1161411,sreekumarpk,Sreekumar Pk,2018-11-04 04:20:28 UTC,2018-11-04 17:41:29 UTC,research,,https://www.inaturalist.org/observations/18082422,https://static.inaturalist.org/photos/27647331/medium.jpeg,,,,3,1,false,2,"VST 2nd Main, Vakil Satellite Township, Gopasandra, Bengaluru, Karnataka 560099, India",12.8533521959,77.7347547188,33,,,,33,,,false,gps,gps,,Bangalore,Karnataka,India,Karnataka,Bangalore,asthma plant,Euphorbia hirta,Asthma plant,Plantae,131560
18083366,b9a60745-ad7a-41dd-bda2-3ce042d6d04e,Mon Oct 29 2018 16:23:57 GMT+0530 (GMT+5:30),2018-10-29,2018-10-29 10:53:57 UTC,Chennai,1325371,haritima,,2018-11-04 05:18:27 UTC,2023-06-23 05:48:02 UTC,research,,https://www.inaturalist.org/observations/18083366,https://static.inaturalist.org/photos/27648901/medium.jpg,,,,2,1,false,3,"110065, New Delhi, Delhi, IN",28.557755,77.26763,,,,,,,,false,,,,Delhi,Delhi,India,NCT of Delhi,West,Heliconia psittacorum,Heliconia psittacorum,Parrot's Beak,Plantae,260753
18094082,23e8974d-4325-49b5-952b-b8ab2083316b,2018-11-04,2018-11-04,,UTC,1152832,chudamanikashyap,Chudamani Kashyap,2018-11-04 16:48:15 UTC,2018-11-30 10:24:18 UTC,research,,https://www.inaturalist.org/observations/18094082,https://static.inaturalist.org/photos/27663956/medium.jpeg,,,,2,0,false,2,"Unnamed Road, Podaguda, Odisha 766028, India",19.6549566667,82.62992,3,,,,3,,,false,,,,Kalahandi,Odisha,India,Odisha,Kalahandi,lion's ear,Leonotis nepetifolia,lion's ear,Plantae,141634
18123803,3fff6e87-35a4-4c5e-9c8b-d5d148092bef,2018-11-05 2:45:34 PM GMT+05:30,2018-11-05,2018-11-05 09:15:34 UTC,Chennai,1314916,shivanshsingh,Shivansh Singh,2018-11-05 09:31:59 UTC,2019-02-24 15:33:47 UTC,casual,,https://www.inaturalist.org/observations/18123803,https://static.inaturalist.org/photos/27710852/medium.jpeg,,,,1,0,true,2,"cabara bank no 92, Zero Rd, Allahabad University, Old Katra, Prayagraj, Uttar Pradesh 211002, India",25.4654121399,81.8600311279,,,,,,,,false,gps,gps,,Kaushambi,Uttar Pradesh,India,Uttar Pradesh,Kaushambi,skyflower,Duranta erecta,skyflower,Plantae,162153
18124202,b48911c8-2c24-4b3c-bdda-cfedf22a6201,2018-11-05 2:44:43 PM GMT+05:30,2018-11-05,2018-11-05 09:14:43 UTC,Chennai,1314916,shivanshsingh,Shivansh Singh,2018-11-05 09:52:51 UTC,2020-03-10 03:09:40 UTC,research,,https://www.inaturalist.org/observations/18124202,https://static.inaturalist.org/photos/27711396/medium.jpeg,,,,2,0,false,2,"cabara bank no 92, Zero Rd, Allahabad University, Old Katra, Prayagraj, Uttar Pradesh 211002, India",25.4651012421,81.8598861694,,,,,,,,false,gps,gps,,Kaushambi,Uttar Pradesh,India,Uttar Pradesh,Kaushambi,Quail Grass,Celosia argentea,Quail Grass,Plantae,160259
18125832,4eb20ec5-058a-43cc-b24e-afc298740ec9,Tue Jun 05 2018 14:13:34 GMT+0530 (GMT+5:30),2018-06-05,2018-06-05 08:43:34 UTC,Chennai,1330583,wraith,Gopeekrishnan Pillai,2018-11-05 12:26:24 UTC,2019-08-04 04:25:03 UTC,research,,https://www.inaturalist.org/observations/18125832,https://static.inaturalist.org/photos/27714084/medium.jpg,,,,2,0,false,3,"690501, Alappuzha, Kerala, IN",9.131575,76.54792,8,,,,8,,,false,,,,Alappuzha,Kerala,India,Kerala,Alappuzha,Common passionfruit,Passiflora edulis,common passionfruit,Plantae,51446
18128614,cc047215-5333-4b1b-8a0f-8c6c60c33859,2018-11-05 3:54:42 PM GMT+05:30,2018-11-05,2018-11-05 10:24:42 UTC,Chennai,1245618,kamleshwarkashyap,Msc student,2018-11-05 15:16:09 UTC,2018-12-05 06:04:57 UTC,research,,https://www.inaturalist.org/observations/18128614,https://static.inaturalist.org/photos/27718699/medium.jpg,,,,2,0,false,2,"SH 2, Parewapali, Odisha 493890, India",19.8905466667,82.6904766667,2,,,,2,,,false,gps,gps,,Gariaband,Chhattisgarh,India,Chhattisgarh,Gariaband,castor bean,Ricinus communis,castor bean,Plantae,56739
18154419,99312a31-d4b2-4caa-9bc1-7fc5c48ad311,2018-11-06 7:51:48 AM GMT+05:30,2018-11-06,2018-11-06 02:21:48 UTC,Chennai,1303380,aarti1,Aarti Kumari,2018-11-06 03:42:35 UTC,2020-03-10 03:09:46 UTC,casual,,https://www.inaturalist.org/observations/18154419,https://static.inaturalist.org/photos/27751547/medium.jpeg,,,,3,0,true,2,"177/7, Bahadur Shah Marg Colony, Race Course Rd, Near Race Course, Neil Lines, Cantonment, Lucknow, Uttar Pradesh 226002, India",26.8106665,80.9633513,159,,,,159,,,false,,,,Lucknow,Uttar Pradesh,India,Uttar Pradesh,Lucknow,Quail Grass,Celosia argentea,Quail Grass,Plantae,160259
18162023,82266c4a-a155-4637-804d-01e4f62b4dd7,2018-07-05 5:44:06 p.m. GMT+05:30,2018-07-05,2018-07-05 12:14:06 UTC,Chennai,1023852,khushbu4,,2018-11-06 08:02:58 UTC,2020-01-28 21:59:52 UTC,research,,https://www.inaturalist.org/observations/18162023,https://static.inaturalist.org/photos/27761420/medium.jpeg,,,,3,0,false,2,"Unnamed Road, Chhattisgarh 494001, India",18.7778898017,81.9973980635,11007,,,,11007,,,false,gps,gps,,Bastar,Chhattisgarh,India,Chhattisgarh,Bastar,Indian Heliotrope,Heliotropium indicum,Indian Heliotrope,Plantae,83492
18167559,7f08f2ed-2676-4ab4-b9bb-4e2715bfa673,2018-11-07 9:00:00 PM GMT+05:30,2018-11-07,2018-11-07 15:30:00 UTC,Chennai,1245618,kamleshwarkashyap,Msc student,2018-11-06 12:58:27 UTC,2019-08-09 07:21:45 UTC,research,,https://www.inaturalist.org/observations/18167559,https://static.inaturalist.org/photos/27954443/medium.jpeg,,,,1,0,false,2,"Gariaband, IN-CT, IN",19.890365,82.6908566667,5,,,,5,,,false,gps,gps,,Gariaband,Chhattisgarh,India,Chhattisgarh,Gariaband,Marvel of Peru,Mirabilis jalapa,Marvel of Peru,Plantae,50616
18167603,62294125-1be3-4c6f-806a-c3443bd0728e,2018-11-06 6:24:00 PM GMT+05:30,2018-11-06,2018-11-06 12:54:00 UTC,Chennai,1245618,kamleshwarkashyap,Msc student,2018-11-06 13:00:42 UTC,2019-08-09 07:21:42 UTC,research,,https://www.inaturalist.org/observations/18167603,https://static.inaturalist.org/photos/27954487/medium.jpg,,,,1,0,false,2,"Gariaband, IN-CT, IN",19.8901633333,82.6909983333,5,,,,5,,,false,,,,Gariaband,Chhattisgarh,India,Chhattisgarh,Gariaband,Marvel of Peru,Mirabilis jalapa,Marvel of Peru,Plantae,50616
18175366,3043e9e4-64a5-44bb-9627-d69bf01ca65f,Mon Nov 05 2018 14:40:40 GMT+0530 (GMT+5:30),2018-11-05,2018-11-05 09:10:40 UTC,Chennai,1314878,jankivyas,Janki Vyas,2018-11-06 19:20:36 UTC,2020-03-10 03:09:43 UTC,research,,https://www.inaturalist.org/observations/18175366,https://static.inaturalist.org/photos/27781590/medium.jpg,,,,3,0,false,3,"Allahabad University, Allahabad, Uttar Pradesh, IN",25.465105,81.8599033333,5,,,,5,,,false,,,,Kaushambi,Uttar Pradesh,India,Uttar Pradesh,Kaushambi,Quail Grass,Celosia argentea,Quail Grass,Plantae,160259
18176235,cab807bb-a847-4ba5-9685-54bf8a352d37,Mon Nov 05 2018 14:39:23 GMT+0530 (GMT+5:30),2018-11-05,2018-11-05 09:09:23 UTC,Chennai,1314878,jankivyas,Janki Vyas,2018-11-06 19:45:17 UTC,2019-04-14 22:59:51 UTC,research,,https://www.inaturalist.org/observations/18176235,https://static.inaturalist.org/photos/27782895/medium.jpg,,,,1,0,false,3,"Allahabad University, Allahabad, Uttar Pradesh, IN",25.4646633333,81.85972,7,,,,7,,,false,,,,Kaushambi,Uttar Pradesh,India,Uttar Pradesh,Kaushambi,Catclaw vine,Dolichandra unguis-cati,Catclaw vine,Plantae,584095
18191834,e53559df-00d9-4b1b-99b9-6809d44c3341,Fri Oct 26 2018 14:05:51 GMT+0530 (GMT+05:30),2018-10-26,2018-10-26 08:35:51 UTC,Chennai,890824,adventuresinindia,,2018-11-07 04:13:19 UTC,2020-10-31 07:58:07 UTC,research,,https://www.inaturalist.org/observations/18191834,https://static.inaturalist.org/photos/27803560/medium.jpg,,,,2,0,false,3,"263155, Nainital, Uttarakhand, IN",29.35239,79.532329,360,,,,360,,,false,,,,Naini Tal,Uttaranchal,India,Uttarakhand,Nainital,common lantana,Lantana camara,common lantana,Plantae,50333
18201044,0818ac84-e52f-4e8a-a79c-8c34cace1a31,2018-11-07 1:30:32 PM IST,2018-11-07,2018-11-07 11:30:32 UTC,Jerusalem,1154718,jagdishsupekar,Jagdish Supekar,2018-11-07 08:01:05 UTC,2018-11-07 12:08:03 UTC,research,CC-BY-NC,https://www.inaturalist.org/observations/18201044,https://inaturalist-open-data.s3.amazonaws.com/photos/27815079/medium.jpg,,,,1,0,false,2,"26,SambhajiNagar,Saidapur,Satara, Saidapur, Maharashtra 415002, India",17.7086658478,73.9816665649,,,,,,,,false,gps,gps,,Satara,Maharashtra,India,Maharashtra,Satara,common lantana,Lantana camara,common lantana,Plantae,50333
18206513,02da4423-1a13-4564-bccf-63023c3e1a0f,,,,UTC,1337116,vip,VIPUL M MAHADIK,2018-11-07 10:22:06 UTC,2018-11-10 17:46:32 UTC,casual,CC-BY-NC,https://www.inaturalist.org/observations/18206513,https://inaturalist-open-data.s3.amazonaws.com/photos/27821239/medium.jpg,,,,1,0,false,2,"Dattaji Salvi Udyan, Service Road, Kopri, Thane East, Thane, Maharashtra 400603, India",19.1804040595,72.9670031369,3,,,,3,,,false,gps,gps,,Greater Bombay,Maharashtra,India,Maharashtra,Mumbai Suburban,tropical milkweed,Asclepias curassavica,tropical milkweed,Plantae,75602
18235593,ba33e078-1fca-4e3b-af27-7dbe133dc873,2018-11-03 10:29:04 pm GMT+05:30,2018-11-03,2018-11-03 16:59:04 UTC,Chennai,1284995,saha_r,Ritam Saha,2018-11-08 05:24:33 UTC,2025-03-24 12:43:07 UTC,research,CC-BY-NC,https://www.inaturalist.org/observations/18235593,https://inaturalist-open-data.s3.amazonaws.com/photos/27864219/medium.jpeg,,,On my way from hotel I saw this beautiful flowers making a great scenery ,1,0,false,2,"Bolpur- Sriniketan Block Road, Bolpur, West Bengal 731204, India",23.6765231,87.66140778,8,,,,8,,,false,,,,Birbhum,West Bengal,India,West Bengal,Birbhum,Coral Bells,Antigonon leptopus,Coral Vine,Plantae,48380
18241960,c35235fa-6e95-4d87-9f04-9c04faf89f92,2018-11-07 1:34:38 PM GMT+05:30,2018-11-07,2018-11-07 08:04:38 UTC,Chennai,1152832,chudamanikashyap,Chudamani Kashyap,2018-11-08 07:37:25 UTC,2019-04-15 17:10:28 UTC,research,,https://www.inaturalist.org/observations/18241960,https://static.inaturalist.org/photos/27871851/medium.jpeg,,,,1,0,false,2,"Gariaband, IN-CT, IN",19.9332199097,82.496421814,,,,,,,,false,gps,gps,,Gariaband,Chhattisgarh,India,Chhattisgarh,Gariaband,Quail Grass,Celosia argentea,Quail Grass,Plantae,160259
18242585,ffe0389a-0172-4c48-9cfc-6ceeb3c07c33,,,,UTC,1303380,aarti1,Aarti Kumari,2018-11-08 07:54:57 UTC,2019-07-18 09:43:57 UTC,casual,,https://www.inaturalist.org/observations/18242585,https://static.inaturalist.org/photos/27872570/medium.jpg,,,,1,0,false,2,"177/7, Bahadur Shah Marg Colony, Race Course Rd, Near Race Course, Neil Lines, Cantonment, Lucknow, Uttar Pradesh 226002, India",26.810834,80.9634007,23,,,,23,,,false,gps,gps,,Lucknow,Uttar Pradesh,India,Uttar Pradesh,Lucknow,common lantana,Lantana camara,common lantana,Plantae,50333
18274198,8c5ded19-b10c-49a3-b94d-3ec7abc32067,Thu Nov 08 2018 07:34:20 GMT+0530 (GMT+5:30),2018-11-08,2018-11-08 02:04:20 UTC,Chennai,1317349,swathirampur,swathi rampur,2018-11-09 01:09:37 UTC,2018-11-09 05:50:43 UTC,research,,https://www.inaturalist.org/observations/18274198,https://static.inaturalist.org/photos/27917349/medium.jpg,,,,1,0,false,3,"572103, Tumkur, Karnataka, IN",13.3400583333,77.1222528333,5,,,,5,,,false,,,,Tumkur,Karnataka,India,Karnataka,Tumkur,calabur tree,Muntingia calabura,calabur tree,Plantae,165586
18279407,c8135979-e6af-46ae-be27-5c4312bdf1df,Fri Nov 09 2018 12:00:19 GMT+0530 (GMT+5:30),2018-11-09,2018-11-09 06:30:19 UTC,Chennai,1330254,gangasingh,,2018-11-09 06:31:46 UTC,2019-11-08 00:48:35 UTC,casual,,https://www.inaturalist.org/observations/18279407,https://static.inaturalist.org/photos/27925757/medium.jpg,,,,1,0,true,3,"B5/1046/1215 Chhoti Line Road, Yamunanagar, Haryana, IN",30.1394870925,77.2966138167,32,,,,32,,,false,,,,Yamuna Nagar,Haryana,India,Haryana,Yamunanagar,Air Plant,Kalanchoe pinnata,Air Plant,Plantae,164333
18280658,9dc7fd0a-6077-42a8-8ce9-444285875557,2018-11-09 2:43:03 pm GMT+05:30,2018-11-09,2018-11-09 09:13:03 UTC,Chennai,1295010,abhijit123,,2018-11-09 09:14:04 UTC,2023-03-10 06:15:57 UTC,casual,CC-BY-NC,https://www.inaturalist.org/observations/18280658,https://inaturalist-open-data.s3.amazonaws.com/photos/27927904/medium.jpeg,,,,1,0,true,2,"Solapur, IN-MH, IN",17.467326,75.3962648,82,,,,82,,open,false,gps,gps,,Solapur,Maharashtra,India,Maharashtra,Solapur,yellow trumpet flower,Tecoma stans,yellow trumpet flower,Plantae,48363
18289508,e30763f4-3a5a-4d70-a6e4-8b42755d7023,2018-11-08 9:40:23 am GMT+05:30,2018-11-08,2018-11-08 04:10:23 UTC,Chennai,1337116,vip,VIPUL M MAHADIK,2018-11-09 19:31:52 UTC,2019-08-04 04:38:24 UTC,research,CC-BY-NC,https://www.inaturalist.org/observations/18289508,https://inaturalist-open-data.s3.amazonaws.com/photos/27942217/medium.jpeg,,,,3,0,false,2,"NH 66, Maharashtra 410221, India",18.8919487,73.1130371094,,,,,,,,false,gps,gps,,Raigarh,Maharashtra,India,Maharashtra,Raigarh,Quail Grass,Celosia argentea,Quail Grass,Plantae,160259
18289974,6e91fd06-b443-4b33-bf66-6cddcaff9a49,2018-11-08 9:56:00 am GMT+05:30,2018-11-08,2018-11-08 04:26:00 UTC,Chennai,1337116,vip,VIPUL M MAHADIK,2018-11-09 19:56:27 UTC,2019-01-10 07:30:53 UTC,research,CC-BY-NC,https://www.inaturalist.org/observations/18289974,https://inaturalist-open-data.s3.amazonaws.com/photos/27942844/medium.jpeg,,,,1,0,false,2,"NH 66, Maharashtra 410221, India",18.8916625977,73.1129379272,,,,,,,,false,gps,gps,,Raigarh,Maharashtra,India,Maharashtra,Raigarh,billygoat weed,Ageratum conyzoides,billygoat weed,Plantae,143422
18298301,22891694-787a-44f1-b114-858d172e0fb3,2018-11-10 8:35:45 am GMT+05:30,2018-11-10,2018-11-10 03:05:45 UTC,Chennai,1259421,dinesh12,Dinesh Baghel,2018-11-10 03:06:58 UTC,2019-04-20 03:01:54 UTC,research,,https://www.inaturalist.org/observations/18298301,https://static.inaturalist.org/photos/27956898/medium.jpeg,,,,2,0,false,2,"Unnamed Road, Chindwada, Chhattisgarh 494001, India",18.8895603362,81.8358745985,9,,,,9,,,false,,,,Bastar,Chhattisgarh,India,Chhattisgarh,Bastar,tropical soda-apple,Solanum viarum,tropical soda-apple,Plantae,169088
18300841,65cd8d42-061e-4473-b64d-31d8328aacae,2018-11-09 2:03:40 PM GMT+05:30,2018-11-09,2018-11-09 08:33:40 UTC,Chennai,1001007,susmitabera,Susmita Bera,2018-11-10 06:31:06 UTC,2019-08-06 19:53:41 UTC,research,,https://www.inaturalist.org/observations/18300841,https://static.inaturalist.org/photos/28032642/medium.jpeg,,,,1,0,false,2,"Pashchim Medinipur, IN-WB, IN",22.5622313,87.813764,2535,,,,2535,,,false,gps,gps,,West Midnapore,West Bengal,India,West Bengal,Pashchim Medinipur,common lantana,Lantana camara,common lantana,Plantae,50333
18301432,d7523f33-facd-4f02-8264-d5e8b1503c0e,2018-10-06 8:11:29 AM IST,2018-10-06,2018-10-06 05:11:29 UTC,Jerusalem,693313,khambeshwri,Khambeshwri Kashyap,2018-11-10 07:49:11 UTC,2022-09-07 14:59:49 UTC,research,,https://www.inaturalist.org/observations/18301432,https://static.inaturalist.org/photos/27962244/medium.jpeg,,,,2,0,false,2,"Unnamed Road, Deobhog, Chhattisgarh 493890, India",19.9375629425,82.6456756592,,,,,,,,false,gps,gps,,Gariaband,Chhattisgarh,India,Chhattisgarh,Gariaband,billygoat weed,Ageratum conyzoides,billygoat weed,Plantae,143422
18331291,d6e9e808-3cd9-4e52-b992-808d8c2ced8e,2018-11-05 9:41:54 AM GMT+05:30,2018-11-05,2018-11-05 04:11:54 UTC,Chennai,679749,swanand,swanand kesari,2018-11-11 17:42:34 UTC,2022-05-26 06:17:55 UTC,needs_id,CC-BY-NC,https://www.inaturalist.org/observations/18331291,https://inaturalist-open-data.s3.amazonaws.com/photos/28012285/medium.jpeg,,,,0,0,false,2,MTDC Bhandardara,19.553238,73.755242,220,,,,220,,open,false,,,,Ahmednagar,Maharashtra,India,Maharashtra,Ahmadnagar,skyflower,Duranta erecta,skyflower,Plantae,162153
18344972,62e5007d-8288-48a8-b55d-e34a2ede81d2,2018-11-12 9:08:46 AM IST,2018-11-12,2018-11-12 07:08:46 UTC,Jerusalem,971204,sushmabhatt,sushma bhatt,2018-11-12 03:39:58 UTC,2023-03-17 04:10:44 UTC,research,,https://www.inaturalist.org/observations/18344972,https://static.inaturalist.org/photos/28035187/medium.jpeg,,,,5,0,false,2,"Гокарна, Dandebagh, Gokarna, Karnataka 581326, India",14.5449981689,74.3171386719,,,,,,,,false,gps,gps,,Uttar Kannand,Karnataka,India,Karnataka,Uttara Kannada,Cypress Vine,Ipomoea quamoclit,Cypress Vine,Plantae,126869
18350134,82531df6-d09a-44d0-83c4-0fcbcf8e8af2,Mon Nov 12 2018 17:49:05 GMT+0530 (GMT+5:30),2018-11-12,2018-11-12 12:19:05 UTC,Chennai,1342480,surendhar,,2018-11-12 12:21:17 UTC,2020-06-11 22:06:53 UTC,research,,https://www.inaturalist.org/observations/18350134,https://static.inaturalist.org/photos/28044138/medium.jpg,,,,1,0,false,3,"600077, Chennai, Tamil Nadu, IN",13.0583189884,80.1280854478,16,,,,16,,open,false,,,,Thiruvallur,Tamil Nadu,India,Tamil Nadu,Thiruvallur,yellow trumpet flower,Tecoma stans,yellow trumpet flower,Plantae,48363
18366493,e638b20b-89a6-4e41-aa19-5bbb6a65e4f6,Tue Nov 13 2018 08:11:54 GMT+0530 (GMT+5:30),2018-11-13,2018-11-13 02:41:54 UTC,Chennai,936973,akilan,,2018-11-13 04:46:11 UTC,2023-12-19 00:41:44 UTC,research,,https://www.inaturalist.org/observations/18366493,https://static.inaturalist.org/photos/28071686/medium.jpg,,,,1,0,false,3,"19 12th Cross Road, Bengaluru, Karnataka, IN",12.9775383333,77.6844633333,10,,,,10,,open,false,,,,Bangalore,Karnataka,India,Karnataka,Bangalore,yellow trumpet flower,Tecoma stans,yellow trumpet flower,Plantae,48363
18370167,170827fa-43b4-402d-9510-a71f5916232a,Thu Nov 01 2018 17:49:57 GMT+0530 (GMT+5:30),2018-11-01,2018-11-01 12:19:57 UTC,Chennai,1317349,swathirampur,swathi rampur,2018-11-13 11:57:19 UTC,2018-11-18 16:59:10 UTC,research,,https://www.inaturalist.org/observations/18370167,https://static.inaturalist.org/photos/28077584/medium.jpg,,,,2,0,false,3,"560103, Bengaluru, Karnataka, IN",12.9310333333,77.6915133333,10,,,,10,,,false,,,,Bangalore,Karnataka,India,Karnataka,Bangalore,trailing daisy,Sphagneticola trilobata,trailing daisy,Plantae,246102
18387762,1ea9b0e9-75a2-4d47-b8b3-99709d08290a,2018-11-14 12:10:10 PM GMT+05:30,2018-11-14,2018-11-14 06:40:10 UTC,Chennai,1314916,shivanshsingh,Shivansh Singh,2018-11-14 07:00:31 UTC,2019-07-23 11:56:17 UTC,research,,https://www.inaturalist.org/observations/18387762,https://static.inaturalist.org/photos/28103434/medium.jpeg,,,,2,0,false,2,"NH45, Natwara, Madhya Pradesh 483119, India",23.1572628021,79.6412277222,,,,,,,,false,gps,gps,,Jabalpur,Madhya Pradesh,India,Madhya Pradesh,Jabalpur,castor bean,Ricinus communis,castor bean,Plantae,56739
18404771,894988bb-140a-4eaa-bcae-bb286cb0c5c9,Thu Nov 15 2018 10:29:47 GMT+0530 (GMT+5:30),2018-11-15,2018-11-15 04:59:47 UTC,Chennai,958057,kuku1090,,2018-11-15 05:03:11 UTC,2022-03-08 15:11:13 UTC,research,,https://www.inaturalist.org/observations/18404771,https://static.inaturalist.org/photos/28131691/medium.jpg,,,,1,0,false,3,"Lake Home Garden, Mumbai, Maharashtra, IN",19.1149,72.899575,65,,,,65,,open,false,,,,Greater Bombay,Maharashtra,India,Maharashtra,Mumbai Suburban,yellow trumpet flower,Tecoma stans,yellow trumpet flower,Plantae,48363
18408245,5efdbefe-b06c-407d-a9d0-7228849be6c1,2018-11-15 4:58:57 PM GMT+05:30,2018-11-15,2018-11-15 11:28:57 UTC,Chennai,1303380,aarti1,Aarti Kumari,2018-11-15 12:59:15 UTC,2018-11-16 04:40:05 UTC,research,,https://www.inaturalist.org/observations/18408245,https://static.inaturalist.org/photos/28137846/medium.jpeg,,,,1,0,false,2,"496/61Chota Chandganj Babuganj, Lucknow, Uttar Pradesh 226020, India",26.8666205,80.9348061,1020,,,,1020,,,false,,,,Lucknow,Uttar Pradesh,India,Uttar Pradesh,Lucknow,painted leaf,Euphorbia cyathophora,painted leaf,Plantae,77109
18411220,683336a4-7bc1-4faf-b5f8-a7df9bcddf21,2018-11-15 12:45:32 PM GMT+05:30,2018-11-15,2018-11-15 07:15:32 UTC,Chennai,1303380,aarti1,Aarti Kumari,2018-11-15 16:37:05 UTC,2018-11-15 19:41:29 UTC,research,,https://www.inaturalist.org/observations/18411220,https://static.inaturalist.org/photos/28142975/medium.jpeg,,,,1,0,false,2,"496/61Chota Chandganj Babuganj, Lucknow, Uttar Pradesh 226020, India",26.8666149,80.934799,1020,,,,1020,,,false,,,,Lucknow,Uttar Pradesh,India,Uttar Pradesh,Lucknow,Largeflower pink-sorrel,Oxalis debilis,Largeflower pink-sorrel,Plantae,61963
18424588,c5aee2c8-0741-4fb6-8d07-4ef387c8cd72,2018-11-15 12:02:15 PM GMT+05:30,2018-11-15,2018-11-15 06:32:15 UTC,Chennai,1303380,aarti1,Aarti Kumari,2018-11-16 07:10:59 UTC,2018-11-16 07:12:01 UTC,casual,,https://www.inaturalist.org/observations/18424588,https://static.inaturalist.org/photos/28165867/medium.jpeg,,,,0,0,true,2,"496/61Chota Chandganj Babuganj, Lucknow, Uttar Pradesh 226020, India",26.8666149,80.934799,1020,,,,1020,,,false,,,,Lucknow,Uttar Pradesh,India,Uttar Pradesh,Lucknow,water lettuce,Pistia stratiotes,water lettuce,Plantae,78589
18429503,f18293e5-0f6d-41ec-bcc5-bc7b2ba78ec4,2017/03/20 5:30 PM UTC,2017-03-20,,UTC,1348905,ajitkumar16,,2018-11-16 16:18:49 UTC,2020-09-06 17:55:36 UTC,casual,,https://www.inaturalist.org/observations/18429503,https://static.inaturalist.org/photos/28173094/medium.jpeg,,,,2,0,true,,"Mushkipur, Bihar, India",25.4092277778,86.6605305556,5,,,,5,,,false,,,,Khagaria,Bihar,India,Bihar,Khagaria,Marvel of Peru,Mirabilis jalapa,Marvel of Peru,Plantae,50616
18435901,02f6d75e-3cf0-49eb-804d-04f736bd1164,2011/05/18 7:37 AM UTC,2011-05-18,,UTC,1348905,ajitkumar16,,2018-11-16 21:38:03 UTC,2018-11-16 21:38:03 UTC,needs_id,,https://www.inaturalist.org/observations/18435901,https://static.inaturalist.org/photos/28181371/medium.jpeg,,,,0,0,false,,"Kempty, Ram Gaon, Uttarakhand, India",30.4871106072,78.0374122537,15,,,,15,,,false,,,,Tehri Garhwal,Uttaranchal,India,Uttarakhand,Tehri Garhwal,Sticky Snakeroot,Ageratina adenophora,Crofton Weed,Plantae,64114
18435907,7cd9f277-2bd6-4030-acdc-080cd12f3b95,2011/05/19 6:37 PM UTC,2011-05-19,,UTC,1348905,ajitkumar16,,2018-11-16 21:38:07 UTC,2019-08-09 15:28:46 UTC,research,,https://www.inaturalist.org/observations/18435907,https://static.inaturalist.org/photos/28181415/medium.jpeg,,,,3,0,false,,"Thandi Rd, Tallital, Nainital, Uttarakhand 263002, India",29.3800911,79.4627053,201,,,,201,,,false,,,,Naini Tal,Uttaranchal,India,Uttarakhand,Nainital,common lantana,Lantana camara,common lantana,Plantae,50333
18444418,a7d0e1d5-6d34-4167-a850-d2a357431bd1,2018-10-31 1:10:40 PM GMT+05:30,2018-10-31,2018-10-31 07:40:40 UTC,Chennai,1001007,susmitabera,Susmita Bera,2018-11-17 08:13:28 UTC,2019-08-06 19:56:32 UTC,research,,https://www.inaturalist.org/observations/18444418,https://static.inaturalist.org/photos/28198229/medium.jpeg,,,,3,0,false,2,"Haora, IN-WB, IN",22.5593354071,88.2920735702,88,,,,88,,,false,gps,gps,Kolkata and its Outskirts,Haora,West Bengal,India,West Bengal,Haora,Tridax daisy,Tridax procumbens,Tridax daisy,Plantae,169944
18448887,c0b7a843-2661-4710-9413-f4d5f506f1a9,2018-11-17 9:20:52 pm GMT+05:30,2018-11-17,2018-11-17 15:50:52 UTC,Chennai,1296821,pradeepen,,2018-11-17 15:52:03 UTC,2024-01-01 17:14:14 UTC,research,CC-BY-NC,https://www.inaturalist.org/observations/18448887,https://inaturalist-open-data.s3.amazonaws.com/photos/28205926/medium.jpeg,,,,2,0,false,2,"Unnamed Road, Kopora Dhora Gaon, Assam 785010, India",26.78193382,94.29556998,22,,,,22,,open,false,,,,Jorhat,Assam,India,Assam,Jorhat,cutleaf groundcherry,Physalis angulata,cutleaf groundcherry,Plantae,61374
18470404,400d5b49-776d-40f3-90c5-49d722f46ffb,2018-11-18 4:03:42 pm GMT+05:30,2018-11-18,2018-11-18 10:33:42 UTC,Chennai,1356626,vinod6,Vinod Dabral,2018-11-18 10:38:05 UTC,2019-07-18 09:43:47 UTC,research,,https://www.inaturalist.org/observations/18470404,https://static.inaturalist.org/photos/28242571/medium.jpeg,,,,1,0,false,2,"Tehri Garhwal, IN-UT, IN",30.3737007131,78.440380802,4,,,,4,,,false,,,,Tehri Garhwal,Uttaranchal,India,Uttarakhand,Tehri Garhwal,common lantana,Lantana camara,common lantana,Plantae,50333
18470553,8ceede43-32ce-466f-be97-f5d2caf43e7d,2018-11-15 12:16:02 pm GMT+05:30,2018-11-15,2018-11-15 06:46:02 UTC,Chennai,1357073,chitra_secretary,,2018-11-18 11:02:59 UTC,2020-03-10 07:25:29 UTC,casual,CC-BY-NC,https://www.inaturalist.org/observations/18470553,https://inaturalist-open-data.s3.amazonaws.com/photos/28242951/medium.jpeg,,,,1,0,true,2,"Shirdidham Dakkhan Road, Godadara Gam, Godadara, Surat, Gujarat 394210, India",21.1670875549,72.8773574829,,,,,,,,false,gps,gps,,Surat,Gujarat,India,Gujarat,Surat,Quail Grass,Celosia argentea,Quail Grass,Plantae,160259
18494776,d5cd09f0-1956-45fc-a118-2eb2cc3704e0,2018-11-19 3:57:00 PM GMT+05:30,2018-11-19,2018-11-19 10:27:00 UTC,Chennai,1245618,kamleshwarkashyap,Msc student,2018-11-19 10:31:04 UTC,2018-11-30 10:20:20 UTC,research,,https://www.inaturalist.org/observations/18494776,https://static.inaturalist.org/photos/28285374/medium.jpeg,,,,2,0,false,2,"Gariaband, IN-CT, IN",19.8904166667,82.6908533333,3,,,,3,,,false,,,,Gariaband,Chhattisgarh,India,Chhattisgarh,Gariaband,lion's ear,Leonotis nepetifolia,lion's ear,Plantae,141634
18495230,6d1c2751-721e-4f64-b08e-8920d594c003,2018/10/27 4:46 PM UTC,2018-10-27,,UTC,1350420,vijaykumar1,Vijay Kumar,2018-11-19 11:28:32 UTC,2018-11-30 10:14:32 UTC,research,,https://www.inaturalist.org/observations/18495230,https://static.inaturalist.org/photos/28284884/medium.jpg,,,Observations / pictures taken at duntooru.,2,0,false,,"Duntooru, Karnataka 562126, India",12.4162336,77.3328014,406,,,,406,,,false,,,,Ramanagara,Karnataka,India,Karnataka,Ramanagara,lion's ear,Leonotis nepetifolia,lion's ear,Plantae,141634
18495238,157f4550-e5f6-47b7-8dca-1a56a8f150cf,2018/10/27 4:47 PM UTC,2018-10-27,,UTC,1350420,vijaykumar1,Vijay Kumar,2018-11-19 11:28:34 UTC,2018-11-30 10:01:34 UTC,research,,https://www.inaturalist.org/observations/18495238,https://static.inaturalist.org/photos/28284900/medium.jpg,,,Observations / pictures taken at duntooru.,2,0,false,,"Duntooru, Karnataka 562126, India",12.4162336,77.3328014,406,,,,406,,,false,,,,Ramanagara,Karnataka,India,Karnataka,Ramanagara,lion's ear,Leonotis nepetifolia,lion's ear,Plantae,141634
18495240,6cf0fe4e-f552-4959-b908-facb6b7ab979,2018/10/27 4:47 PM UTC,2018-10-27,,UTC,1350420,vijaykumar1,Vijay Kumar,2018-11-19 11:28:35 UTC,2018-11-30 10:01:33 UTC,research,,https://www.inaturalist.org/observations/18495240,https://static.inaturalist.org/photos/28284905/medium.jpg,,,Observations / pictures taken at duntooru.,2,0,false,,"Duntooru, Karnataka 562126, India",12.4162336,77.3328014,406,,,,406,,,false,,,,Ramanagara,Karnataka,India,Karnataka,Ramanagara,lion's ear,Leonotis nepetifolia,lion's ear,Plantae,141634
18514523,735ad8a9-3fd9-451b-8573-adba8f0a6dff,2018-11-19 5:39:34 PM GMT+05:30,2018-11-19,2018-11-19 12:09:34 UTC,Chennai,969307,andyrz,Andrea R,2018-11-20 09:54:20 UTC,2018-12-16 23:16:13 UTC,research,CC-BY-NC,https://www.inaturalist.org/observations/18514523,https://inaturalist-open-data.s3.amazonaws.com/photos/28319415/medium.jpeg,,,,1,0,false,2,"Mar Vista Beach House Ln, Navelim, Goa 403708, India",15.2643022537,73.9187393188,,,,,,,open,false,gps,gps,,South Goa,Goa,India,Goa,South Goa,yellow trumpet flower,Tecoma stans,yellow trumpet flower,Plantae,48363
18514543,ec20a871-9cff-464a-b000-245121339399,2018-11-19 5:39:02 PM GMT+05:30,2018-11-19,2018-11-19 12:09:02 UTC,Chennai,969307,andyrz,Andrea R,2018-11-20 09:56:15 UTC,2018-11-20 18:01:58 UTC,research,CC-BY-NC,https://www.inaturalist.org/observations/18514543,https://inaturalist-open-data.s3.amazonaws.com/photos/28319437/medium.jpeg,,,,1,0,false,2,"Mar Vista Beach House Ln, Navelim, Goa 403708, India",15.2642555237,73.9191360474,,,,,,,,false,gps,gps,,South Goa,Goa,India,Goa,South Goa,Earpod Wattle,Acacia auriculiformis,Earpod Wattle,Plantae,52445
18530038,d12f04f6-a7ea-4caf-a533-d79ea94daa8e,2018-11-18,2018-11-18,,UTC,1152832,chudamanikashyap,Chudamani Kashyap,2018-11-21 03:42:15 UTC,2020-09-10 07:18:23 UTC,research,,https://www.inaturalist.org/observations/18530038,https://static.inaturalist.org/photos/28346349/medium.jpeg,,,,3,0,false,2,"SH 2, Parewapali, Odisha 493890, India",19.8902313,82.6909209,23,,,,23,,,false,,,,Gariaband,Chhattisgarh,India,Chhattisgarh,Gariaband,billygoat weed,Ageratum conyzoides,billygoat weed,Plantae,143422
18530128,8837c537-e3e0-4a52-a273-020a24225e0e,2018-11-18,2018-11-18,,UTC,1152832,chudamanikashyap,Chudamani Kashyap,2018-11-21 03:48:49 UTC,2018-11-21 03:49:27 UTC,needs_id,,https://www.inaturalist.org/observations/18530128,https://static.inaturalist.org/photos/28346446/medium.jpeg,,,,0,0,false,2,"SH 2, Parewapali, Odisha 493890, India",19.8902313,82.6909209,28,,,,28,,,false,,,,Gariaband,Chhattisgarh,India,Chhattisgarh,Gariaband,rough cocklebur,Xanthium strumarium,rough cocklebur,Plantae,57920
18531745,ce7ec792-f08c-41ed-aa33-870dbaac93d7,2018-11-21 11:12:37 AM IST,2018-11-21,2018-11-21 09:12:37 UTC,Jerusalem,1033553,selvaganesh,Selva Ganesh,2018-11-21 05:44:23 UTC,2023-07-07 03:45:53 UTC,research,CC-BY-NC,https://www.inaturalist.org/observations/18531745,https://inaturalist-open-data.s3.amazonaws.com/photos/28349256/medium.jpeg,,,,1,0,false,2,"Service Rd, Tamil Nadu 637303, India",11.4506466667,77.7717783333,7,,,,7,,,false,,,,Namakkal,Tamil Nadu,India,Tamil Nadu,Namakkal,African tulip tree,Spathodea campanulata,African tulip tree,Plantae,126566
18535666,ed936264-643e-47a2-8471-c930ef735f23,2018-11-21 12:29:49 PM GMT+05:30,2018-11-21,2018-11-21 06:59:49 UTC,Chennai,969307,andyrz,Andrea R,2018-11-21 13:48:20 UTC,2018-11-21 13:48:20 UTC,casual,CC-BY-NC,https://www.inaturalist.org/observations/18535666,,,,,0,0,true,2,"Kothamangalam, to, Aluva - Munnar Road, Oonukal, Kerala 686693, India",10.0512561798,76.7078475952,,,,,,,,false,gps,gps,,Ernakulam,Kerala,India,Kerala,Ernakulam,Heliconia psittacorum,Heliconia psittacorum,Parrot's Beak,Plantae,260753
18541281,9e18f90a-816d-4f62-a4d1-0f126c2f5561,2018-11-15 2:44:32 PM GMT+05:30,2018-11-15,2018-11-15 09:14:32 UTC,Chennai,1001007,susmitabera,Susmita Bera,2018-11-21 18:59:52 UTC,2020-05-02 14:50:19 UTC,research,,https://www.inaturalist.org/observations/18541281,https://static.inaturalist.org/photos/28364731/medium.jpeg,,,,4,0,false,2,"21/A, Gorachand Ln, Beniapukur, Kolkata, West Bengal 700014, India",22.5447366667,88.3678133333,4,,,,4,,,false,gps,gps,Kolkata and its Outskirts,Kolkata,West Bengal,India,West Bengal,Kolkata,Coffee Senna,Senna occidentalis,Coffee Senna,Plantae,168847
18551657,d7e52d9a-02c4-4ce4-9af2-f8e38fd852df,2017-09-25 09:46:35,2017-09-25,2017-09-25 19:46:35 UTC,Hawaii,11318,satishnikam,Satish Nikam,2018-11-22 05:12:11 UTC,2019-04-07 03:51:38 UTC,research,CC-BY-NC,https://www.inaturalist.org/observations/18551657,https://inaturalist-open-data.s3.amazonaws.com/photos/28382020/medium.jpg,,,,1,0,false,,Kurvande ,18.325212,73.159213,2015,,,,2015,,,false,,,,Raigarh,Maharashtra,India,Maharashtra,Raigarh,Chinese Bur,Triumfetta rhomboidea,Chinese Bur,Plantae,170044
18552196,1311eda8-cf0a-4a55-9e33-13589e78901a,2018-11-19 5:05:15 PM GMT+05:30,2018-11-19,2018-11-19 11:35:15 UTC,Chennai,1252613,vishunagesh,Vishu Nagesh,2018-11-22 05:57:29 UTC,2020-03-10 03:48:13 UTC,casual,,https://www.inaturalist.org/observations/18552196,https://static.inaturalist.org/photos/28382968/medium.jpeg,,,,1,0,true,2,"Unnamed Road, Panigaon, Chhattisgarh 493890, India",19.9234979,82.4238686,3104,,,,3104,,,false,,,,Gariaband,Chhattisgarh,India,Chhattisgarh,Gariaband,Abanico,Celosia argentea,Quail Grass,Plantae,160259
18552267,d41811ae-ddc6-4465-a6db-2347e90610db,2018-11-19 5:08:02 PM GMT+05:30,2018-11-19,2018-11-19 11:38:02 UTC,Chennai,1252613,vishunagesh,Vishu Nagesh,2018-11-22 06:02:48 UTC,2018-11-30 10:01:32 UTC,research,,https://www.inaturalist.org/observations/18552267,https://static.inaturalist.org/photos/28383099/medium.jpeg,,,,2,0,false,2,"Unnamed Road, Panigaon, Chhattisgarh 493890, India",19.9234979,82.4238686,3104,,,,3104,,,false,,,,Gariaband,Chhattisgarh,India,Chhattisgarh,Gariaband,lion's ear,Leonotis nepetifolia,lion's ear,Plantae,141634
18552364,8e8c8435-2810-44ff-9abe-51513dd6de30,2018-11-20 7:45:19 AM GMT+05:30,2018-11-20,2018-11-20 02:15:19 UTC,Chennai,1252613,vishunagesh,Vishu Nagesh,2018-11-22 06:09:00 UTC,2018-11-22 15:41:23 UTC,research,,https://www.inaturalist.org/observations/18552364,https://static.inaturalist.org/photos/28383236/medium.jpeg,,,,2,0,false,2,"Unnamed Road, Odisha 764077, India",19.8751646,82.4091134,3412,,,,3412,,,false,,,,Nabarangpur,Odisha,India,Odisha,Nabarangapur,Common purslane,Portulaca oleracea,Common Purslane,Plantae,58991
18552369,5f22f304-b54d-41e7-9666-25d4cf2a3de7,2018-11-20 7:45:32 AM GMT+05:30,2018-11-20,2018-11-20 02:15:32 UTC,Chennai,1252613,vishunagesh,Vishu Nagesh,2018-11-22 06:09:29 UTC,2019-12-19 21:02:16 UTC,needs_id,,https://www.inaturalist.org/observations/18552369,https://static.inaturalist.org/photos/28383248/medium.jpeg,,,,1,0,false,2,"Raighar-Deobhog Rd, Kurmabeda, Odisha 493890, India",19.9282435,82.4379785,2618,,,,2618,,,false,,,,Gariaband,Chhattisgarh,India,Chhattisgarh,Gariaband,Mexican tea,Dysphania ambrosioides,Mexican tea,Plantae,76746
18553511,629950d9-6ae7-4d69-b4c0-d4801c9eada1,2018-11-22 2:01:39 PM IST,2018-11-22,2018-11-22 12:01:39 UTC,Jerusalem,1196470,jageshwerverma,,2018-11-22 08:32:25 UTC,2019-08-09 07:18:05 UTC,research,CC-BY-NC,https://www.inaturalist.org/observations/18553511,https://inaturalist-open-data.s3.amazonaws.com/photos/28385118/medium.jpeg,,,,1,0,false,2,"Unnamed Road, Chhattisgarh 493229, India",21.3533694,82.07698092,7,,,,7,,,false,,,,Raipur,Chhattisgarh,India,Chhattisgarh,Raipur,scarlet creeper,Ipomoea hederifolia,scarlet creeper,Plantae,126300
18553521,472fa781-f735-4f98-9e8c-8219bd13c5b7,2018-11-22 2:04:11 PM IST,2018-11-22,2018-11-22 12:04:11 UTC,Jerusalem,1196470,jageshwerverma,,2018-11-22 08:35:05 UTC,2019-07-20 18:58:15 UTC,research,CC-BY-NC,https://www.inaturalist.org/observations/18553521,https://inaturalist-open-data.s3.amazonaws.com/photos/28385146/medium.jpeg,,,,3,0,false,2,"Unnamed Road, Chhattisgarh 493229, India",21.35333383,82.076944,4,,,,4,,,false,,,,Raipur,Chhattisgarh,India,Chhattisgarh,Raipur,lion's ear,Leonotis nepetifolia,lion's ear,Plantae,141634
18553840,8c0e91c1-cc7a-4730-b55d-56b0a53f95da,2018-11-22 2:35:06 PM GMT+05:30,2018-11-22,2018-11-22 09:05:06 UTC,Chennai,1362433,bhavesh,Bhavesh Jadav,2018-11-22 09:05:46 UTC,2018-11-30 10:01:30 UTC,research,,https://www.inaturalist.org/observations/18553840,https://static.inaturalist.org/photos/28385448/medium.jpeg,,,,2,0,false,2,"SH21, Aroormuzhy, Vettilappara, Pariyaram, Kerala 680721, India",10.29579897,76.48886499,7,,,,7,,,false,,,,Thrissur,Kerala,India,Kerala,Thrissur,lion's ear,Leonotis nepetifolia,lion's ear,Plantae,141634
18572954,e51a692e-2ed8-4704-a5ba-e220441759f4,Fri Nov 23 2018 12:30:47 GMT+0530 (GMT+5:30),2018-11-23,2018-11-23 07:00:47 UTC,Chennai,1336961,nikhi_sneha,Nikhil,2018-11-23 07:05:22 UTC,2018-11-23 13:09:47 UTC,research,,https://www.inaturalist.org/observations/18572954,https://static.inaturalist.org/photos/28417853/medium.jpg,,,,1,0,false,3,"670308, Kannur, Kerala, IN",12.0675833333,75.201095,5,,,,5,,,false,,,,Kannur,Kerala,India,Kerala,Kannur,Sensitive Plant,Mimosa pudica,Sensitive Plant,Plantae,51921
18572985,2c580aac-ab3c-428d-ac4d-ceac725226f0,Fri Nov 23 2018 12:27:34 GMT+0530 (GMT+5:30),2018-11-23,2018-11-23 06:57:34 UTC,Chennai,1336961,nikhi_sneha,Nikhil,2018-11-23 07:11:13 UTC,2018-11-23 07:20:45 UTC,needs_id,,https://www.inaturalist.org/observations/18572985,https://static.inaturalist.org/photos/28417906/medium.jpg,,,,0,0,false,3,"670308, Kannur, Kerala, IN",12.067575,75.2010116667,5,,,,5,,,false,,,,Kannur,Kerala,India,Kerala,Kannur,Santa Maria feverfew,Parthenium hysterophorus,Santa Maria feverfew,Plantae,126424
18573301,5239dc28-32bf-46ad-b8cb-629a767b8629,2018-11-23 10:20:40 AM IST,2018-11-23,2018-11-23 04:50:40 UTC,New Delhi,607425,shreechile,Shree Chile,2018-11-23 07:56:21 UTC,2022-09-12 15:38:11 UTC,needs_id,CC-BY-NC,https://www.inaturalist.org/observations/18573301,https://inaturalist-open-data.s3.amazonaws.com/photos/28418578/medium.jpeg,,,,0,0,false,2,Barshiv,18.47622,72.907667,480,,,,480,,,false,,,,Raigarh,Maharashtra,India,Maharashtra,Raigarh,Gomphrena Weed,Gomphrena serrata,Gomphrena Weed,Plantae,130869
18573642,8d9acaea-5246-49d6-b0c1-a7a1f18d9222,2018-11-22 8:56:36 AM IST,2018-11-22,2018-11-22 03:26:36 UTC,New Delhi,607425,shreechile,Shree Chile,2018-11-23 08:38:42 UTC,2022-09-24 10:09:34 UTC,research,CC-BY-NC,https://www.inaturalist.org/observations/18573642,https://inaturalist-open-data.s3.amazonaws.com/photos/28419247/medium.jpeg,,,,1,0,false,2,V.G.Vaze,19.162883,72.957602,,,,,,,,false,,,,Greater Bombay,Maharashtra,India,Maharashtra,Mumbai Suburban,Tridax daisy,Tridax procumbens,Tridax daisy,Plantae,169944
18611553,096df605-273a-43e1-8d7f-e211a3761284,2018-10-31 1:25:51 PM GMT+05:30,2018-10-31,2018-10-31 07:55:51 UTC,Chennai,1001007,susmitabera,Susmita Bera,2018-11-25 01:11:51 UTC,2019-04-06 19:58:40 UTC,research,,https://www.inaturalist.org/observations/18611553,https://static.inaturalist.org/photos/28493541/medium.jpeg,,,,2,0,false,2,"Haora, IN-WB, IN",22.5590350738,88.2923109457,349,,,,349,,,false,gps,gps,Kolkata and its Outskirts,Haora,West Bengal,India,West Bengal,Haora,Coral Bells,Antigonon leptopus,Coral Vine,Plantae,48380
18614322,4d96101e-cc6d-4233-be58-3c3934b60ad9,2018-11-21 11:24:07 AM GMT+05:30,2018-11-21,2018-11-21 05:54:07 UTC,Chennai,1314916,shivanshsingh,Shivansh Singh,2018-11-25 03:28:07 UTC,2020-02-03 22:46:25 UTC,casual,,https://www.inaturalist.org/observations/18614322,https://static.inaturalist.org/photos/28489630/medium.jpeg,,,,0,0,true,2,"Opp. Shivalik Greens, bh. Shell Petrol Pump, off Iscon Ambli Road, Ahmedabad, Gujarat 380058, India",23.0303115845,72.4833297729,,,,,,,open,false,gps,gps,,Ahmadabad,Gujarat,India,Gujarat,Ahmadabad,reed canary grass,Phalaris arundinacea,reed canary grass,Plantae,63337
18624332,a6af45b3-26b3-4c63-92ed-8b8fd4110059,2018-11-23,2018-11-23,,UTC,1152832,chudamanikashyap,Chudamani Kashyap,2018-11-25 15:24:17 UTC,2024-05-25 10:59:36 UTC,research,,https://www.inaturalist.org/observations/18624332,https://static.inaturalist.org/photos/28505469/medium.jpeg,,,,2,0,false,2,"SH 2, Parewapali, Odisha 493890, India",19.8902313,82.6909209,64,,,,64,,open,false,,,,Gariaband,Chhattisgarh,India,Chhattisgarh,Gariaband,false daisy,Eclipta prostrata,false daisy,Plantae,76765
18650751,23d3d464-9dd6-4626-b8eb-33ce12a286eb,2018-11-26 7:59:59 pm GMT+05:30,2018-11-26,2018-11-26 14:29:59 UTC,Chennai,8826,chiefredearth,Chief RedEarth,2018-11-26 14:35:21 UTC,2018-11-29 15:06:31 UTC,research,CC-BY-NC-ND,https://www.inaturalist.org/observations/18650751,https://inaturalist-open-data.s3.amazonaws.com/photos/28550149/medium.jpeg,,,,1,0,false,2,"Unnamed Road, Singuni, Uttarakhand 249151, India",30.6630088,78.3714122,20,,,,20,,,false,,,,Uttarkashi,Uttaranchal,India,Uttarakhand,Uttarkashi,Lagascea mollis,Lagascea mollis,Silkleaf,Plantae,164414
18653955,f002a330-1012-4602-830e-27541198a94d,2018-11-25 9:59:47 AM GMT+05:30,2018-11-25,2018-11-25 04:29:47 UTC,Chennai,1314916,shivanshsingh,Shivansh Singh,2018-11-26 17:37:02 UTC,2018-11-27 00:16:44 UTC,research,,https://www.inaturalist.org/observations/18653955,https://static.inaturalist.org/photos/28555354/medium.jpeg,,,,1,0,false,2,"Unnamed Road, Gujarat 382210, India",22.9638633728,72.426109314,,,,,,,,false,gps,gps,,Ahmadabad,Gujarat,India,Gujarat,Ahmadabad,trailing daisy,Sphagneticola trilobata,trailing daisy,Plantae,246102
18711702,7bb74d7f-cece-47ab-afa4-e0a78d5878aa,Thu Nov 29 2018 15:20:22 GMT+0530 (GMT+5:30),2018-11-29,2018-11-29 09:50:22 UTC,Chennai,1350746,boozersingh,,2018-11-29 09:50:26 UTC,2020-03-10 03:09:43 UTC,research,,https://www.inaturalist.org/observations/18711702,https://static.inaturalist.org/photos/28651290/medium.jpg,,,,2,0,false,3,"173205, Solan, Himachal Pradesh, IN",30.9517300186,76.7764741469,24,,,,24,,,false,,,,Solan,Himachal Pradesh,India,Himachal Pradesh,Solan,Quail Grass,Celosia argentea,Quail Grass,Plantae,160259
18715986,65f3948a-c10d-4642-bcf4-4d160d84ec62,2018/11/05 7:33 AM IST,2018-11-05,2018-11-05 05:33:00 UTC,Jerusalem,346436,rajibmaulick,Rajib Maulick,2018-11-29 16:45:10 UTC,2019-07-23 13:54:08 UTC,research,,https://www.inaturalist.org/observations/18715986,https://static.inaturalist.org/photos/28658587/medium.jpeg,,,"Lion's Ear, Annual lion's ear, Christmas candlestick, Bada Guma, Bhootbhairab, Khejurchari, Madhuchusi, Leonotis nepetifolia, Plantae, Angiosperms, Eudicots, Asterids, Lamiales, Lamiaceae, Leonotis, Durgapur, West Barddhaman, West Bengal, India, 05/11/18",2,0,false,,"Bardhaman, West Bengal, India",23.588695,87.33462,,,,,,,,false,,,,Barddhaman,West Bengal,India,West Bengal,Barddhaman,lion's ear,Leonotis nepetifolia,lion's ear,Plantae,141634
18730526,e95d2045-055f-4137-b1ce-2d31551cccde,2018-11-30 12:58:31 pm GMT+05:30,2018-11-30,2018-11-30 07:28:31 UTC,Chennai,951127,aniruddha_singhamahapatra,Aniruddha Singhamahapatra,2018-11-30 07:31:42 UTC,2019-07-23 11:10:35 UTC,research,CC-BY-NC,https://www.inaturalist.org/observations/18730526,https://static.inaturalist.org/photos/28680081/medium.jpeg,,,,1,0,false,2,"Unnamed Road, Kadma, West Bengal 722151, India",22.9888877869,87.0067825317,,,,,,,,false,gps,gps,,Bankura,West Bengal,India,West Bengal,Bankura,billygoat weed,Ageratum conyzoides,billygoat weed,Plantae,143422
18737093,c2fa8a16-06e5-44b8-8b16-23daac1136cb,2018/11/05 8:24 AM IST,2018-11-05,2018-11-05 06:24:00 UTC,Jerusalem,346436,rajibmaulick,Rajib Maulick,2018-11-30 17:24:52 UTC,2021-09-24 18:31:24 UTC,research,,https://www.inaturalist.org/observations/18737093,https://static.inaturalist.org/photos/28690560/medium.jpeg,,"Climbing Hempweed, American rope, Bittervine, Assamilata, Taralata, Mikania micrantha, Plantae, Angiosperms, Eudicots, Asterids, Asterales, Asteraceae, Eupatorieae, Mikania, Durgapur","Climbing Hempweed, American rope, Bittervine, Assamilata, Taralata, Mikania micrantha, Plantae, Angiosperms, Eudicots, Asterids, Asterales, Asteraceae, Eupatorieae, Mikania, Durgapur, Barddhaman, West Bengal, India, 05/11/18",1,0,false,,"Bardhaman, West Bengal, India",23.5894433333,87.334875,,,,,,,,false,,,,Barddhaman,West Bengal,India,West Bengal,Barddhaman,mile-a-minute,Mikania micrantha,mile-a-minute,Plantae,165389
18742394,a153afd9-e193-4739-a522-a0653328c41c,2012-10-12 8:31:36 AM GMT+05:30,2012-10-12,2012-10-12 03:01:36 UTC,Chennai,135656,mayuresh_kulkarni,Mayuresh Kulkarni,2018-11-30 22:06:14 UTC,2018-12-01 12:45:33 UTC,research,CC-BY-NC,https://www.inaturalist.org/observations/18742394,https://inaturalist-open-data.s3.amazonaws.com/photos/28699037/medium.jpeg,,,,1,0,false,2,"Mari Aai Mandir Marg, Shivare, Maharashtra 412205, India",18.3189357109,73.8764245436,698,,,,698,,,false,gps,gps,,Pune,Maharashtra,India,Maharashtra,Pune,scarlet creeper,Ipomoea hederifolia,scarlet creeper,Plantae,126300
18745018,c7eab297-f279-4979-922d-6e620780640b,2018-11-27 1:59:47 PM IST,2018-11-27,2018-11-27 11:59:47 UTC,Jerusalem,824489,shyamprasad,Shyam Prasad,2018-12-01 00:42:23 UTC,2019-10-06 09:33:53 UTC,research,,https://www.inaturalist.org/observations/18745018,https://static.inaturalist.org/photos/28703416/medium.jpeg,,,,1,0,false,2,"33, Malleshwaram, Bengaluru, Karnataka 560003, India",13.0010374488,77.5707557425,17,,,,17,,,false,gps,gps,,Bangalore,Karnataka,India,Karnataka,Bangalore,African tulip tree,Spathodea campanulata,African tulip tree,Plantae,126566
18749879,f81de74c-0239-4f31-86d5-ea22ade423bd,2018-12-01 11:00:04 am GMT+05:30,2018-12-01,2018-12-01 05:30:04 UTC,Chennai,862610,hareeshaas,Hareesha A S,2018-12-01 05:30:57 UTC,2020-09-30 16:32:09 UTC,needs_id,CC-BY-NC,https://www.inaturalist.org/observations/18749879,https://inaturalist-open-data.s3.amazonaws.com/photos/28711859/medium.jpeg,,,,1,0,false,2,"6th Cross Rd, Rajiv Gandhi Nagar, Kodigehalli, Bengaluru, Karnataka 560065, India",13.07318465,77.58218605,3,,,,3,,,false,,,,Bangalore,Karnataka,India,Karnataka,Bangalore,legumes,Leucaena leucocephala,White leadtree,Plantae,47447
18766531,59ee6dc7-4b77-4821-8151-6a7afde9d5fd,Sat Dec 01 2018 17:24:03 GMT+0530 (GMT+5:30),2018-12-01,2018-12-01 11:54:03 UTC,Chennai,735346,aeyre,,2018-12-02 01:06:30 UTC,2019-07-18 09:43:45 UTC,research,,https://www.inaturalist.org/observations/18766531,https://static.inaturalist.org/photos/28739539/medium.jpg,,,,1,0,false,3,"Rajmalai National Park, Idukki, Kerala, IN",10.0518274266,77.0576431329,65,,,,65,,,false,,,,Idukki,Kerala,India,Kerala,Idukki,common lantana,Lantana camara,common lantana,Plantae,50333
18774462,10eb84a5-af31-4239-af3f-7f6a2e020f49,2018-12-02 5:20:56 PM IST,2018-12-02,2018-12-02 15:20:56 UTC,Jerusalem,1375804,ravinder3,Ravinder Sharma,2018-12-02 11:52:26 UTC,2018-12-03 08:05:21 UTC,research,,https://www.inaturalist.org/observations/18774462,https://static.inaturalist.org/photos/28753138/medium.jpeg,,,,2,0,false,2,"Haryana 127310, India",28.52627062,76.08624192,8,,,,8,,,false,,,,Bhiwani,Haryana,India,Haryana,Bhiwani,Marvel of Peru,Mirabilis jalapa,Marvel of Peru,Plantae,50616
18777884,3f1dd91e-e86c-4d78-ac5b-3b7474336217,2018-09-23 10:41:57 am GMT+05:30,2018-09-23,2018-09-23 05:11:57 UTC,Chennai,951127,aniruddha_singhamahapatra,Aniruddha Singhamahapatra,2018-12-02 16:13:50 UTC,2021-08-22 01:46:54 UTC,research,CC-BY-NC,https://www.inaturalist.org/observations/18777884,https://static.inaturalist.org/photos/28759103/medium.jpeg,,,,1,0,false,2,"Papum Pare, IN-AR, IN",27.3467427597,93.8330396265,263,,,,263,,,false,gps,gps,,Papum Pare,Arunachal Pradesh,India,Arunachal Pradesh,Papum Pare,redflower ragleaf,Crassocephalum crepidioides,redflower ragleaf,Plantae,160957
18796632,85d2a375-a45a-4b9e-a1a3-9afa9a02c093,,,,UTC,1201915,andreicornel,Andrei Cornel,2018-12-03 07:40:46 UTC,2018-12-03 07:40:51 UTC,casual,,https://www.inaturalist.org/observations/18796632,https://static.inaturalist.org/photos/28790966/medium.jpg,,,,0,0,false,2,"Shram Shakti Bhawan, Rafi Marg, New Delhi, Delhi 110001, India",28.618850216,77.2111690789,89230,,,,89230,,,false,gps,gps,,West,NCT of Delhi,India,NCT of Delhi,West,Ruby Leaf,Alternanthera brasiliana,Ruby Leaf,Plantae,158226
18820299,2a7f7e16-7529-42ef-969c-fa58f2c4a5dc,2018-11-29 9:01:40 p.m. GMT+05:30,2018-11-29,2018-11-29 15:31:40 UTC,Chennai,1378481,divya-marwah,Divya,2018-12-04 08:23:15 UTC,2020-11-01 20:30:31 UTC,casual,CC-BY-NC,https://www.inaturalist.org/observations/18820299,,,,,1,0,false,2,"Ridge Sanjauli Rd, Lakkar Bazar, Shimla, Himachal Pradesh 171006, India",31.1066883333,77.1803,11,,,,11,,,false,,,,Shimla,Himachal Pradesh,India,Himachal Pradesh,Shimla,devil's trumpets,Datura stramonium,jimsonweed,Plantae,55854
18820802,0cca90e2-7a69-448c-bc8b-27360e36ecd2,2018-12-04 3:18:33 PM GMT+05:30,2018-12-04,2018-12-04 09:48:33 UTC,Chennai,1370149,rudreshto,Rudresh T O,2018-12-04 09:50:06 UTC,2018-12-04 09:50:27 UTC,needs_id,,https://www.inaturalist.org/observations/18820802,https://static.inaturalist.org/photos/28828994/medium.jpeg,,,,0,0,false,2,"NH 48, Hanumanamatti, Karnataka 581115, India",14.6668098,75.5566002,3500,,,,3500,,,false,,,,Haveri,Karnataka,India,Karnataka,Haveri,horseweed,Erigeron canadensis,horseweed,Plantae,76907
18841894,b700ff85-4503-4792-8e13-f5195335b183,2018-12-05 1:21:36 PM IST,2018-12-05,2018-12-05 11:21:36 UTC,Jerusalem,1325127,rajeshbot,,2018-12-05 13:19:34 UTC,2019-04-27 08:31:29 UTC,research,CC-BY-NC,https://www.inaturalist.org/observations/18841894,https://inaturalist-open-data.s3.amazonaws.com/photos/28863788/medium.jpeg,,,,2,0,false,2,"Public Works Department Office Building, Karmaveer Bhaurao Patil Marg, Mantralaya, Fort, Mumbai, Maharashtra 400032, India",18.9326763153,72.8302001953,,,,,,,,false,gps,gps,,Greater Bombay,Maharashtra,India,Maharashtra,Mumbai City,asthma plant,Euphorbia hirta,Asthma plant,Plantae,131560
18877011,013831da-7bb5-4fec-ae3d-fa7a7db0adf3,2018-12-07 3:57:43 pm GMT+05:30,2018-12-07,2018-12-07 10:27:43 UTC,Chennai,951127,aniruddha_singhamahapatra,Aniruddha Singhamahapatra,2018-12-07 12:25:19 UTC,2020-07-27 17:23:13 UTC,research,CC-BY-NC,https://www.inaturalist.org/observations/18877011,https://static.inaturalist.org/photos/28924820/medium.jpeg,,,,2,0,false,2,"Purbasthali Migratory Bird Watching Boat Point, Horse Shoe Lake, West Bengal, India",23.4616260529,88.3509902954,,,,,,,,false,gps,gps,,Barddhaman,West Bengal,India,West Bengal,Barddhaman,common water hyacinth,Pontederia crassipes,common water hyacinth,Plantae,962637
18894465,06a7a0f5-ccfd-44d2-9810-8dd43428a2ed,Sun Nov 25 2018 09:59:33 GMT+0530 (GMT+5:30),2018-11-25,2018-11-25 04:29:33 UTC,Chennai,936973,akilan,,2018-12-08 12:47:00 UTC,2019-08-20 10:34:25 UTC,research,,https://www.inaturalist.org/observations/18894465,https://static.inaturalist.org/photos/29408920/medium.jpg,,,,1,0,false,3,"560037, Bengaluru, Karnataka, IN",12.979045,77.6868833333,5,,,,5,,,false,,,,Bangalore,Karnataka,India,Karnataka,Bangalore,scarlet creeper,Ipomoea hederifolia,scarlet creeper,Plantae,126300
18895298,347eeb68-fe41-4134-a8fe-ee7736224236,Tue Feb 06 2018 01:15:54 GMT-0500 (EST),2018-02-06,2018-02-06 06:15:54 UTC,Eastern Time (US & Canada),1382929,wcm_botany,,2018-12-08 14:08:47 UTC,2019-07-23 11:56:18 UTC,research,,https://www.inaturalist.org/observations/18895298,https://static.inaturalist.org/photos/28957372/medium.jpg,,,,2,0,false,3,"Rajmalai National Park, Idukki, Kerala, IN",9.978945,77.2080833333,6,,,,6,,,false,,,,Idukki,Kerala,India,Kerala,Idukki,castor bean,Ricinus communis,castor bean,Plantae,56739
18951636,ce3b87cc-fa16-420a-aa12-c0d6ff045fff,Tue Feb 06 2018 07:08:09 GMT-0500 (EST),2018-02-06,2018-02-06 12:08:09 UTC,Eastern Time (US & Canada),1382929,wcm_botany,,2018-12-11 02:08:36 UTC,2021-09-01 15:29:35 UTC,research,,https://www.inaturalist.org/observations/18951636,https://static.inaturalist.org/photos/29054663/medium.jpg,,,,1,0,false,3,"Rajmalai National Park, Idukki, Kerala, IN",10.0319555,77.0456611667,8,,,,8,,,false,,,,Idukki,Kerala,India,Kerala,Idukki,Turkey Berry,Solanum torvum,Turkey Berry,Plantae,63694
18955377,f86d40d4-31c8-4116-98d2-b7cf135bf650,2018-12-11 12:43:49 pm GMT+05:30,2018-12-11,2018-12-11 07:13:49 UTC,Chennai,951127,aniruddha_singhamahapatra,Aniruddha Singhamahapatra,2018-12-11 07:16:29 UTC,2019-07-23 11:56:20 UTC,research,CC-BY-NC,https://www.inaturalist.org/observations/18955377,https://static.inaturalist.org/photos/29061771/medium.jpeg,,,,2,0,false,2,"Gopinathpur Road, Gopinathpur, Sagarbhanga, Durgapur, West Bengal 713219, India",23.4971790314,87.3382492065,,,,,,,,false,gps,gps,,Barddhaman,West Bengal,India,West Bengal,Barddhaman,castor bean,Ricinus communis,castor bean,Plantae,56739
18955928,0dbcf216-508e-41b7-84fa-093aa395db84,2018-12-11 1:58:29 pm GMT+05:30,2018-12-11,2018-12-11 08:28:29 UTC,Chennai,1387089,arpitsinhvaghela,Arpitsinh Vaghela,2018-12-11 08:28:57 UTC,2019-02-11 11:23:53 UTC,research,,https://www.inaturalist.org/observations/18955928,https://static.inaturalist.org/photos/29062634/medium.jpeg,,,,2,0,false,2,"MG Science College Road, University Area, Ahmedabad, Gujarat 380009, India",23.03731457,72.55214211,6,,,,6,,,false,,,,Ahmadabad,Gujarat,India,Gujarat,Ahmadabad,trailing daisy,Sphagneticola trilobata,trailing daisy,Plantae,246102
18956648,a24ab686-d9e1-427e-a66d-930083bc4c33,2018-12-11 2:41:52 PM IST,2018-12-11,2018-12-11 12:41:52 UTC,Jerusalem,1387072,pankti1,Pankti Shah,2018-12-11 09:35:33 UTC,2018-12-12 04:34:40 UTC,casual,,https://www.inaturalist.org/observations/18956648,https://static.inaturalist.org/photos/29063707/medium.jpeg,,,,0,0,true,2,"University Rd, University Area, Ahmedabad, Gujarat 380009, India",23.0377159119,72.5518112183,,,,,,,,false,gps,gps,,Ahmadabad,Gujarat,India,Gujarat,Ahmadabad,Santa Maria feverfew,Parthenium hysterophorus,Santa Maria feverfew,Plantae,126424
18956745,de5cf440-435e-41c5-9b12-2dccc771e4d3,2018-12-11 2:44:49 PM GMT+05:30,2018-12-11,2018-12-11 09:14:49 UTC,Chennai,1387075,dhyanadave,,2018-12-11 09:43:45 UTC,2019-02-11 02:21:58 UTC,research,,https://www.inaturalist.org/observations/18956745,https://static.inaturalist.org/photos/29064000/medium.jpeg,,,,2,0,false,2,"MG Science College Road, University Area, Ahmedabad, Gujarat 380009, India",23.0373439789,72.5520553589,,,,,,,,false,gps,gps,,Ahmadabad,Gujarat,India,Gujarat,Ahmadabad,trailing daisy,Sphagneticola trilobata,trailing daisy,Plantae,246102
18956907,1bff7623-d36e-48b2-9924-ba6e0deafda0,2018-12-11 3:33:24 PM GMT+05:30,2018-12-11,2018-12-11 10:03:24 UTC,Chennai,1380035,nupurrrrrrrrrr,,2018-12-11 10:03:56 UTC,2019-01-02 07:31:15 UTC,needs_id,CC-BY-NC,https://www.inaturalist.org/observations/18956907,https://inaturalist-open-data.s3.amazonaws.com/photos/29064491/medium.jpeg,,,,0,0,false,2,"Shastri Maidan Walkway, Mota Bazaar, Vallabh Vidyanagar, Anand, Gujarat 388120, India",22.55150592,72.92509257,4,,,,4,,,false,,,,Anand,Gujarat,India,Gujarat,Anand,,Centratherum punctatum,Brazilian bachelor's button,Plantae,160297
